newid,age,sex,grade,peer_ecig_susceptibility,household_tobacco_use,perceived_harm_original,perceived_harm_binary,ever_used_ecig
103102,4,2,2,4,0,3,1,0
103103,5,2,2,2,1,1,0,0
103104,4,1,2,4,0,4,1,0
103105,5,1,2,3,0,2,0,0
103107,3,1,1,3,0,4,1,0
103108,6,2,4,NULL,1,4,1,1
103109,8,1,5,4,0,4,1,0
103110,10,2,7,4,0,4,1,0
103111,5,1,2,NULL,0,2,0,1
103112,4,2,2,4,0,4,1,0
103114,6,2,4,3,0,4,1,0
103115,8,1,4,4,0,4,1,0
103117,3,1,1,4,0,3,1,0
103119,4,1,1,4,0,3,1,0
103120,9,2,6,NULL,0,2,0,1
103122,4,2,2,4,0,4,1,0
103123,5,2,2,4,1,3,1,0
103126,6,1,4,NULL,0,3,1,1
103128,7,1,5,3,0,3,1,0
103129,7,2,5,3,0,4,1,0
103130,9,1,5,3,0,3,1,0
103131,8,2,5,4,0,1,0,0
103132,7,2,5,2,1,2,0,0
103133,4,2,2,3,0,3,1,0
103134,3,1,1,4,1,3,1,0
103136,6,1,3,4,0,3,1,0
103138,5,2,3,4,0,4,1,0
103139,6,1,3,4,0,4,1,0
103140,7,1,4,4,0,4,1,0
103141,9,1,6,4,0,4,1,0
103142,3,1,1,4,1,4,1,0
103143,8,1,5,NULL,1,3,1,1
103144,7,2,4,4,0,3,1,0
103147,4,2,1,3,0,3,1,0
103148,4,1,1,4,0,4,1,0
103149,6,1,4,4,0,3,1,0
103151,9,1,7,NULL,0,3,1,1
103154,4,2,1,4,1,4,1,0
103155,7,1,5,NULL,0,2,0,1
103156,7,2,5,4,0,3,1,0
103158,7,2,4,4,1,4,1,0
103161,5,2,1,4,0,4,1,0
103163,5,2,3,4,1,3,1,0
103164,9,2,6,NULL,1,4,1,1
103165,8,2,6,NULL,1,3,1,1
103166,3,2,1,4,1,2,0,0
103168,5,2,2,2,0,3,1,0
103169,5,2,2,4,0,4,1,0
103170,3,2,1,3,1,3,1,0
103171,4,2,2,4,0,1,0,0
103172,7,2,4,4,0,4,1,0
103173,9,1,6,4,0,4,1,0
103174,9,2,7,4,0,3,1,0
103175,5,1,1,3,0,1,0,0
103176,5,1,2,3,0,2,0,0
103177,7,1,5,3,1,2,0,0
103178,7,1,4,4,1,3,1,0
103179,7,2,4,4,0,3,1,0
103181,7,1,4,3,0,2,0,0
103183,7,1,4,2,1,2,0,0
103184,6,2,4,4,1,4,1,0
103185,6,1,4,2,0,3,1,0
103186,7,2,4,2,0,4,1,0
103187,7,1,4,3,0,2,0,0
103188,7,1,4,NULL,1,1,0,1
103189,6,1,4,4,1,3,1,0
103190,9,1,5,3,0,3,1,0
103191,7,1,5,NULL,0,3,1,1
103192,7,1,5,4,0,4,1,0
103193,8,1,5,NULL,1,2,0,1
103194,6,2,4,3,0,3,1,0
103195,7,1,5,4,0,3,1,0
103196,7,1,5,4,1,3,1,0
103197,7,1,5,4,0,4,1,0
103198,6,2,5,4,0,3,1,0
103199,7,2,4,4,0,3,1,0
103200,7,1,5,4,0,4,1,0
103202,8,1,5,4,0,3,1,0
103203,6,2,4,3,1,3,1,0
103205,7,2,5,2,0,2,0,0
103206,8,1,5,3,0,1,0,0
103207,8,1,5,4,0,4,1,0
103208,6,2,4,4,0,3,1,0
103209,8,1,5,3,0,1,0,0
103210,6,1,4,NULL,0,3,1,1
103212,7,2,4,4,0,4,1,0
103213,6,2,4,NULL,0,4,1,1
103214,6,1,4,NULL,0,2,0,1
103215,8,2,6,4,0,3,1,0
103216,8,2,6,3,1,3,1,0
103217,8,1,6,3,0,2,0,0
103218,9,1,6,4,0,4,1,0
103219,8,2,6,4,1,4,1,0
103221,8,1,6,NULL,0,3,1,1
103222,9,2,6,NULL,0,2,0,1
103223,8,2,6,4,1,4,1,0
103224,9,1,6,3,1,2,0,0
103226,9,1,6,NULL,0,3,1,1
103227,9,2,7,2,0,2,0,0
103228,7,2,4,NULL,1,3,1,1
103229,7,1,4,4,0,4,1,0
103230,7,1,5,3,1,4,1,0
103231,8,1,6,4,1,4,1,0
103232,8,2,5,4,0,4,1,0
103233,8,1,6,3,1,4,1,0
103234,9,2,7,NULL,0,4,1,1
103235,10,2,7,NULL,0,4,1,1
103237,9,1,7,NULL,1,2,0,1
103240,7,2,6,4,0,4,1,0
103242,6,2,4,4,0,4,1,0
103244,8,2,5,4,0,3,1,0
103246,9,1,6,4,0,2,0,0
103247,10,2,7,4,0,4,1,0
103248,5,1,3,3,0,3,1,0
103249,5,1,2,3,1,4,1,0
103253,7,2,4,4,1,2,0,0
103254,6,1,4,3,0,3,1,0
103255,9,2,6,4,0,4,1,0
103256,10,1,7,NULL,0,3,1,1
103257,4,1,1,4,0,4,1,0
103258,5,1,2,4,0,4,1,0
103259,4,1,2,4,0,4,1,0
103260,4,1,2,4,0,3,1,0
103261,4,1,2,4,1,4,1,0
103263,6,2,3,3,1,3,1,0
103264,8,2,5,4,0,3,1,0
103266,6,2,4,3,0,3,1,0
103268,7,1,4,4,0,4,1,0
103269,10,1,7,3,0,3,1,0
103270,9,2,7,NULL,1,2,0,1
103271,7,2,4,NULL,1,2,0,1
103272,7,1,4,4,1,3,1,0
103273,1,1,5,NULL,0,2,0,1
103274,6,1,4,4,1,4,1,0
103275,7,1,5,4,0,4,1,0
103276,7,1,5,4,1,3,1,0
103278,7,1,5,4,0,3,1,0
103279,8,2,6,4,0,4,1,0
103281,10,2,7,4,0,4,1,0
103282,10,1,7,NULL,1,2,0,1
103283,9,1,7,4,1,3,1,0
103284,7,1,4,2,0,4,1,0
103285,8,1,4,NULL,1,4,1,1
103286,5,1,2,2,0,3,1,0
103287,6,1,3,4,0,3,1,0
103290,6,2,3,3,0,4,1,0
103291,5,1,3,NULL,0,4,1,1
103292,9,1,6,NULL,0,3,1,1
103293,8,1,6,1,1,4,1,0
103295,10,2,7,3,1,4,1,0
103296,10,2,7,NULL,0,3,1,1
103301,5,1,2,4,0,2,0,0
103304,3,2,1,NULL,1,4,1,1
103305,3,2,1,4,1,3,1,0
103306,3,2,1,NULL,1,3,1,1
103308,4,2,1,4,0,3,1,0
103309,3,2,1,3,0,3,1,0
103310,3,2,1,3,0,4,1,0
103311,4,2,1,4,1,4,1,0
103312,3,2,1,4,0,4,1,0
103314,4,2,1,3,1,4,1,0
103315,4,2,1,3,1,4,1,0
103317,3,1,1,4,0,3,1,0
103318,4,2,1,4,0,4,1,0
103321,5,2,3,3,0,3,1,0
103322,5,2,3,4,0,4,1,0
103323,5,2,3,4,1,3,1,0
103324,6,1,3,4,0,4,1,0
103325,5,2,3,4,1,4,1,0
103326,6,2,3,3,0,3,1,0
103327,6,2,3,4,1,1,0,0
103328,6,2,3,2,0,3,1,0
103329,5,1,3,4,0,3,1,0
103330,6,2,3,3,0,3,1,0
103331,6,2,3,4,0,4,1,0
103332,6,2,3,3,0,3,1,0
103333,5,1,3,NULL,0,2,0,1
103334,5,2,3,4,1,4,1,0
103335,5,1,3,4,0,3,1,0
103336,6,1,3,4,0,4,1,0
103337,5,1,3,4,0,3,1,0
103338,6,2,3,4,0,3,1,0
103339,6,2,3,4,0,1,0,0
103340,6,1,3,4,0,3,1,0
103341,6,1,3,NULL,0,3,1,1
103342,6,2,3,3,1,3,1,0
103343,5,2,3,4,0,3,1,0
103345,9,1,6,4,0,3,1,0
103346,7,2,5,3,0,3,1,0
103347,8,2,5,NULL,0,3,1,1
103348,10,1,7,NULL,0,4,1,1
103349,8,2,5,4,0,4,1,0
103350,10,1,7,NULL,1,4,1,1
103351,5,2,2,4,1,3,1,0
103352,4,2,2,4,1,2,0,0
103353,5,2,3,4,1,4,1,0
103355,5,1,3,3,0,3,1,0
103357,3,2,1,4,0,4,1,0
103358,4,1,1,4,0,4,1,0
103359,4,2,1,3,0,3,1,0
103361,5,2,2,NULL,1,2,0,1
103362,5,1,2,4,0,4,1,0
103363,7,2,5,4,0,4,1,0
103364,7,2,4,3,0,3,1,0
103365,7,1,4,2,0,4,1,0
103366,7,2,4,4,1,3,1,0
103367,4,2,1,3,1,4,1,0
103368,5,1,2,NULL,0,4,1,1
103371,7,1,3,3,1,4,1,0
103373,6,2,4,NULL,1,2,0,1
103374,6,1,4,NULL,1,3,1,1
103376,7,2,4,4,0,4,1,0
103377,8,2,5,4,0,3,1,0
103378,6,1,4,4,0,4,1,0
103379,7,1,4,4,1,3,1,0
103380,9,1,6,NULL,0,3,1,1
103381,8,1,5,NULL,0,3,1,1
103382,4,2,2,4,1,3,1,0
103383,4,2,1,4,0,2,0,0
103384,5,2,2,NULL,0,3,1,1
103385,3,2,1,3,1,2,0,0
103387,9,2,7,NULL,1,4,1,1
103388,4,1,2,4,1,3,1,0
103389,5,1,2,4,1,2,0,0
103390,6,2,3,2,1,2,0,0
103391,8,2,5,NULL,1,1,0,1
103392,10,1,7,4,0,3,1,0
103393,5,2,2,3,0,4,1,0
103395,9,2,4,3,1,1,0,0
103396,7,1,4,4,0,3,1,0
103397,7,2,4,4,0,4,1,0
103398,6,2,4,2,1,2,0,0
103399,6,1,4,3,0,3,1,0
103400,6,1,4,NULL,1,4,1,1
103401,6,2,4,4,0,3,1,0
103402,6,1,4,4,0,3,1,0
103403,9,2,6,4,0,4,1,0
103405,10,2,7,4,0,2,0,0
103407,5,1,2,3,0,4,1,0
103408,7,2,4,3,0,4,1,0
103410,3,1,1,4,0,3,1,0
103411,4,2,1,4,1,3,1,0
103412,5,2,3,4,0,3,1,0
103413,5,2,3,4,0,4,1,0
103415,3,1,1,4,0,4,1,0
103417,4,1,2,2,0,2,0,0
103418,4,1,2,3,1,2,0,0
103419,3,2,1,3,0,4,1,0
103421,4,2,1,3,0,4,1,0
103422,5,2,2,4,0,4,1,0
103423,4,1,2,2,0,1,0,0
103427,5,1,3,4,1,4,1,0
103429,7,1,4,4,0,4,1,0
103430,6,2,4,3,1,3,1,0
103431,5,2,4,4,0,4,1,0
103432,6,2,4,NULL,1,3,1,1
103433,6,1,4,4,0,3,1,0
103434,6,2,4,3,1,3,1,0
103435,6,2,4,3,1,4,1,0
103437,7,2,5,2,1,2,0,0
103438,9,2,7,3,0,3,1,0
103439,9,2,7,NULL,0,4,1,1
103440,7,1,4,4,0,3,1,0
103442,9,1,6,3,1,3,1,0
103443,7,1,4,4,0,4,1,0
103444,4,2,2,3,0,4,1,0
103447,9,1,6,4,1,4,1,0
103448,7,1,4,4,0,3,1,0
103449,9,2,7,NULL,0,4,1,1
103450,9,2,7,NULL,0,3,1,1
103451,9,2,7,3,1,4,1,0
103452,9,1,7,NULL,0,3,1,1
103453,7,1,5,4,0,4,1,0
103454,7,2,5,2,1,3,1,0
103456,3,2,1,3,1,2,0,0
103457,5,1,2,NULL,0,4,1,1
103458,6,1,3,3,0,1,0,0
103459,6,1,3,4,0,4,1,0
103460,6,2,3,3,0,2,0,0
103461,7,1,5,4,0,4,1,0
103462,3,2,1,4,1,4,1,0
103464,9,2,5,3,0,4,1,0
103465,3,1,1,4,1,3,1,0
103466,6,2,3,NULL,1,3,1,1
103467,5,2,3,3,0,4,1,0
103468,5,1,3,4,0,2,0,0
103469,9,1,6,NULL,0,1,0,1
103471,10,1,6,4,0,3,1,0
103472,8,1,6,4,0,3,1,0
103473,8,1,6,4,1,4,1,0
103474,4,1,1,4,1,3,1,0
103475,5,1,2,4,0,1,0,0
103476,3,2,1,4,1,2,0,0
103477,6,2,4,3,1,3,1,0
103478,7,2,4,NULL,1,3,1,1
103479,3,2,1,4,0,3,1,0
103480,5,1,2,2,1,2,0,0
103481,6,1,4,4,1,3,1,0
103482,7,1,4,4,1,4,1,0
103484,7,2,4,4,0,4,1,0
103485,7,2,4,4,1,4,1,0
103486,6,1,4,4,0,4,1,0
103487,8,2,4,NULL,0,4,1,1
103488,7,2,4,3,0,4,1,0
103489,7,2,4,4,0,3,1,0
103490,6,1,4,4,0,2,0,0
103491,6,1,4,4,0,4,1,0
103492,7,2,4,3,0,3,1,0
103494,7,1,4,4,0,2,0,0
103495,8,2,5,NULL,0,4,1,1
103496,8,2,5,NULL,1,2,0,1
103497,7,2,5,4,0,4,1,0
103498,8,2,5,NULL,1,3,1,1
103500,8,2,5,NULL,1,3,1,1
103501,10,1,7,3,1,3,1,0
103502,9,1,5,4,1,3,1,0
103503,10,2,7,4,1,3,1,0
103504,3,2,1,4,1,3,1,0
103505,3,2,1,4,0,3,1,0
103506,3,2,1,4,0,3,1,0
103508,4,2,1,2,0,2,0,0
103509,3,2,1,4,0,3,1,0
103510,4,2,1,4,1,4,1,0
103511,4,2,1,4,1,3,1,0
103512,3,1,1,4,0,2,0,0
103513,4,1,1,4,0,4,1,0
103514,3,2,1,4,0,2,0,0
103515,3,2,1,3,1,3,1,0
103516,4,2,1,4,0,3,1,0
103518,6,2,4,NULL,0,4,1,1
103522,10,2,7,4,0,4,1,0
103524,7,2,5,4,1,4,1,0
103525,8,1,5,NULL,1,4,1,1
103526,7,2,5,4,1,4,1,0
103527,8,2,5,3,1,3,1,0
103528,8,2,6,4,0,3,1,0
103529,10,1,6,NULL,1,3,1,1
103532,4,2,1,4,1,4,1,0
103534,9,1,6,2,0,2,0,0
103535,3,1,1,4,0,4,1,0
103537,4,1,2,4,0,3,1,0
103538,5,2,3,3,1,3,1,0
103539,3,2,1,3,1,3,1,0
103540,10,2,7,3,0,4,1,0
103541,4,2,1,NULL,1,2,0,1
103542,4,1,1,4,1,4,1,0
103543,3,2,1,4,1,3,1,0
103546,6,1,3,4,0,2,0,0
103547,6,1,3,4,0,4,1,0
103550,7,1,4,4,0,4,1,0
103551,10,1,7,3,1,4,1,0
103554,8,2,5,4,1,3,1,0
103555,9,1,6,4,0,3,1,0
103556,3,1,1,4,0,4,1,0
103557,3,2,1,2,1,1,0,0
103558,4,1,1,4,0,4,1,0
103560,6,1,3,3,1,3,1,0
103561,6,2,3,2,0,3,1,0
103562,6,2,3,NULL,1,2,0,1
103563,7,2,4,4,0,4,1,0
103564,4,1,1,4,0,4,1,0
103565,7,2,4,3,0,4,1,0
103566,4,2,1,3,0,2,0,0
103567,9,1,6,NULL,0,4,1,1
103568,7,2,5,4,1,3,1,0
103569,8,2,5,4,0,2,0,0
103570,7,2,5,NULL,1,3,1,1
103571,7,2,5,3,0,4,1,0
103572,7,2,5,4,1,3,1,0
103573,7,2,5,4,0,4,1,0
103578,5,1,2,4,0,4,1,0
103580,4,1,1,4,0,4,1,0
103581,4,2,1,NULL,0,4,1,1
103582,3,2,1,4,1,4,1,0
103584,4,1,2,4,0,2,0,0
103585,5,1,2,4,0,4,1,0
103586,4,1,2,4,0,4,1,0
103587,5,1,2,3,0,4,1,0
103588,3,2,1,4,0,4,1,0
103589,6,2,3,NULL,1,3,1,1
103590,5,2,3,4,0,4,1,0
103593,4,1,1,4,0,4,1,0
103596,10,1,7,NULL,1,3,1,1
103597,8,2,6,NULL,0,3,1,1
103598,5,2,2,NULL,0,1,0,1
103599,6,1,3,3,1,4,1,0
103600,6,2,4,NULL,0,4,1,1
103601,10,1,7,4,0,3,1,0
103602,9,2,7,3,1,4,1,0
103603,8,2,6,4,0,3,1,0
103604,8,2,6,3,0,3,1,0
103605,10,2,7,3,0,3,1,0
103606,6,1,4,4,0,4,1,0
103608,8,2,5,4,1,3,1,0
103609,8,2,5,NULL,1,3,1,1
103610,7,2,5,NULL,1,2,0,1
103611,7,1,5,4,1,4,1,0
103612,8,1,5,3,1,1,0,0
103614,5,2,1,3,1,3,1,0
103615,4,1,1,4,1,4,1,0
103616,4,2,1,4,0,4,1,0
103617,3,2,1,4,0,3,1,0
103621,5,2,2,4,1,4,1,0
103622,5,2,2,NULL,1,3,1,1
103623,5,1,3,4,0,4,1,0
103625,7,2,3,2,1,2,0,0
103626,6,2,3,4,1,4,1,0
103627,7,2,5,NULL,0,2,0,1
103628,8,1,5,4,0,4,1,0
103629,8,1,5,NULL,1,3,1,1
103630,8,1,5,NULL,0,4,1,1
103631,9,2,6,4,0,4,1,0
103632,9,2,7,4,0,4,1,0
103633,8,1,5,4,0,4,1,0
103634,9,2,7,NULL,1,2,0,1
103635,6,2,3,4,0,4,1,0
103636,6,2,3,4,0,3,1,0
103637,7,1,4,4,0,4,1,0
103638,6,1,4,3,0,4,1,0
103639,7,2,4,4,0,4,1,0
103640,7,1,4,NULL,1,4,1,1
103641,6,2,4,4,0,4,1,0
103642,7,1,4,3,0,3,1,0
103643,7,2,4,4,0,3,1,0
103646,7,1,4,4,0,3,1,0
103649,7,1,4,3,0,4,1,0
103657,7,1,4,4,0,3,1,0
103662,6,2,4,4,0,3,1,0
103663,6,2,4,4,0,4,1,0
103664,6,2,4,4,0,4,1,0
103665,7,1,5,3,0,4,1,0
103668,5,2,2,4,0,4,1,0
103669,4,2,2,4,0,3,1,0
103671,5,1,3,4,0,3,1,0
103672,4,2,1,3,1,2,0,0
103673,4,1,2,4,0,4,1,0
103674,6,1,5,4,0,4,1,0
103675,6,1,4,4,1,3,1,0
103676,9,1,6,NULL,1,3,1,1
103677,7,2,5,NULL,0,3,1,1
103678,4,2,1,NULL,0,2,0,1
103679,3,1,1,4,0,3,1,0
103680,4,2,2,4,0,3,1,0
103681,5,1,2,4,0,4,1,0
103682,5,1,2,4,0,4,1,0
103683,4,2,2,4,0,3,1,0
103684,6,1,2,3,1,2,0,0
103685,4,2,2,4,0,3,1,0
103686,5,1,2,3,1,1,0,0
103687,7,1,4,3,1,4,1,0
103688,9,1,6,4,0,4,1,0
103690,8,1,6,NULL,0,2,0,1
103691,10,1,7,NULL,1,2,0,1
103692,10,2,7,NULL,1,2,0,1
103693,7,1,3,NULL,1,3,1,1
103694,6,2,3,3,1,3,1,0
103695,7,2,4,4,0,4,1,0
103696,6,1,4,4,1,4,1,0
103697,6,2,4,4,0,1,0,0
103698,7,1,4,4,0,3,1,0
103699,7,1,5,4,1,4,1,0
103700,9,2,6,4,0,4,1,0
103702,9,1,7,3,0,4,1,0
103703,5,1,2,4,1,4,1,0
103704,5,2,3,4,1,3,1,0
103707,11,1,7,4,0,3,1,0
103708,10,1,7,3,1,3,1,0
103710,9,2,6,4,1,4,1,0
103711,9,1,7,4,1,2,0,0
103712,9,1,7,3,0,3,1,0
103713,9,1,7,NULL,1,2,0,1
103714,10,2,7,3,1,3,1,0
103715,3,2,1,4,0,4,1,0
103717,6,1,2,NULL,1,2,0,1
103718,9,1,6,4,0,4,1,0
103719,8,2,6,4,1,4,1,0
103720,8,2,6,4,1,4,1,0
103721,8,1,6,3,0,3,1,0
103723,10,1,7,4,0,3,1,0
103725,10,1,7,NULL,0,4,1,1
103726,9,1,7,NULL,0,4,1,1
103727,10,2,7,4,0,4,1,0
103728,11,2,7,4,0,3,1,0
103729,9,1,7,2,0,3,1,0
103730,10,1,7,4,0,4,1,0
103731,8,1,6,3,1,1,0,0
103733,7,1,4,4,1,4,1,0
103734,7,1,5,4,1,2,0,0
103735,9,1,6,3,1,3,1,0
103736,8,1,6,4,0,4,1,0
103737,10,1,7,NULL,1,4,1,1
103738,9,1,7,4,0,4,1,0
103739,5,1,2,4,1,4,1,0
103740,4,2,2,4,0,4,1,0
103741,5,1,2,4,0,4,1,0
103743,4,2,2,4,0,3,1,0
103744,4,1,2,4,1,3,1,0
103745,5,1,2,4,1,2,0,0
103746,4,1,2,3,1,3,1,0
103747,5,1,2,2,0,3,1,0
103748,5,1,2,4,0,3,1,0
103749,6,1,4,4,0,2,0,0
103750,10,1,7,NULL,1,4,1,1
103751,10,2,7,4,0,4,1,0
103752,7,2,4,NULL,1,4,1,1
103753,7,2,4,4,0,3,1,0
103754,6,2,4,4,0,3,1,0
103755,7,2,4,NULL,0,3,1,1
103757,8,2,5,4,0,3,1,0
103758,9,2,6,NULL,1,3,1,1
103759,8,1,5,NULL,1,4,1,1
103761,10,2,7,3,0,3,1,0
103762,7,2,4,4,0,4,1,0
103763,8,2,6,4,0,4,1,0
103764,10,2,7,4,0,4,1,0
103765,9,1,7,NULL,1,4,1,1
103768,6,2,4,3,1,1,0,0
103769,7,1,4,3,0,4,1,0
103770,7,2,4,4,0,4,1,0
103772,6,2,4,3,1,1,0,0
103773,10,1,5,4,0,1,0,0
103774,8,2,4,4,0,3,1,0
103775,6,2,4,4,1,4,1,0
103776,9,2,4,4,0,4,1,0
103778,6,1,4,4,1,4,1,0
103779,6,1,4,4,0,4,1,0
103780,8,1,5,4,0,1,0,0
103781,7,2,5,4,0,2,0,0
103782,7,2,5,4,1,3,1,0
103783,7,2,5,3,0,3,1,0
103784,7,1,5,4,0,3,1,0
103785,7,2,5,4,0,4,1,0
103786,8,1,5,4,0,3,1,0
103787,7,1,5,4,0,4,1,0
103788,7,1,5,2,0,3,1,0
103789,7,1,5,2,1,2,0,0
103790,7,1,5,3,1,4,1,0
103791,7,1,5,4,0,3,1,0
103792,8,2,6,4,0,4,1,0
103793,7,1,5,4,0,3,1,0
103794,7,2,5,4,0,3,1,0
103795,7,2,5,NULL,0,4,1,1
103796,7,1,5,NULL,0,3,1,1
103797,7,1,5,4,0,4,1,0
103798,7,1,5,4,0,4,1,0
103799,7,2,5,3,1,3,1,0
103800,7,2,5,NULL,0,4,1,1
103801,8,2,6,NULL,1,3,1,1
103802,7,2,5,3,0,3,1,0
103803,7,1,5,4,0,4,1,0
103804,7,1,4,4,1,4,1,0
103805,7,1,5,3,0,3,1,0
103806,7,1,5,3,0,4,1,0
103807,7,1,4,3,0,3,1,0
103808,7,2,5,NULL,0,2,0,1
103809,7,1,5,3,0,3,1,0
103810,9,1,6,4,0,3,1,0
103811,10,2,7,NULL,0,2,0,1
103812,10,1,7,4,0,2,0,0
103815,9,2,6,3,0,4,1,0
103817,10,2,7,NULL,1,4,1,1
103818,3,2,1,4,0,3,1,0
103819,5,2,2,3,0,4,1,0
103822,8,1,5,4,1,4,1,0
103825,7,1,4,4,0,4,1,0
103826,7,2,5,4,0,3,1,0
103827,8,2,5,3,0,4,1,0
103828,7,2,5,4,0,4,1,0
103829,10,2,7,NULL,0,3,1,1
103831,7,2,4,NULL,0,3,1,1
103832,7,1,4,3,1,3,1,0
103833,3,2,1,4,0,3,1,0
103834,4,1,1,3,1,3,1,0
103836,5,2,2,2,0,4,1,0
103837,6,1,4,4,0,3,1,0
103838,10,1,7,4,1,4,1,0
103839,9,2,7,4,0,3,1,0
103840,4,1,1,3,1,3,1,0
103842,5,2,3,4,1,3,1,0
103845,6,1,4,3,1,4,1,0
103856,7,2,4,3,1,4,1,0
103859,7,2,6,1,0,3,1,0
103860,7,2,5,4,0,2,0,0
103862,9,2,5,4,1,3,1,0
103865,7,2,5,4,0,4,1,0
103868,8,2,5,NULL,0,3,1,1
103869,7,2,5,4,0,4,1,0
103870,7,2,5,3,1,4,1,0
103871,8,2,5,NULL,0,3,1,1
103872,7,2,5,3,0,3,1,0
103876,9,2,6,NULL,1,2,0,1
103883,8,2,6,2,0,4,1,0
103884,8,1,6,4,0,3,1,0
103887,8,1,6,NULL,0,3,1,1
103888,8,2,6,NULL,0,4,1,1
103889,8,1,6,NULL,0,3,1,1
103892,9,2,7,4,0,3,1,0
103895,9,2,7,4,0,4,1,0
103896,9,2,7,NULL,0,4,1,1
103899,4,2,2,4,1,4,1,0
103900,4,2,2,3,1,3,1,0
103901,5,1,2,3,0,3,1,0
103902,4,2,2,4,0,3,1,0
103903,4,2,2,4,0,4,1,0
103904,4,2,2,3,0,3,1,0
103905,4,2,2,4,0,4,1,0
103906,4,1,2,3,0,3,1,0
103907,4,2,2,4,0,4,1,0
103908,4,2,2,3,0,4,1,0
103911,7,1,4,4,0,3,1,0
103912,7,1,4,4,0,4,1,0
103913,7,2,4,NULL,1,2,0,1
103915,7,1,4,4,0,4,1,0
103916,8,2,4,2,1,2,0,0
103917,7,2,4,4,1,4,1,0
103918,8,1,4,4,0,4,1,0
103919,7,1,4,4,0,4,1,0
103920,7,2,4,4,0,4,1,0
103921,8,1,4,3,0,2,0,0
103922,7,1,4,4,0,4,1,0
103923,6,1,4,3,1,3,1,0
103924,8,1,4,4,0,4,1,0
103925,7,1,4,4,1,4,1,0
103926,6,1,4,4,0,4,1,0
103932,6,2,4,4,1,2,0,0
103933,7,2,4,NULL,0,4,1,1
103934,7,2,4,NULL,1,4,1,1
103936,8,2,4,3,1,3,1,0
103937,6,2,4,NULL,0,3,1,1
103938,7,2,4,4,0,4,1,0
103939,7,2,4,NULL,0,3,1,1
103940,8,2,5,NULL,0,2,0,1
103942,7,2,5,4,0,3,1,0
103943,9,1,5,3,0,2,0,0
103944,7,1,5,NULL,0,3,1,1
103946,8,2,5,NULL,1,2,0,1
103947,8,2,5,NULL,1,3,1,1
103949,7,2,5,NULL,0,3,1,1
103951,7,1,5,NULL,1,3,1,1
103952,7,1,5,NULL,1,3,1,1
103953,9,2,5,3,0,3,1,0
103955,8,2,5,NULL,1,3,1,1
103956,8,2,5,NULL,1,3,1,1
103957,7,2,5,4,0,3,1,0
103958,8,1,5,NULL,1,4,1,1
103959,8,2,5,3,1,2,0,0
103960,7,2,5,3,0,4,1,0
103961,7,2,5,4,1,3,1,0
103962,9,1,5,4,1,4,1,0
103964,8,2,5,NULL,0,2,0,1
103965,8,2,5,NULL,0,3,1,1
103966,10,1,7,NULL,1,2,0,1
103967,10,2,7,NULL,1,4,1,1
103968,10,1,6,4,0,3,1,0
103969,10,1,7,NULL,0,2,0,1
103970,9,2,6,NULL,0,3,1,1
103971,9,2,6,NULL,1,3,1,1
103972,9,1,6,NULL,1,4,1,1
103974,5,2,2,3,1,4,1,0
103976,8,1,4,NULL,1,1,0,1
103977,8,2,6,3,0,4,1,0
103978,10,1,7,4,0,3,1,0
103979,10,1,7,4,0,3,1,0
103980,8,1,6,NULL,1,2,0,1
103981,8,1,6,NULL,0,1,0,1
103984,8,2,6,NULL,0,3,1,1
103985,8,2,6,4,0,4,1,0
103986,8,2,6,3,0,4,1,0
103987,9,2,6,3,0,3,1,0
103988,8,2,6,3,0,4,1,0
103989,9,2,6,4,0,4,1,0
103990,8,2,6,NULL,0,3,1,1
103991,7,2,4,4,0,4,1,0
103992,8,2,6,NULL,0,4,1,1
103995,5,2,2,4,1,3,1,0
103996,5,2,2,2,0,4,1,0
103997,5,1,2,3,0,3,1,0
103998,3,2,1,3,1,3,1,0
103999,5,1,2,3,0,1,0,0
104000,5,1,3,4,0,4,1,0
104001,4,2,2,4,0,3,1,0
104002,5,1,3,4,0,3,1,0
104003,3,1,1,4,0,3,1,0
104004,4,2,2,3,0,3,1,0
104005,6,1,3,4,0,3,1,0
104006,9,1,6,4,0,4,1,0
104008,6,2,3,2,1,3,1,0
104009,8,2,4,NULL,1,3,1,1
104010,7,2,4,3,0,3,1,0
104011,8,2,6,4,0,4,1,0
104013,9,2,6,NULL,1,2,0,1
104014,5,1,2,2,0,2,0,0
104015,8,2,5,4,0,4,1,0
104017,8,2,6,1,0,2,0,0
104018,5,1,3,NULL,0,3,1,1
104019,4,1,1,4,0,2,0,0
104020,7,2,4,4,0,4,1,0
104021,7,1,4,4,0,4,1,0
104022,10,1,7,NULL,0,4,1,1
104023,6,2,4,4,0,4,1,0
104024,8,1,5,4,0,3,1,0
104025,4,2,1,4,0,4,1,0
104026,9,2,7,2,0,3,1,0
104027,6,1,4,3,1,3,1,0
104029,6,1,3,4,1,4,1,0
104030,7,2,4,4,0,3,1,0
104031,8,2,6,3,1,3,1,0
104033,7,2,5,4,1,4,1,0
104034,9,1,6,3,0,3,1,0
104035,7,2,5,NULL,1,3,1,1
104036,8,1,6,4,0,4,1,0
104037,8,1,6,4,0,3,1,0
104038,8,1,6,4,0,3,1,0
104039,8,1,6,3,0,4,1,0
104040,9,1,7,4,0,4,1,0
104041,9,1,7,3,0,3,1,0
104042,9,2,7,2,0,4,1,0
104043,7,1,5,4,0,3,1,0
104046,7,2,4,NULL,1,3,1,1
104049,6,1,2,4,1,4,1,0
104050,6,2,3,4,0,4,1,0
104051,10,1,7,4,0,1,0,0
104053,4,1,2,4,0,3,1,0
104054,4,2,1,NULL,1,2,0,1
104055,3,1,2,4,1,1,0,0
104056,4,1,1,4,0,4,1,0
104058,10,2,7,4,1,4,1,0
104059,6,1,3,4,1,3,1,0
104060,5,1,2,4,0,1,0,0
104061,4,1,2,4,0,3,1,0
104062,8,1,5,4,0,4,1,0
104063,5,2,5,NULL,0,4,1,1
104064,9,2,6,4,0,2,0,0
104066,4,2,2,4,0,4,1,0
104068,6,1,3,3,0,2,0,0
104069,6,1,3,4,0,4,1,0
104070,6,1,4,4,1,2,0,0
104071,1,2,8,3,1,3,1,0
104072,8,2,6,3,0,3,1,0
104073,8,2,5,4,0,4,1,0
104074,8,1,5,4,0,3,1,0
104077,6,2,4,NULL,0,2,0,1
104078,6,2,4,3,0,4,1,0
104079,6,2,4,4,1,2,0,0
104080,6,2,4,4,0,3,1,0
104081,6,2,4,4,0,4,1,0
104082,8,2,5,3,0,4,1,0
104083,7,2,5,4,0,4,1,0
104084,7,2,5,4,1,4,1,0
104085,7,2,5,4,0,4,1,0
104086,7,2,5,4,0,3,1,0
104087,7,2,5,4,0,4,1,0
104088,7,2,5,2,1,4,1,0
104089,7,2,5,4,1,3,1,0
104090,7,2,5,4,1,3,1,0
104091,8,2,6,4,0,4,1,0
104092,8,2,6,4,0,4,1,0
104093,8,2,6,4,0,3,1,0
104094,8,2,6,4,0,4,1,0
104095,8,2,6,NULL,1,2,0,1
104096,8,2,6,3,0,4,1,0
104099,9,2,7,4,0,3,1,0
104100,10,2,7,4,0,4,1,0
104101,10,2,7,2,0,4,1,0
104102,9,2,7,4,0,3,1,0
104103,9,2,7,4,0,3,1,0
104104,9,2,7,3,1,3,1,0
104105,9,2,7,NULL,1,4,1,1
104106,9,2,7,NULL,0,4,1,1
104107,9,2,7,4,0,3,1,0
104108,9,2,7,NULL,0,2,0,1
104110,9,2,7,4,0,4,1,0
104111,9,2,7,NULL,1,3,1,1
104112,9,2,7,4,0,4,1,0
104113,7,1,5,4,1,4,1,0
104116,4,2,2,4,0,3,1,0
104117,4,1,2,4,1,2,0,0
104118,4,2,2,3,1,3,1,0
104119,4,2,2,4,0,4,1,0
104120,6,2,3,4,0,3,1,0
104121,4,1,1,4,0,4,1,0
104122,6,2,4,4,0,3,1,0
104123,7,2,4,3,0,4,1,0
104125,4,1,1,4,0,4,1,0
104126,3,2,1,3,0,3,1,0
104127,3,2,1,4,0,3,1,0
104128,3,2,1,4,0,3,1,0
104129,4,1,1,4,0,3,1,0
104130,4,1,1,3,0,2,0,0
104131,4,1,1,4,0,3,1,0
104132,4,1,1,3,0,3,1,0
104133,4,2,1,4,1,3,1,0
104134,4,2,1,4,0,4,1,0
104135,4,2,1,2,1,3,1,0
104136,3,2,1,3,0,2,0,0
104137,4,1,1,4,0,4,1,0
104138,3,1,1,4,0,4,1,0
104139,4,2,1,4,1,4,1,0
104140,4,1,1,4,0,2,0,0
104141,4,1,1,4,1,3,1,0
104142,4,1,1,4,0,2,0,0
104143,3,2,1,3,0,3,1,0
104144,4,1,1,3,0,3,1,0
104146,4,1,1,3,1,2,0,0
104147,4,1,1,4,1,4,1,0
104148,4,2,1,2,0,4,1,0
104149,3,1,1,4,1,2,0,0
104151,3,1,1,4,0,3,1,0
104152,4,2,1,2,0,4,1,0
104153,4,2,1,4,1,3,1,0
104154,4,2,1,3,0,3,1,0
104155,4,1,1,4,0,4,1,0
104156,3,2,1,4,1,4,1,0
104157,4,2,1,4,1,4,1,0
104158,4,2,1,4,1,3,1,0
104159,3,1,1,4,0,4,1,0
104160,3,1,1,4,0,3,1,0
104161,4,1,1,4,0,3,1,0
104162,4,1,1,3,0,3,1,0
104163,4,1,1,3,1,3,1,0
104164,3,1,1,4,0,4,1,0
104165,3,1,1,4,0,4,1,0
104166,4,1,1,4,0,4,1,0
104167,3,1,1,4,0,3,1,0
104168,4,2,1,4,0,3,1,0
104169,4,2,1,4,0,4,1,0
104170,4,2,1,3,0,3,1,0
104171,4,1,1,4,1,4,1,0
104172,4,1,1,3,1,2,0,0
104173,4,1,1,4,0,4,1,0
104174,4,2,1,NULL,1,3,1,1
104175,3,1,1,4,0,3,1,0
104176,4,2,1,4,1,4,1,0
104177,4,2,1,4,0,4,1,0
104178,4,2,1,3,1,3,1,0
104179,4,2,1,4,0,3,1,0
104180,3,2,1,2,1,2,0,0
104181,4,2,1,3,0,2,0,0
104182,4,1,2,4,0,4,1,0
104183,5,1,2,3,1,3,1,0
104184,6,1,3,3,0,3,1,0
104185,4,2,2,4,0,4,1,0
104186,6,1,3,NULL,0,2,0,1
104187,6,1,3,4,0,3,1,0
104188,4,1,2,2,1,2,0,0
104189,5,1,3,NULL,1,1,0,1
104190,6,2,3,4,1,4,1,0
104191,4,2,2,4,1,3,1,0
104192,6,1,3,NULL,1,4,1,1
104193,6,1,2,3,0,4,1,0
104194,4,1,2,NULL,1,1,0,1
104195,5,1,3,4,0,2,0,0
104196,5,2,2,4,1,4,1,0
104197,4,1,2,3,0,4,1,0
104198,5,1,3,4,1,3,1,0
104199,4,2,2,3,0,3,1,0
104200,5,1,2,4,1,3,1,0
104201,6,2,3,4,0,4,1,0
104202,5,1,3,2,0,3,1,0
104203,4,2,2,4,1,4,1,0
104204,4,2,2,3,0,3,1,0
104205,4,2,2,4,1,3,1,0
104206,5,2,2,4,1,3,1,0
104207,4,1,2,1,1,2,0,0
104208,6,1,3,4,0,3,1,0
104209,5,1,3,2,0,2,0,0
104210,4,1,2,3,0,3,1,0
104211,5,2,3,NULL,1,4,1,1
104212,4,2,2,NULL,1,1,0,1
104213,5,2,3,4,0,3,1,0
104214,5,1,2,3,0,3,1,0
104216,6,1,3,3,1,3,1,0
104217,6,1,3,4,1,2,0,0
104218,6,2,3,4,0,4,1,0
104219,6,1,3,NULL,1,4,1,1
104220,6,2,3,NULL,1,2,0,1
104221,6,1,3,3,0,4,1,0
104222,6,2,3,NULL,0,3,1,1
104224,5,2,2,4,1,1,0,0
104225,6,1,3,NULL,1,2,0,1
104226,5,1,2,4,0,3,1,0
104227,5,1,2,3,1,1,0,0
104230,5,2,2,4,0,3,1,0
104231,5,1,2,3,1,1,0,0
104232,5,1,2,1,1,2,0,0
104233,5,1,2,4,0,2,0,0
104234,5,2,2,4,0,1,0,0
104235,5,2,2,4,1,1,0,0
104236,7,1,5,NULL,0,1,0,1
104237,8,2,5,4,1,3,1,0
104240,8,2,5,2,0,3,1,0
104241,7,1,5,4,0,4,1,0
104242,7,2,5,4,1,4,1,0
104243,8,2,5,4,0,3,1,0
104244,7,1,5,4,0,2,0,0
104245,8,2,5,NULL,1,2,0,1
104246,7,1,5,4,0,4,1,0
104247,7,2,5,4,1,3,1,0
104248,8,1,5,4,0,4,1,0
104249,7,2,5,4,0,3,1,0
104250,8,1,5,4,0,2,0,0
104251,8,2,5,3,0,4,1,0
104254,8,2,5,4,0,4,1,0
104255,7,1,5,3,0,2,0,0
104258,10,1,6,4,1,3,1,0
104261,8,2,6,4,0,3,1,0
104262,8,1,6,4,1,3,1,0
104265,8,2,6,4,0,4,1,0
104266,8,1,6,2,0,4,1,0
104268,4,1,1,2,0,3,1,0
104269,4,2,1,2,1,2,0,0
104270,4,2,1,4,0,4,1,0
104271,4,2,1,4,0,3,1,0
104272,4,2,1,4,0,1,0,0
104273,3,1,1,4,1,3,1,0
104274,3,1,1,3,0,3,1,0
104275,4,1,1,3,0,3,1,0
104276,4,2,1,4,0,4,1,0
104277,4,1,1,4,1,4,1,0
104278,3,2,1,4,0,3,1,0
104280,3,1,1,4,0,3,1,0
104281,4,2,1,3,1,3,1,0
104282,3,1,1,4,1,2,0,0
104283,4,2,1,4,0,4,1,0
104284,3,1,1,4,0,2,0,0
104285,3,2,1,4,1,4,1,0
104286,4,2,1,4,0,4,1,0
104287,4,2,1,4,1,3,1,0
104288,4,2,1,4,0,4,1,0
104289,3,2,1,4,0,4,1,0
104291,3,1,1,4,1,4,1,0
104292,4,1,1,4,0,4,1,0
104293,4,1,1,NULL,1,2,0,1
104294,4,1,1,4,0,4,1,0
104295,4,2,1,4,0,2,0,0
104296,4,2,1,4,0,4,1,0
104297,4,1,2,4,0,4,1,0
104300,5,1,2,NULL,1,4,1,1
104301,5,2,2,4,0,4,1,0
104302,4,2,2,4,0,4,1,0
104304,5,1,2,4,1,4,1,0
104305,4,2,2,3,0,3,1,0
104306,5,2,2,3,0,3,1,0
104307,5,1,2,4,1,4,1,0
104308,5,2,2,3,0,4,1,0
104309,5,1,2,3,0,4,1,0
104310,4,1,2,4,1,3,1,0
104311,6,2,3,4,0,3,1,0
104312,6,1,3,4,0,3,1,0
104313,6,1,3,4,0,3,1,0
104315,5,1,3,4,0,4,1,0
104316,6,1,3,NULL,1,1,0,1
104317,5,1,3,4,0,4,1,0
104318,6,1,3,4,0,4,1,0
104319,6,1,3,3,1,3,1,0
104320,6,1,3,3,0,4,1,0
104321,6,2,3,4,0,3,1,0
104322,5,2,3,2,0,3,1,0
104323,6,2,3,4,0,4,1,0
104324,5,2,3,3,1,3,1,0
104325,6,2,3,3,0,4,1,0
104326,6,2,3,4,0,3,1,0
104327,6,2,3,3,1,2,0,0
104328,6,2,3,3,0,3,1,0
104329,6,1,3,3,1,2,0,0
104330,6,2,3,2,0,3,1,0
104331,5,2,3,4,1,3,1,0
104332,5,1,3,4,0,4,1,0
104333,6,2,3,NULL,1,4,1,1
104334,5,2,3,4,0,2,0,0
104335,6,2,3,4,0,4,1,0
104336,6,2,3,NULL,1,4,1,1
104337,6,2,3,4,0,2,0,0
104338,5,2,3,4,1,3,1,0
104339,6,1,3,NULL,1,4,1,1
104340,6,1,3,4,1,4,1,0
104341,6,2,3,4,0,3,1,0
104342,6,1,3,3,1,4,1,0
104343,6,2,3,4,0,4,1,0
104344,6,1,3,3,0,2,0,0
104345,6,2,3,4,0,4,1,0
104346,6,1,3,4,0,4,1,0
104347,6,2,3,NULL,1,2,0,1
104348,6,2,3,4,0,4,1,0
104349,6,2,3,2,1,4,1,0
104350,6,1,3,4,0,4,1,0
104351,6,2,3,4,0,3,1,0
104352,6,1,3,3,0,3,1,0
104353,6,2,3,4,0,2,0,0
104354,6,2,3,NULL,1,2,0,1
104355,4,1,1,4,1,4,1,0
104356,4,1,1,4,1,3,1,0
104357,3,1,1,4,0,4,1,0
104358,4,2,1,4,0,4,1,0
104359,3,1,1,4,0,4,1,0
104360,3,2,1,4,1,4,1,0
104361,4,1,1,4,0,4,1,0
104362,3,2,1,4,0,3,1,0
104363,4,2,1,4,0,4,1,0
104365,4,2,1,4,0,4,1,0
104366,4,2,1,4,1,3,1,0
104367,4,1,1,4,0,4,1,0
104368,4,1,2,4,0,4,1,0
104369,5,1,2,4,0,4,1,0
104370,5,2,2,4,1,4,1,0
104371,5,1,2,3,0,4,1,0
104373,4,2,2,4,0,4,1,0
104374,5,2,2,3,0,3,1,0
104375,4,1,2,4,0,4,1,0
104376,4,1,2,4,1,3,1,0
104377,5,1,2,NULL,1,3,1,1
104378,4,2,2,4,0,3,1,0
104379,5,2,2,4,1,3,1,0
104380,5,2,2,4,1,4,1,0
104381,5,2,2,4,0,3,1,0
104382,4,2,2,4,0,4,1,0
104383,5,1,2,4,0,3,1,0
104384,5,1,2,NULL,1,1,0,1
104385,5,1,3,4,0,4,1,0
104386,6,1,3,3,0,4,1,0
104387,5,2,3,4,0,4,1,0
104388,5,2,3,4,0,4,1,0
104389,5,1,3,3,1,4,1,0
104391,5,1,3,2,1,2,0,0
104392,5,2,3,2,1,2,0,0
104393,5,1,3,4,0,3,1,0
104394,6,2,3,4,0,4,1,0
104395,6,2,3,4,0,3,1,0
104396,7,1,4,4,1,4,1,0
104397,7,2,4,3,1,2,0,0
104398,8,1,4,NULL,1,1,0,1
104399,7,1,4,4,0,4,1,0
104400,7,2,4,NULL,1,2,0,1
104401,6,2,4,2,0,4,1,0
104402,7,2,4,4,0,4,1,0
104405,6,2,4,4,1,3,1,0
104406,7,2,4,NULL,1,3,1,1
104408,7,2,4,NULL,0,3,1,1
104409,7,1,4,4,0,3,1,0
104410,8,1,4,NULL,1,3,1,1
104412,8,1,4,4,0,4,1,0
104413,6,2,4,4,0,4,1,0
104414,7,2,4,4,0,3,1,0
104415,8,1,4,4,0,4,1,0
104416,7,2,4,4,1,4,1,0
104417,7,1,4,4,0,3,1,0
104418,7,1,4,3,0,3,1,0
104420,6,2,4,NULL,1,4,1,1
104421,6,1,4,3,1,3,1,0
104422,6,2,4,NULL,1,4,1,1
104423,7,1,4,4,0,3,1,0
104424,6,1,4,4,1,3,1,0
104425,7,1,4,4,0,4,1,0
104426,6,2,4,NULL,0,3,1,1
104427,7,2,4,4,1,3,1,0
104428,6,2,4,4,1,4,1,0
104429,6,1,4,3,0,4,1,0
104430,6,2,4,NULL,1,3,1,1
104431,7,1,4,NULL,0,3,1,1
104433,7,1,4,4,1,3,1,0
104434,7,2,4,3,1,4,1,0
104435,6,2,4,4,0,4,1,0
104436,7,1,4,NULL,0,2,0,1
104437,6,1,4,4,1,3,1,0
104438,7,1,4,4,1,3,1,0
104439,7,1,4,NULL,1,2,0,1
104440,8,1,5,4,1,3,1,0
104441,8,1,5,4,0,4,1,0
104442,8,2,5,NULL,0,3,1,1
104443,8,2,5,4,1,4,1,0
104444,8,2,5,NULL,1,2,0,1
104445,8,2,5,4,0,3,1,0
104446,7,2,5,4,1,3,1,0
104447,7,2,5,NULL,0,3,1,1
104448,7,2,5,3,1,3,1,0
104449,8,2,5,4,1,4,1,0
104450,7,2,5,4,1,3,1,0
104451,7,2,5,4,0,3,1,0
104452,8,1,5,3,0,4,1,0
104453,8,2,5,NULL,1,2,0,1
104454,8,1,5,4,1,3,1,0
104455,7,2,5,NULL,1,1,0,1
104457,8,1,5,4,0,3,1,0
104458,8,2,5,4,1,3,1,0
104459,7,1,5,3,1,3,1,0
104460,8,2,5,4,1,4,1,0
104461,8,2,5,NULL,1,4,1,1
104462,7,2,5,4,0,3,1,0
104463,8,1,5,4,1,3,1,0
104464,7,2,5,NULL,1,2,0,1
104465,8,2,5,3,1,1,0,0
104466,8,2,5,4,0,2,0,0
104467,8,2,5,4,1,3,1,0
104469,7,2,5,3,1,3,1,0
104470,8,1,5,NULL,0,3,1,1
104471,8,2,5,4,1,2,0,0
104474,8,2,5,NULL,1,3,1,1
104475,7,2,5,3,1,2,0,0
104476,8,2,5,4,0,4,1,0
104477,8,2,5,4,0,4,1,0
104478,9,1,6,NULL,0,2,0,1
104479,9,2,6,4,0,4,1,0
104480,10,1,6,NULL,1,3,1,1
104481,9,1,6,4,1,3,1,0
104482,8,1,6,4,1,3,1,0
104483,9,2,6,4,0,3,1,0
104484,9,2,6,NULL,1,2,0,1
104485,9,1,6,NULL,0,2,0,1
104487,9,2,6,NULL,1,3,1,1
104489,9,2,6,NULL,1,4,1,1
104490,8,2,5,4,0,4,1,0
104491,9,1,6,4,0,2,0,0
104492,8,2,6,4,0,3,1,0
104493,8,2,6,NULL,1,4,1,1
104494,9,2,6,NULL,1,3,1,1
104495,9,2,6,4,0,4,1,0
104496,8,2,6,NULL,1,2,0,1
104497,9,1,6,4,1,3,1,0
104498,9,1,6,NULL,1,4,1,1
104499,10,2,6,NULL,1,2,0,1
104500,8,2,6,4,0,4,1,0
104501,9,2,6,4,0,4,1,0
104502,9,2,6,3,0,3,1,0
104503,9,2,6,4,1,4,1,0
104504,9,1,6,NULL,1,3,1,1
104505,9,2,6,NULL,0,2,0,1
104506,9,1,6,4,0,4,1,0
104507,8,2,6,3,1,4,1,0
104509,9,2,6,4,1,4,1,0
104510,9,1,6,4,0,3,1,0
104511,9,1,6,4,1,4,1,0
104512,9,2,6,4,0,4,1,0
104513,9,2,6,3,0,3,1,0
104514,9,2,6,NULL,1,3,1,1
104515,9,2,6,4,0,4,1,0
104516,9,1,7,2,0,1,0,0
104517,9,2,7,4,0,4,1,0
104518,10,2,7,4,1,4,1,0
104519,9,1,7,NULL,0,3,1,1
104520,10,1,7,4,0,4,1,0
104521,10,1,7,NULL,0,4,1,1
104522,10,1,7,4,1,2,0,0
104523,10,1,7,NULL,0,3,1,1
104524,10,1,7,4,0,3,1,0
104525,4,1,2,4,0,3,1,0
104526,5,2,2,4,0,4,1,0
104527,4,2,2,NULL,0,3,1,1
104528,4,2,2,4,0,4,1,0
104529,4,1,2,4,0,3,1,0
104530,4,1,2,4,0,4,1,0
104532,4,1,2,3,0,3,1,0
104533,4,2,2,4,0,3,1,0
104534,5,2,2,3,0,4,1,0
104535,4,1,2,4,0,3,1,0
104536,4,2,2,NULL,0,3,1,1
104537,4,1,2,4,0,4,1,0
104538,4,1,2,3,0,3,1,0
104540,5,2,3,4,0,3,1,0
104541,5,1,2,4,0,4,1,0
104542,4,2,2,3,1,3,1,0
104543,6,2,3,2,0,3,1,0
104547,5,1,3,3,0,4,1,0
104548,5,2,3,4,0,3,1,0
104549,5,1,3,4,0,4,1,0
104550,6,2,3,4,1,3,1,0
104551,5,2,3,4,0,3,1,0
104552,5,2,3,NULL,1,3,1,1
104553,5,1,3,3,1,2,0,0
104554,6,2,3,3,0,2,0,0
104557,5,2,3,NULL,0,4,1,1
104558,6,1,3,4,0,3,1,0
104561,5,1,3,4,0,4,1,0
104562,6,1,2,4,1,3,1,0
104563,5,1,2,4,0,1,0,0
104564,5,1,2,NULL,1,2,0,1
104565,7,1,2,3,1,2,0,0
104566,5,1,2,3,1,3,1,0
104567,5,1,2,4,0,4,1,0
104568,4,1,2,4,1,3,1,0
104569,5,1,2,4,0,4,1,0
104570,4,2,2,4,1,4,1,0
104571,5,2,2,2,1,3,1,0
104572,4,1,2,4,1,4,1,0
104573,5,1,2,NULL,1,3,1,1
104574,5,2,2,NULL,1,4,1,1
104575,5,2,2,4,1,4,1,0
104577,5,1,3,NULL,1,2,0,1
104579,6,2,3,NULL,1,2,0,1
104580,6,1,3,3,1,3,1,0
104581,5,2,3,4,0,3,1,0
104583,6,2,3,NULL,0,3,1,1
104584,3,1,8,NULL,1,1,0,1
104585,5,1,3,4,1,4,1,0
104586,6,1,3,4,1,4,1,0
104588,6,2,3,3,1,3,1,0
104589,6,1,3,4,0,4,1,0
104591,6,1,3,NULL,0,1,0,1
104592,6,1,3,4,1,2,0,0
104593,5,2,3,2,0,2,0,0
104594,5,1,3,NULL,0,3,1,1
104595,11,1,4,4,1,4,1,0
104599,8,2,5,2,0,4,1,0
104601,5,1,4,3,0,4,1,0
104603,7,2,5,2,0,4,1,0
104604,6,1,4,4,0,4,1,0
104607,7,1,5,4,0,3,1,0
104608,6,2,4,3,1,3,1,0
104609,7,1,4,NULL,1,3,1,1
104610,6,2,4,3,1,2,0,0
104611,6,1,4,4,1,3,1,0
104612,7,2,4,NULL,0,4,1,1
104613,6,2,4,NULL,0,4,1,1
104614,7,1,4,4,0,1,0,0
104615,6,1,4,4,1,3,1,0
104616,7,1,4,4,0,2,0,0
104617,6,2,4,4,0,2,0,0
104618,7,1,5,4,0,4,1,0
104619,7,1,4,NULL,0,3,1,1
104622,7,1,4,NULL,0,4,1,1
104623,6,1,4,4,0,3,1,0
104624,7,2,4,4,0,3,1,0
104625,6,1,4,NULL,1,4,1,1
104626,6,1,4,3,0,4,1,0
104628,6,2,4,3,0,3,1,0
104630,7,1,5,3,0,3,1,0
104631,7,2,5,4,0,4,1,0
104632,8,1,5,3,1,3,1,0
104633,8,1,5,4,0,4,1,0
104634,9,2,6,4,0,2,0,0
104636,7,1,5,3,0,4,1,0
104637,9,2,5,4,0,4,1,0
104638,7,2,5,3,0,4,1,0
104639,7,2,5,3,0,3,1,0
104640,7,1,5,4,0,3,1,0
104641,7,1,5,4,1,3,1,0
104642,7,1,5,4,0,4,1,0
104643,8,1,5,3,1,3,1,0
104644,10,2,6,4,0,2,0,0
104645,7,2,5,4,0,2,0,0
104646,7,1,5,4,1,3,1,0
104647,8,1,5,4,0,3,1,0
104648,7,1,5,4,0,3,1,0
104649,7,1,5,3,0,3,1,0
104650,9,2,5,NULL,0,4,1,1
104651,8,1,5,4,0,4,1,0
104654,8,1,5,3,1,3,1,0
104655,8,2,5,4,0,2,0,0
104656,7,1,5,4,0,3,1,0
104657,7,1,5,2,1,2,0,0
104658,8,2,5,4,1,3,1,0
104659,7,2,5,3,1,4,1,0
104660,7,1,5,4,1,3,1,0
104661,8,2,5,NULL,0,2,0,1
104662,8,2,5,3,0,4,1,0
104663,8,2,5,4,1,1,0,0
104664,7,2,5,4,0,4,1,0
104665,8,2,5,3,1,3,1,0
104666,7,1,6,4,0,4,1,0
104667,10,2,5,3,0,4,1,0
104669,8,2,5,4,0,3,1,0
104670,8,2,5,3,0,1,0,0
104671,8,1,5,4,1,2,0,0
104672,8,1,5,NULL,0,3,1,1
104673,8,2,6,4,0,4,1,0
104675,8,1,5,3,0,4,1,0
104676,8,1,5,4,0,2,0,0
104677,8,2,5,4,1,3,1,0
104678,8,2,5,4,0,4,1,0
104681,7,1,5,3,0,4,1,0
104683,9,1,6,NULL,0,3,1,1
104686,9,1,6,4,0,3,1,0
104687,10,2,6,3,0,4,1,0
104690,9,1,6,4,0,3,1,0
104691,8,1,6,3,1,3,1,0
104692,9,1,6,4,0,1,0,0
104693,9,1,7,3,0,3,1,0
104695,9,2,6,NULL,0,2,0,1
104697,8,1,6,4,0,4,1,0
104698,8,1,6,4,0,3,1,0
104699,9,2,6,NULL,0,4,1,1
104700,9,2,6,4,0,4,1,0
104701,9,2,6,4,1,4,1,0
104702,8,2,6,NULL,1,3,1,1
104703,9,1,6,NULL,1,3,1,1
104704,8,1,6,4,0,4,1,0
104705,8,2,6,4,0,4,1,0
104706,8,2,6,4,0,3,1,0
104707,9,2,6,4,0,3,1,0
104710,9,1,6,4,1,4,1,0
104711,10,2,6,4,0,3,1,0
104712,8,2,6,NULL,1,3,1,1
104713,9,1,6,3,0,3,1,0
104714,1,1,1,NULL,1,3,1,1
104717,8,2,6,4,0,3,1,0
104718,9,2,6,4,0,4,1,0
104719,8,2,6,4,0,4,1,0
104720,8,1,6,4,0,3,1,0
104721,9,1,6,NULL,1,1,0,1
104722,8,2,6,NULL,1,2,0,1
104723,8,2,6,4,0,4,1,0
104725,9,1,6,4,1,3,1,0
104726,9,1,6,4,1,2,0,0
104728,9,1,6,3,0,4,1,0
104729,8,2,6,NULL,1,3,1,1
104730,8,1,6,4,1,4,1,0
104732,9,1,6,4,0,4,1,0
104733,8,1,6,4,0,4,1,0
104734,11,1,7,NULL,0,2,0,1
104735,10,2,7,NULL,0,4,1,1
104737,9,1,7,4,0,4,1,0
104738,9,1,7,NULL,1,4,1,1
104739,10,2,7,NULL,1,3,1,1
104740,9,1,7,4,0,4,1,0
104741,9,2,7,3,1,4,1,0
104743,9,1,7,4,0,3,1,0
104744,10,1,7,4,0,4,1,0
104745,9,2,7,4,0,3,1,0
104746,9,2,7,NULL,0,3,1,1
104747,10,2,7,NULL,0,3,1,1
104748,10,1,7,4,0,4,1,0
104749,10,2,7,NULL,1,3,1,1
104750,10,2,7,4,0,3,1,0
104751,9,1,7,4,0,4,1,0
104752,9,2,7,4,0,4,1,0
104753,9,1,7,NULL,0,2,0,1
104754,10,1,7,NULL,0,4,1,1
104755,9,2,7,4,1,3,1,0
104756,9,2,7,4,0,3,1,0
104757,10,1,7,4,0,3,1,0
104758,10,1,7,4,1,1,0,0
104760,9,2,7,NULL,0,4,1,1
104761,9,2,7,NULL,1,3,1,1
104762,10,2,7,4,0,4,1,0
104763,10,1,7,NULL,0,4,1,1
104767,9,2,7,3,0,3,1,0
104768,10,2,7,4,0,4,1,0
104769,10,1,7,4,0,4,1,0
104770,9,2,7,4,1,3,1,0
104771,9,2,7,NULL,1,3,1,1
104772,10,2,7,4,1,2,0,0
104773,10,2,7,NULL,1,4,1,1
104774,9,2,7,4,0,4,1,0
104775,9,1,7,4,0,4,1,0
104777,10,2,7,3,1,3,1,0
104778,10,2,7,4,1,4,1,0
104780,10,1,7,4,0,4,1,0
104781,10,1,7,4,0,4,1,0
104782,3,1,1,4,0,3,1,0
104783,3,2,1,4,1,4,1,0
104784,3,2,1,4,0,3,1,0
104785,3,2,1,4,0,2,0,0
104786,3,2,1,4,1,3,1,0
104788,3,1,1,NULL,0,1,0,1
104789,3,1,1,4,0,3,1,0
104790,3,1,1,4,0,3,1,0
104791,3,2,1,4,0,2,0,0
104792,4,1,1,4,0,4,1,0
104793,4,1,1,4,1,4,1,0
104794,3,1,1,4,0,3,1,0
104795,3,1,1,4,0,4,1,0
104796,4,1,1,4,1,3,1,0
104797,4,2,1,4,0,3,1,0
104798,3,1,1,4,0,4,1,0
104799,3,1,1,3,0,3,1,0
104800,3,1,1,3,1,2,0,0
104801,3,2,1,4,0,4,1,0
104802,3,2,1,4,0,2,0,0
104803,3,2,1,3,1,3,1,0
104804,4,2,1,4,1,3,1,0
104805,3,1,1,4,0,3,1,0
104806,3,2,1,4,0,3,1,0
104808,3,2,1,4,0,4,1,0
104811,3,1,1,4,0,3,1,0
104813,3,1,1,4,0,1,0,0
104814,3,2,1,4,1,4,1,0
104815,3,2,1,4,1,4,1,0
104816,3,2,1,3,1,3,1,0
104817,3,2,1,4,1,4,1,0
104818,3,1,1,4,0,3,1,0
104820,3,2,1,4,1,3,1,0
104821,4,1,1,4,0,3,1,0
104826,3,2,1,4,1,3,1,0
104827,4,2,1,4,1,3,1,0
104829,3,2,1,3,1,3,1,0
104830,3,2,1,NULL,1,3,1,1
104831,3,1,1,4,1,2,0,0
104832,3,2,1,4,1,3,1,0
104833,3,1,1,4,1,3,1,0
104834,3,2,1,4,1,4,1,0
104835,3,2,1,3,0,3,1,0
104836,3,1,1,4,0,3,1,0
104837,3,1,1,4,1,4,1,0
104838,3,1,1,4,0,4,1,0
104839,6,1,4,3,0,4,1,0
104840,7,2,4,4,0,3,1,0
104841,8,2,5,NULL,1,4,1,1
104842,8,1,5,NULL,0,3,1,1
104843,8,1,5,NULL,1,2,0,1
104844,6,1,4,3,0,4,1,0
104845,8,2,5,NULL,1,3,1,1
104846,8,1,5,3,0,3,1,0
104847,8,1,5,4,0,4,1,0
104848,7,2,4,4,0,3,1,0
104849,7,2,4,4,0,4,1,0
104850,8,1,5,4,0,4,1,0
104851,6,2,4,3,0,3,1,0
104852,8,1,5,NULL,0,2,0,1
104853,8,2,5,4,0,4,1,0
104854,9,2,6,NULL,1,2,0,1
104855,8,1,5,NULL,1,2,0,1
104856,8,2,5,4,0,4,1,0
104857,8,1,5,4,1,3,1,0
104858,8,2,5,4,0,3,1,0
104859,7,1,4,4,0,3,1,0
104860,6,1,4,4,1,3,1,0
104861,7,1,4,4,1,3,1,0
104862,8,1,5,NULL,1,3,1,1
104863,6,1,4,4,0,4,1,0
104864,6,2,4,4,0,3,1,0
104865,8,2,5,NULL,1,2,0,1
104866,8,1,5,NULL,0,4,1,1
104867,7,1,4,3,0,3,1,0
104868,7,1,4,4,1,3,1,0
104869,6,2,4,3,1,3,1,0
104870,8,1,5,NULL,0,4,1,1
104871,8,1,5,NULL,1,3,1,1
104872,8,1,5,NULL,0,3,1,1
104873,6,1,4,NULL,0,2,0,1
104874,8,1,5,NULL,0,4,1,1
104875,6,1,4,4,0,4,1,0
104876,6,1,4,4,1,3,1,0
104877,7,2,4,3,0,3,1,0
104878,6,1,4,3,1,4,1,0
104879,7,2,4,3,0,4,1,0
104880,6,2,4,3,0,3,1,0
104881,8,1,5,4,0,4,1,0
104882,6,2,4,3,0,4,1,0
104883,8,1,5,3,1,3,1,0
104884,8,1,5,NULL,1,3,1,1
104885,7,1,4,4,0,4,1,0
104886,8,2,5,NULL,1,3,1,1
104887,8,2,6,4,1,3,1,0
104888,8,1,5,4,0,3,1,0
104889,7,1,4,NULL,0,2,0,1
104890,6,2,4,NULL,1,2,0,1
104891,7,2,4,4,0,3,1,0
104892,8,1,6,4,0,4,1,0
104893,7,2,4,4,1,3,1,0
104894,8,2,5,4,0,3,1,0
104895,7,2,4,4,0,4,1,0
104896,7,2,4,NULL,1,3,1,1
104897,8,1,5,NULL,0,3,1,1
104898,8,2,5,4,0,2,0,0
104900,7,1,4,4,1,3,1,0
104901,8,2,5,3,1,4,1,0
104902,6,2,4,4,0,4,1,0
104903,6,2,4,3,0,4,1,0
104904,8,1,5,NULL,1,4,1,1
104905,6,1,4,4,1,4,1,0
104906,7,2,4,3,0,4,1,0
104907,8,2,5,NULL,1,3,1,1
104908,7,1,4,NULL,0,4,1,1
104909,8,1,5,4,0,4,1,0
104910,8,2,5,4,0,4,1,0
104911,8,2,5,NULL,0,2,0,1
104912,7,1,5,3,0,4,1,0
104913,6,2,4,NULL,1,3,1,1
104914,8,1,5,4,0,4,1,0
104915,8,2,5,3,1,3,1,0
104916,8,1,5,2,1,2,0,0
104917,8,2,5,4,0,3,1,0
104918,8,2,5,4,0,4,1,0
104919,6,1,4,3,1,2,0,0
104920,8,1,5,4,0,3,1,0
104921,8,1,5,NULL,1,3,1,1
104922,8,2,5,4,1,3,1,0
104923,8,1,5,4,1,2,0,0
104925,8,2,5,3,0,3,1,0
104926,8,1,5,4,0,4,1,0
104928,8,1,5,4,0,4,1,0
104929,8,1,5,NULL,1,3,1,1
104930,8,1,5,NULL,1,4,1,1
104931,8,1,5,NULL,1,2,0,1
104932,7,2,4,4,0,4,1,0
104935,8,1,5,4,0,1,0,0
104936,8,1,5,NULL,0,2,0,1
104937,6,2,4,4,0,3,1,0
104938,7,1,4,4,0,3,1,0
104939,6,1,4,2,1,2,0,0
104940,8,2,5,NULL,0,2,0,1
104941,9,2,7,4,0,4,1,0
104942,8,1,5,4,1,4,1,0
104944,7,2,5,4,1,3,1,0
104945,10,1,7,3,1,4,1,0
104946,8,1,5,4,0,4,1,0
104947,8,1,5,4,1,4,1,0
104948,8,1,5,4,1,4,1,0
104949,8,2,5,4,1,3,1,0
104950,9,1,6,NULL,1,3,1,1
104952,7,1,5,4,0,4,1,0
104953,8,1,5,3,0,4,1,0
104954,8,1,5,4,1,3,1,0
104955,10,1,7,4,0,3,1,0
104956,9,1,6,2,0,2,0,0
104957,9,2,6,2,0,2,0,0
104958,10,1,7,NULL,1,2,0,1
104959,10,2,7,4,1,4,1,0
104960,8,1,5,4,1,2,0,0
104962,8,1,5,NULL,0,4,1,1
104963,9,1,6,4,0,4,1,0
104964,9,1,6,NULL,0,3,1,1
104965,8,2,5,4,0,3,1,0
104966,7,1,5,NULL,1,1,0,1
104967,9,1,6,4,1,4,1,0
104968,10,1,7,3,0,3,1,0
104969,7,1,5,3,0,2,0,0
104971,9,1,6,3,1,4,1,0
104973,7,2,5,3,0,3,1,0
104974,8,1,5,4,0,2,0,0
104976,8,1,5,NULL,1,3,1,1
104977,9,1,7,3,1,2,0,0
104978,8,1,5,NULL,1,3,1,1
104979,9,1,6,3,0,3,1,0
104980,9,1,6,3,0,4,1,0
104981,8,2,5,4,0,3,1,0
104982,8,1,5,4,0,4,1,0
104983,7,1,5,4,0,4,1,0
104985,7,2,4,NULL,0,3,1,1
104986,6,2,4,3,0,3,1,0
104987,7,2,4,NULL,0,3,1,1
104988,7,1,4,4,0,4,1,0
104989,7,1,4,NULL,0,3,1,1
104990,7,2,4,4,0,4,1,0
104991,6,2,4,4,0,3,1,0
104992,6,1,4,4,0,4,1,0
104993,6,2,4,4,1,4,1,0
104994,7,1,4,3,0,3,1,0
104995,7,2,4,4,0,3,1,0
104996,6,2,4,NULL,1,3,1,1
104997,7,1,4,4,1,4,1,0
104998,6,2,4,4,0,3,1,0
104999,8,1,4,3,0,3,1,0
105000,6,2,4,3,0,3,1,0
105001,6,2,4,3,1,4,1,0
105002,6,2,4,2,0,3,1,0
105003,6,2,4,3,0,3,1,0
105005,6,2,4,4,1,4,1,0
105006,6,2,4,4,1,3,1,0
105007,7,2,4,NULL,0,3,1,1
105008,6,2,4,4,0,4,1,0
105009,6,1,4,4,1,3,1,0
105010,6,2,4,3,0,2,0,0
105011,7,1,4,4,0,2,0,0
105012,6,2,4,3,0,3,1,0
105013,6,1,4,4,0,4,1,0
105014,7,2,4,4,0,4,1,0
105015,6,1,4,4,0,4,1,0
105016,6,1,4,3,0,4,1,0
105017,7,2,4,4,0,3,1,0
105018,6,2,4,3,1,2,0,0
105019,7,2,4,3,0,3,1,0
105020,7,1,5,3,0,4,1,0
105021,8,1,5,NULL,0,3,1,1
105022,8,2,5,2,1,3,1,0
105023,7,1,5,NULL,0,3,1,1
105025,7,1,5,3,0,4,1,0
105026,8,2,5,4,1,4,1,0
105027,8,1,5,3,0,4,1,0
105028,7,2,5,4,0,4,1,0
105029,7,1,5,3,0,3,1,0
105030,7,1,5,4,0,3,1,0
105031,7,1,5,3,0,4,1,0
105032,7,1,5,3,0,2,0,0
105033,8,2,5,3,0,4,1,0
105034,7,1,5,4,0,4,1,0
105035,7,1,5,3,0,4,1,0
105036,7,2,5,NULL,1,3,1,1
105037,8,2,5,4,0,3,1,0
105038,8,2,5,NULL,1,4,1,1
105039,7,2,5,4,0,4,1,0
105041,7,2,5,2,0,3,1,0
105042,8,2,5,4,0,2,0,0
105043,7,1,5,3,1,4,1,0
105044,8,2,5,NULL,1,3,1,1
105045,7,1,5,NULL,1,2,0,1
105046,8,2,5,NULL,0,4,1,1
105047,7,1,5,4,0,3,1,0
105048,7,1,5,3,1,3,1,0
105049,7,2,5,4,0,4,1,0
105051,9,2,6,NULL,1,3,1,1
105052,9,2,6,NULL,1,4,1,1
105053,9,2,6,3,0,4,1,0
105054,8,1,6,NULL,0,3,1,1
105056,9,2,6,3,1,3,1,0
105057,8,2,6,2,0,3,1,0
105058,8,2,6,NULL,1,1,0,1
105059,8,1,6,NULL,1,3,1,1
105060,9,2,6,4,0,4,1,0
105061,9,2,6,NULL,0,3,1,1
105062,8,2,6,4,0,4,1,0
105063,8,1,6,4,0,4,1,0
105064,9,2,6,3,0,3,1,0
105065,9,2,6,4,0,4,1,0
105066,9,2,6,NULL,0,3,1,1
105067,8,2,6,NULL,1,2,0,1
105068,8,2,6,NULL,0,4,1,1
105069,9,2,6,4,0,3,1,0
105070,9,2,6,4,0,3,1,0
105071,8,2,6,4,1,4,1,0
105072,8,2,6,NULL,0,3,1,1
105073,8,2,6,NULL,1,4,1,1
105074,8,2,6,2,0,4,1,0
105075,9,2,6,NULL,0,4,1,1
105076,9,2,6,2,0,3,1,0
105077,8,2,6,4,0,3,1,0
105078,9,1,7,4,0,3,1,0
105079,10,1,7,4,1,2,0,0
105081,10,1,7,NULL,0,4,1,1
105082,10,2,7,4,0,3,1,0
105083,9,2,7,NULL,0,2,0,1
105084,9,1,7,NULL,0,2,0,1
105085,1,2,1,2,1,3,1,0
105086,9,2,7,NULL,0,3,1,1
105087,10,2,7,4,0,4,1,0
105088,9,2,7,NULL,0,3,1,1
105089,9,1,7,4,0,3,1,0
105090,10,1,7,NULL,0,4,1,1
105092,10,1,7,4,1,3,1,0
105093,9,2,7,NULL,0,3,1,1
105094,9,2,7,NULL,1,4,1,1
105095,10,1,7,NULL,0,4,1,1
105096,9,2,7,4,1,3,1,0
105097,9,1,7,4,0,4,1,0
105098,10,1,7,NULL,0,4,1,1
105099,9,1,7,4,0,4,1,0
105100,10,1,7,NULL,0,1,0,1
105101,7,2,4,NULL,0,4,1,1
105102,6,1,4,4,1,3,1,0
105103,7,1,4,4,1,3,1,0
105104,7,1,4,NULL,1,3,1,1
105105,7,1,4,4,1,3,1,0
105106,8,2,5,NULL,1,4,1,1
105107,7,1,4,4,0,3,1,0
105108,8,1,4,4,0,3,1,0
105109,7,1,4,NULL,1,3,1,1
105110,7,2,4,NULL,0,4,1,1
105111,6,1,4,4,0,4,1,0
105112,7,2,5,4,1,4,1,0
105113,7,1,4,4,0,4,1,0
105114,7,1,4,4,0,3,1,0
105115,8,1,5,3,1,4,1,0
105116,7,1,4,4,0,3,1,0
105117,7,1,4,4,0,3,1,0
105118,7,2,5,NULL,0,2,0,1
105119,7,1,4,4,1,2,0,0
105122,8,2,4,2,0,3,1,0
105123,6,1,4,4,0,2,0,0
105125,7,1,4,4,0,4,1,0
105126,7,1,4,4,0,3,1,0
105127,7,2,4,1,0,3,1,0
105128,6,2,4,4,1,4,1,0
105129,8,1,5,4,0,3,1,0
105130,6,1,4,4,1,4,1,0
105131,7,1,4,4,0,4,1,0
105132,7,2,4,4,0,4,1,0
105135,6,1,4,4,0,4,1,0
105136,7,1,4,4,0,3,1,0
105137,7,2,5,3,1,3,1,0
105138,6,1,4,3,0,3,1,0
105140,7,2,4,4,0,1,0,0
105141,8,1,4,4,1,3,1,0
105142,8,1,4,NULL,1,3,1,1
105143,6,2,4,3,0,3,1,0
105144,7,2,5,3,0,3,1,0
105145,6,2,4,3,0,3,1,0
105146,7,1,5,4,0,4,1,0
105147,6,2,4,2,1,2,0,0
105148,7,1,4,4,0,3,1,0
105149,7,2,4,3,0,3,1,0
105150,7,1,4,4,1,4,1,0
105151,7,2,5,4,0,4,1,0
105152,7,2,5,NULL,1,4,1,1
105153,7,1,5,3,0,3,1,0
105154,8,1,5,3,1,3,1,0
105155,7,2,5,NULL,0,3,1,1
105156,7,2,5,3,1,2,0,0
105157,7,2,5,4,1,3,1,0
105158,8,1,6,4,0,3,1,0
105159,9,1,6,4,0,2,0,0
105161,8,2,6,4,0,2,0,0
105162,9,1,6,2,1,2,0,0
105163,9,1,6,4,0,2,0,0
105164,7,2,5,3,1,4,1,0
105166,7,1,5,4,0,4,1,0
105167,7,1,5,4,1,4,1,0
105168,8,2,6,NULL,0,4,1,0
105169,8,2,5,4,0,4,1,0
105170,9,1,6,4,0,4,1,0
105171,8,1,5,4,0,3,1,0
105173,7,2,5,4,0,4,1,0
105174,8,2,6,4,0,2,0,0
105175,8,1,5,3,0,2,0,0
105176,10,1,7,NULL,1,3,1,1
105177,7,1,5,4,0,4,1,0
105178,8,2,5,4,0,4,1,0
105179,7,2,5,NULL,0,2,0,1
105180,10,2,7,NULL,0,3,1,1
105181,8,1,5,NULL,1,3,1,1
105182,8,2,5,3,0,3,1,0
105183,7,1,5,NULL,0,3,1,1
105184,9,2,6,3,1,3,1,0
105185,7,1,5,4,1,4,1,0
105187,8,2,5,4,0,3,1,0
105188,9,1,6,3,0,4,1,0
105189,10,2,7,3,0,4,1,0
105190,7,2,5,NULL,0,3,1,1
105191,8,1,5,4,1,1,0,0
105192,10,2,7,NULL,1,2,0,1
105193,9,2,7,NULL,1,3,1,1
105194,9,2,6,NULL,1,4,1,1
105195,9,2,6,3,1,4,1,0
105196,8,1,6,NULL,0,4,1,1
105197,8,1,5,4,0,3,1,0
105198,9,1,6,3,1,4,1,0
105200,10,2,7,4,0,4,1,0
105201,10,1,7,NULL,1,1,0,1
105202,8,2,6,2,0,2,0,0
105204,10,1,7,NULL,1,2,0,1
105205,9,1,7,4,0,3,1,0
105207,8,2,6,NULL,1,3,1,1
105208,9,1,6,NULL,1,3,1,1
105209,9,2,6,4,0,4,1,0
105210,9,1,7,3,0,1,0,0
105211,9,1,7,4,0,3,1,0
105212,10,2,7,NULL,1,3,1,1
105213,8,1,6,4,0,4,1,0
105216,10,1,7,NULL,0,2,0,1
105217,9,2,6,4,0,4,1,0
105219,7,2,5,3,1,3,1,0
105220,9,1,6,NULL,0,3,1,1
105221,9,2,6,4,1,4,1,0
105222,8,2,6,4,0,4,1,0
105223,9,1,6,4,0,1,0,0
105224,8,2,6,NULL,1,2,0,1
105225,8,2,6,NULL,1,2,0,1
105227,8,1,6,4,0,3,1,0
105228,8,1,5,NULL,1,4,1,1
105229,9,1,6,4,1,3,1,0
105230,10,2,6,4,0,4,1,0
105231,8,2,5,4,0,4,1,0
105232,7,2,5,3,1,3,1,0
105233,9,2,6,NULL,0,4,1,1
105234,8,2,6,4,1,4,1,0
105236,10,1,7,4,0,3,1,0
105237,9,1,6,4,1,3,1,0
105238,9,1,6,4,1,3,1,0
105239,9,1,6,4,1,2,0,0
105240,9,2,6,4,1,3,1,0
105241,10,1,7,NULL,0,3,1,1
105242,11,2,7,NULL,0,4,1,1
105243,10,2,7,4,1,4,1,0
105244,9,1,6,NULL,0,2,0,0
105245,11,2,7,NULL,1,4,1,1
105246,9,1,6,4,0,2,0,0
105247,9,2,6,NULL,0,3,1,1
105249,10,1,7,4,0,4,1,0
105250,9,1,6,4,0,3,1,0
105251,10,2,7,NULL,1,4,1,1
105252,10,1,7,NULL,0,3,1,1
105253,9,2,7,4,0,3,1,0
105254,10,1,7,4,0,4,1,0
105259,3,2,1,4,0,2,0,0
105260,4,2,1,4,0,3,1,0
105262,4,2,1,4,0,4,1,0
105264,3,2,1,3,1,4,1,0
105266,4,2,1,3,1,3,1,0
105267,4,1,1,2,1,3,1,0
105269,4,2,1,4,0,4,1,0
105272,5,1,1,4,0,4,1,0
105273,4,1,1,4,0,4,1,0
105274,4,2,1,4,0,4,1,0
105275,4,1,1,4,0,3,1,0
105276,4,1,1,3,1,3,1,0
105277,3,2,1,4,0,2,0,0
105279,4,2,1,4,0,3,1,0
105280,3,1,1,2,1,2,0,0
105281,4,2,1,4,0,3,1,0
105282,4,2,1,3,1,3,1,0
105283,4,2,1,2,1,4,1,0
105284,3,1,1,3,0,3,1,0
105285,3,2,1,4,0,4,1,0
105286,4,2,1,4,1,4,1,0
105287,4,1,1,4,0,2,0,0
105289,6,2,4,4,0,4,1,0
105291,6,1,4,3,1,3,1,0
105293,6,2,4,4,0,4,1,0
105294,7,2,4,4,1,4,1,0
105295,7,2,5,4,0,4,1,0
105296,9,2,6,3,1,3,1,0
105297,8,2,5,NULL,0,2,0,1
105298,8,1,5,3,1,2,0,0
105299,7,2,5,4,0,4,1,0
105300,8,2,6,NULL,1,2,0,1
105301,8,2,5,NULL,1,3,1,1
105302,8,2,5,2,0,3,1,0
105303,7,1,5,3,1,2,0,0
105304,8,1,5,NULL,1,2,0,1
105305,7,2,5,3,0,4,1,0
105306,8,2,5,4,0,4,1,0
105307,7,2,5,NULL,1,3,1,1
105308,9,1,5,4,1,4,1,0
105309,7,2,5,4,1,3,1,0
105310,9,1,6,4,0,4,1,0
105311,9,1,6,4,0,4,1,0
105312,9,2,6,4,1,3,1,0
105313,9,1,6,NULL,1,4,1,1
105314,10,1,7,3,0,3,1,0
105316,9,2,7,NULL,1,3,1,1
105317,10,1,7,NULL,1,3,1,1
105318,10,1,7,3,0,4,1,0
105319,10,2,7,2,0,3,1,0
105320,9,2,7,NULL,0,2,0,1
105321,6,2,4,4,0,4,1,0
105323,6,2,4,4,0,3,1,0
105325,6,1,4,4,1,4,1,0
105326,6,2,4,3,0,3,1,0
105327,7,1,4,3,1,3,1,0
105328,7,2,4,NULL,1,4,1,1
105329,8,2,6,3,1,4,1,0
105330,6,1,4,NULL,0,2,0,1
105331,6,1,4,NULL,1,2,0,1
105332,7,1,4,4,1,3,1,0
105333,7,2,4,NULL,1,3,1,1
105334,8,1,4,3,0,4,1,0
105335,6,1,4,4,0,4,1,0
105336,7,1,4,4,1,2,0,0
105337,6,2,4,4,1,2,0,0
105338,7,1,4,3,0,4,1,0
105339,7,1,4,3,0,3,1,0
105340,7,1,4,4,1,3,1,0
105341,6,2,4,NULL,0,2,0,1
105342,7,2,4,4,1,3,1,0
105343,7,2,5,3,1,3,1,0
105344,9,2,7,4,0,4,1,0
105345,10,2,7,3,0,3,1,0
105346,10,2,7,4,1,4,1,0
105347,9,2,7,3,0,4,1,0
105348,8,2,6,3,0,4,1,0
105349,9,2,7,4,1,3,1,0
105350,10,1,7,NULL,0,3,1,1
105351,10,2,7,4,0,4,1,0
105352,9,2,7,NULL,1,3,1,1
105353,10,1,7,NULL,1,4,1,1
105354,9,2,7,NULL,1,3,1,1
105355,9,1,7,4,0,3,1,0
105356,10,1,7,NULL,0,3,1,1
105357,10,2,7,3,0,4,1,0
105358,10,1,7,NULL,0,2,0,1
105359,3,2,1,4,1,3,1,0
105362,3,2,1,4,0,3,1,0
105366,3,1,1,4,1,4,1,0
105371,4,1,1,4,1,4,1,0
105372,3,2,1,NULL,1,4,1,1
105373,4,2,1,4,0,4,1,0
105374,3,2,1,4,1,2,0,0
105376,3,2,1,4,0,3,1,0
105377,4,2,1,3,0,3,1,0
105378,3,1,1,4,0,4,1,0
105379,3,1,1,4,1,3,1,0
105380,3,1,1,4,0,4,1,0
105383,4,1,1,3,1,4,1,0
105384,5,2,2,3,1,3,1,0
105385,4,2,2,4,1,3,1,0
105386,5,2,2,3,1,2,0,0
105387,5,2,2,3,1,3,1,0
105388,4,2,2,NULL,1,4,1,1
105389,4,1,2,4,1,3,1,0
105390,4,2,2,4,0,3,1,0
105391,5,2,2,4,0,4,1,0
105392,5,1,2,3,1,4,1,0
105393,4,2,2,3,0,3,1,0
105394,5,2,2,3,0,2,0,0
105395,5,1,2,4,0,3,1,0
105396,5,2,2,NULL,1,3,1,1
105397,4,2,2,4,0,4,1,0
105398,4,2,2,4,1,2,0,0
105399,5,2,2,3,0,4,1,0
105400,5,1,2,2,1,3,1,0
105401,5,2,2,3,1,4,1,0
105403,4,2,2,3,0,4,1,0
105404,5,2,2,NULL,1,4,1,1
105405,5,2,2,NULL,1,4,1,1
105406,5,2,2,NULL,0,2,0,1
105407,5,2,2,4,0,4,1,0
105408,5,2,2,4,1,4,1,0
105409,5,1,2,NULL,0,2,0,1
105410,5,1,2,3,0,3,1,0
105411,4,2,2,3,1,2,0,0
105412,5,2,2,2,0,3,1,0
105413,5,2,2,2,0,3,1,0
105414,6,2,2,4,1,4,1,0
105416,5,2,2,4,0,3,1,0
105417,5,2,2,NULL,0,3,1,1
105418,4,2,2,3,1,4,1,0
105419,5,1,2,3,1,2,0,0
105420,4,1,2,3,1,1,0,0
105421,4,2,2,4,0,1,0,0
105422,6,1,3,2,1,4,1,0
105423,6,2,3,NULL,1,3,1,1
105424,5,2,3,3,0,4,1,0
105425,5,1,3,4,0,4,1,0
105426,5,2,3,4,0,4,1,0
105428,6,2,3,NULL,1,2,0,1
105429,6,2,3,NULL,0,4,1,1
105430,6,1,3,NULL,0,4,1,1
105431,6,1,3,4,0,3,1,0
105432,5,1,3,4,0,2,0,0
105433,5,2,3,2,0,3,1,0
105435,5,1,3,4,0,2,0,0
105436,6,1,3,NULL,1,3,1,1
105437,5,1,3,3,0,2,0,0
105438,5,1,3,3,1,4,1,0
105439,5,2,3,4,1,4,1,0
105440,6,2,3,4,0,3,1,0
105441,5,1,3,4,1,3,1,0
105442,5,1,3,3,1,4,1,0
105443,3,2,1,4,0,3,1,0
105444,4,2,1,2,1,4,1,0
105445,3,1,1,NULL,1,2,0,1
105446,3,2,1,4,0,3,1,0
105447,3,1,1,NULL,0,3,1,1
105449,4,1,1,4,0,1,0,0
105451,4,1,1,4,1,3,1,0
105452,4,2,1,3,0,2,0,0
105453,4,2,1,4,1,3,1,0
105454,4,1,1,3,0,4,1,0
105455,4,1,1,4,0,3,1,0
105456,3,1,1,3,0,2,0,0
105457,3,1,1,3,1,2,0,0
105458,4,1,1,4,1,3,1,0
105459,4,1,1,4,0,3,1,0
105460,4,1,1,2,0,3,1,0
105461,3,2,1,4,0,4,1,0
105462,3,2,1,2,0,4,1,0
105463,3,2,1,4,0,3,1,0
105464,4,1,1,4,0,4,1,0
105465,3,1,1,4,1,3,1,0
105466,3,1,1,4,1,3,1,0
105467,3,1,1,4,0,4,1,0
105468,4,1,1,4,0,3,1,0
105469,4,1,1,4,1,2,0,0
105470,4,2,1,4,1,4,1,0
105471,4,2,1,3,1,2,0,0
105472,8,1,5,4,0,4,1,0
105474,8,1,5,3,0,4,1,0
105475,8,1,5,NULL,0,4,1,1
105476,8,1,5,NULL,1,2,0,1
105477,7,2,5,2,0,3,1,0
105478,8,1,5,4,0,3,1,0
105480,7,1,5,4,0,3,1,0
105482,8,2,5,4,1,3,1,0
105483,8,1,5,4,0,3,1,0
105484,8,2,5,4,0,4,1,0
105485,8,1,5,3,1,2,0,0
105486,8,2,5,4,0,2,0,0
105487,8,2,5,NULL,1,3,1,1
105488,8,1,5,3,0,4,1,0
105489,8,1,5,NULL,1,3,1,1
105490,8,1,5,NULL,1,3,1,1
105492,7,1,5,3,1,2,0,0
105494,8,1,5,4,1,3,1,0
105495,7,1,5,3,0,2,0,0
105496,8,1,5,4,0,3,1,0
105497,8,1,5,4,0,4,1,0
105498,8,1,5,2,0,4,1,0
105499,8,2,5,3,0,3,1,0
105501,8,1,5,NULL,0,1,0,1
105503,8,1,5,4,0,3,1,0
105504,8,2,5,NULL,1,2,0,1
105506,7,1,5,3,1,4,1,0
105507,7,1,5,4,0,4,1,0
105508,7,2,5,4,0,3,1,0
105509,8,1,5,4,0,4,1,0
105511,8,2,5,4,0,4,1,0
105512,9,2,6,4,0,3,1,0
105515,9,1,6,NULL,1,4,1,1
105516,9,1,6,4,0,4,1,0
105517,8,1,6,4,0,1,0,0
105518,9,2,6,4,0,2,0,0
105519,8,1,6,NULL,1,3,1,1
105520,9,2,6,3,0,3,1,0
105524,9,2,6,NULL,1,3,1,1
105525,8,2,6,4,0,2,0,0
105528,8,1,6,3,0,3,1,0
105529,8,2,6,NULL,1,3,1,1
105530,9,1,6,4,0,3,1,0
105531,9,2,6,2,0,2,0,0
105532,9,1,6,3,1,2,0,0
105533,9,1,6,4,0,4,1,0
105534,9,2,6,3,0,3,1,0
105535,8,1,6,4,0,1,0,0
105536,9,2,6,NULL,1,4,1,1
105537,9,1,6,NULL,0,3,1,1
105538,9,1,6,3,0,3,1,0
105539,8,2,6,4,0,3,1,0
105541,9,2,6,4,1,4,1,0
105542,9,1,5,4,0,3,1,0
105543,8,2,6,3,0,2,0,0
105544,9,1,6,4,1,4,1,0
105545,10,1,7,NULL,0,3,1,1
105546,9,2,7,NULL,0,3,1,1
105547,10,2,7,NULL,1,4,1,1
105548,11,2,7,4,0,4,1,0
105549,10,1,7,4,0,1,0,0
105550,10,2,7,4,0,3,1,0
105551,10,1,7,NULL,0,2,0,1
105552,10,2,7,3,0,4,1,0
105554,10,2,7,NULL,0,4,1,1
105556,10,2,7,4,0,3,1,0
105557,10,2,7,NULL,1,2,0,1
105558,10,1,7,3,0,4,1,0
105559,10,2,7,4,1,4,1,0
105560,10,2,7,NULL,0,2,0,1
105561,10,1,7,4,0,3,1,0
105562,10,2,7,4,1,4,1,0
105565,9,1,7,3,0,4,1,0
105566,9,1,7,NULL,0,4,1,1
105567,9,1,7,4,0,4,1,0
105568,9,2,7,NULL,1,3,1,1
105570,10,1,7,4,0,3,1,0
105571,9,2,7,4,0,4,1,0
105572,9,1,7,NULL,1,3,1,1
105573,11,1,7,4,0,4,1,0
105574,9,1,7,4,0,4,1,0
105575,10,1,7,4,0,4,1,0
105576,9,1,7,3,0,4,1,0
105577,10,2,7,NULL,1,3,1,1
105578,10,1,7,NULL,1,4,1,1
105579,10,1,7,NULL,0,1,0,1
105580,10,2,7,NULL,1,4,1,1
105581,10,2,7,4,0,1,0,0
105582,9,2,7,4,0,4,1,0
105583,10,1,7,NULL,1,4,1,1
105584,9,1,7,4,0,2,0,0
105585,9,2,7,4,1,4,1,0
105586,9,2,7,NULL,0,4,1,1
105588,10,2,7,4,1,4,1,0
105589,10,2,7,NULL,1,4,1,1
105590,10,2,7,2,1,4,1,0
105591,10,1,7,4,0,3,1,0
105592,10,2,7,NULL,0,2,0,1
105593,10,2,7,4,0,3,1,0
105595,6,1,4,4,0,2,0,0
105596,6,1,4,4,0,4,1,0
105597,6,1,4,1,1,2,0,0
105598,6,2,4,4,0,4,1,0
105601,7,1,4,NULL,1,3,1,1
105604,7,2,5,NULL,1,3,1,1
105608,7,1,4,4,0,4,1,0
105609,6,2,4,4,0,2,0,0
105612,8,2,5,NULL,1,2,0,1
105613,8,2,5,2,1,3,1,0
105617,7,2,5,1,0,3,1,0
105618,8,2,5,2,0,3,1,0
105621,7,1,5,3,0,4,1,0
105622,7,1,5,4,1,4,1,0
105623,8,1,5,NULL,1,2,0,1
105625,7,1,5,4,0,3,1,0
105626,8,1,5,4,0,3,1,0
105628,8,2,5,4,1,3,1,0
105632,7,1,4,4,0,4,1,0
105633,8,2,6,3,0,3,1,0
105634,8,1,5,4,0,4,1,0
105636,9,1,6,3,0,4,1,0
105640,6,2,4,NULL,0,4,1,1
105641,7,2,4,4,0,4,1,0
105642,7,2,4,NULL,0,4,1,1
105643,6,2,4,NULL,1,3,1,1
105644,6,2,4,3,0,4,1,0
105645,6,2,4,4,0,4,1,0
105646,9,2,7,3,0,3,1,0
105647,9,2,6,3,0,4,1,0
105648,9,1,6,NULL,1,4,1,1
105649,9,1,6,4,1,4,1,0
105650,8,2,6,NULL,1,3,1,1
105651,8,2,6,4,0,3,1,0
105653,8,2,6,4,0,4,1,0
105654,9,1,7,NULL,0,3,1,1
105655,9,2,6,NULL,1,3,1,1
105656,9,2,7,3,1,3,1,0
105658,8,1,6,3,0,3,1,0
105659,9,2,7,NULL,1,3,1,1
105660,7,1,5,4,0,4,1,0
105661,9,1,6,4,0,3,1,0
105662,9,2,7,4,0,4,1,0
105663,9,2,7,3,0,3,1,0
105664,9,2,6,4,0,3,1,0
105665,9,1,7,3,0,3,1,0
105666,8,2,6,4,0,3,1,0
105667,9,1,7,3,0,2,0,0
105668,9,2,6,NULL,1,3,1,1
105669,8,2,6,NULL,0,2,0,1
105670,8,2,6,4,1,4,1,0
105672,9,2,6,2,0,1,0,0
105673,9,1,6,4,0,3,1,0
105674,7,1,5,3,0,3,1,0
105675,9,2,6,NULL,1,3,1,1
105677,9,1,6,4,1,3,1,0
105678,8,1,6,NULL,0,2,0,1
105679,8,1,5,NULL,1,2,0,1
105681,9,1,6,4,1,3,1,0
105682,6,1,2,4,0,4,1,0
105683,4,1,1,3,0,4,1,0
105684,5,1,2,4,0,4,1,0
105685,4,1,1,4,1,4,1,0
105686,5,1,2,3,0,3,1,0
105687,3,1,1,4,1,4,1,0
105688,5,1,3,3,1,3,1,0
105690,8,2,5,NULL,0,3,1,1
105691,7,1,5,NULL,0,4,1,1
105692,7,2,4,4,0,3,1,0
105693,7,2,5,3,1,2,0,0
105694,8,1,5,4,0,3,1,0
105695,7,2,5,4,1,2,0,0
105696,9,1,6,3,0,3,1,0
105697,7,2,4,4,0,2,0,0
105698,7,2,5,4,0,3,1,0
105699,7,2,4,NULL,0,4,1,1
105700,7,1,5,3,0,3,1,0
105701,8,2,5,4,0,3,1,0
105702,10,2,7,4,0,3,1,0
105703,9,2,6,NULL,1,4,1,1
105704,7,2,5,4,0,4,1,0
105705,6,2,4,4,0,4,1,0
105706,7,1,5,4,0,4,1,0
105707,7,2,5,NULL,1,4,1,1
105708,8,2,5,3,1,3,1,0
105709,7,2,5,4,0,4,1,0
105710,7,1,5,1,0,4,1,0
105711,7,1,5,3,1,3,1,0
105712,7,1,5,4,0,4,1,0
105713,8,2,5,4,0,4,1,0
105714,7,1,5,4,0,3,1,0
105716,9,2,6,NULL,0,3,1,1
105718,7,2,5,4,1,4,1,0
105719,9,2,7,3,0,4,1,0
105720,7,1,5,3,0,4,1,0
105721,9,2,7,3,0,3,1,0
105722,8,2,6,4,0,4,1,0
105723,8,1,5,NULL,1,3,1,1
105724,8,2,5,4,0,3,1,0
105725,8,2,5,NULL,0,4,1,1
105726,9,2,7,4,0,3,1,0
105727,5,1,5,1,1,1,0,0
105728,7,2,4,4,1,3,1,0
105729,7,2,4,4,0,4,1,0
105730,8,1,6,4,0,4,1,0
105731,7,2,4,4,0,4,1,0
105732,7,1,4,4,1,4,1,0
105733,7,2,5,4,0,2,0,0
105734,6,1,4,NULL,1,2,0,1
105735,6,2,4,4,1,2,0,0
105736,7,1,4,4,0,4,1,0
105737,7,1,5,4,0,4,1,0
105738,7,1,5,4,0,4,1,0
105739,7,2,4,4,0,3,1,0
105740,6,1,4,4,0,3,1,0
105741,7,1,6,NULL,1,2,0,1
105743,7,2,4,4,0,4,1,0
105744,7,1,4,4,1,1,0,0
105745,8,1,5,4,0,4,1,0
105746,7,1,5,NULL,0,4,1,1
105747,6,1,4,4,0,4,1,0
105748,7,2,5,4,0,2,0,0
105749,7,2,5,4,0,3,1,0
105750,7,2,5,4,1,4,1,0
105751,9,2,6,4,0,4,1,0
105752,8,1,5,4,0,4,1,0
105753,9,2,6,3,1,2,0,0
105755,7,2,5,4,0,4,1,0
105756,7,1,5,4,0,4,1,0
105757,8,2,5,4,0,4,1,0
105758,8,1,5,4,0,4,1,0
105759,7,2,4,4,0,4,1,0
105760,10,2,7,4,0,3,1,0
105761,7,1,5,4,0,4,1,0
105762,7,1,5,4,0,3,1,0
105763,8,1,5,4,0,4,1,0
105764,9,2,6,4,0,3,1,0
105765,8,2,5,4,0,3,1,0
105766,10,1,6,3,0,4,1,0
105767,9,1,5,4,0,4,1,0
105768,7,2,4,4,0,4,1,0
105769,8,2,5,3,1,2,0,0
105770,9,1,6,4,1,3,1,0
105771,8,1,5,3,0,1,0,0
105772,7,2,5,4,0,4,1,0
105773,7,2,5,4,0,3,1,0
105774,8,2,6,4,0,3,1,0
105775,8,2,6,4,0,2,0,0
105777,10,2,7,2,0,4,1,0
105778,8,2,5,4,0,4,1,0
105779,6,2,4,4,0,4,1,0
105782,8,2,5,4,0,3,1,0
105784,9,2,6,3,0,4,1,0
105785,8,1,6,4,0,4,1,0
105786,9,2,7,3,0,3,1,0
105787,8,1,5,4,0,4,1,0
105789,8,2,6,3,0,3,1,0
105790,9,1,6,4,1,2,0,0
105791,8,1,4,NULL,1,1,0,1
105792,8,1,6,3,0,4,1,0
105793,7,2,5,4,0,4,1,0
105794,7,2,5,NULL,0,3,1,1
105795,7,2,5,4,0,3,1,0
105796,8,1,6,3,0,3,1,0
105797,9,2,7,NULL,0,4,1,1
105798,8,1,5,NULL,0,2,0,1
105799,7,2,5,NULL,1,4,1,1
105802,8,1,6,NULL,0,4,1,1
105803,8,2,6,3,0,3,1,0
105804,8,2,5,4,0,4,1,0
105805,9,2,7,NULL,1,3,1,1
105806,8,2,6,NULL,0,4,1,0
105807,7,1,4,4,1,3,1,0
105809,9,2,6,4,0,4,1,0
105810,9,2,6,4,0,4,1,0
105811,8,2,5,3,1,3,1,0
105812,8,1,5,4,1,3,1,0
105813,9,1,7,4,0,4,1,0
105814,8,2,5,4,0,2,0,0
105815,7,2,4,4,0,4,1,0
105816,8,1,5,4,0,4,1,0
105817,8,2,5,4,0,4,1,0
105819,7,2,4,3,0,1,0,0
105820,9,1,5,2,0,3,1,0
105821,9,1,7,4,0,3,1,0
105822,8,2,5,4,0,3,1,0
105824,10,2,7,NULL,1,4,1,1
105826,8,1,5,4,0,1,0,0
105827,8,1,5,4,0,4,1,0
105828,10,2,7,NULL,0,4,1,1
105830,8,2,5,4,1,1,0,0
105831,7,1,4,4,0,4,1,0
105832,8,2,5,4,0,4,1,0
105836,8,2,5,NULL,1,4,1,1
105838,8,2,6,4,0,4,1,0
105839,9,2,6,4,0,4,1,0
105841,7,2,5,3,0,3,1,0
105843,7,2,5,4,1,4,1,0
105844,10,2,7,NULL,0,3,1,1
105845,8,2,5,3,1,3,1,0
105846,9,2,7,4,1,3,1,0
105847,8,1,5,4,0,3,1,0
105848,6,2,4,2,0,4,1,0
105849,9,1,6,4,0,4,1,0
105850,10,2,7,4,1,4,1,0
105851,9,2,6,2,0,4,1,0
105853,7,2,5,3,1,3,1,0
105854,8,2,5,3,0,3,1,0
105855,9,1,6,4,0,4,1,0
105859,3,1,1,4,0,3,1,0
105860,3,1,1,4,0,3,1,0
105861,3,1,1,4,0,4,1,0
105862,3,2,1,4,0,3,1,0
105863,4,1,1,4,0,2,0,0
105864,4,2,1,4,0,4,1,0
105865,4,1,1,4,0,3,1,0
105866,4,2,1,4,1,4,1,0
105867,4,2,1,4,0,3,1,0
105868,3,2,1,4,0,4,1,0
105869,3,2,1,4,0,3,1,0
105870,4,2,1,3,0,3,1,0
105871,3,1,1,4,0,4,1,0
105872,4,2,1,4,0,3,1,0
105874,3,1,1,4,0,2,0,0
105876,3,1,1,NULL,0,4,1,1
105877,5,1,1,4,0,4,1,0
105879,3,1,1,4,0,2,0,0
105880,4,1,1,4,1,4,1,0
105881,4,1,1,3,1,4,1,0
105882,3,1,1,4,0,4,1,0
105883,4,1,2,4,0,4,1,0
105886,5,1,2,4,1,4,1,0
105887,4,2,2,3,0,3,1,0
105888,5,2,2,3,0,3,1,0
105889,4,1,2,4,0,3,1,0
105891,5,1,2,4,0,3,1,0
105892,5,2,2,3,1,2,0,0
105893,4,1,2,4,0,3,1,0
105894,6,1,2,3,0,4,1,0
105895,4,2,2,3,0,3,1,0
105896,4,1,2,4,0,3,1,0
105897,5,2,2,4,1,4,1,0
105898,5,2,2,4,1,3,1,0
105899,5,1,2,4,0,4,1,0
105900,5,2,2,4,0,3,1,0
105901,4,1,2,4,0,4,1,0
105902,4,2,2,4,0,3,1,0
105903,5,1,2,4,0,3,1,0
105904,5,2,2,4,0,3,1,0
105906,5,2,2,4,0,3,1,0
105907,4,1,2,3,1,3,1,0
105908,4,2,2,4,0,3,1,0
105909,3,1,2,NULL,0,4,1,1
105910,4,1,2,4,0,3,1,0
105911,4,1,2,4,0,4,1,0
105912,5,1,2,4,1,3,1,0
105913,5,1,2,4,0,3,1,0
105914,5,2,2,4,0,3,1,0
105915,5,2,2,3,0,3,1,0
105916,4,2,2,4,0,4,1,0
105917,5,2,2,4,0,4,1,0
105918,5,2,2,3,0,3,1,0
105919,5,1,2,4,1,3,1,0
105920,6,2,3,4,0,4,1,0
105921,6,1,3,4,0,4,1,0
105922,5,2,3,4,1,3,1,0
105923,6,1,3,4,0,3,1,0
105925,5,2,3,4,0,4,1,0
105926,5,2,3,NULL,1,2,0,1
105927,5,2,3,3,0,3,1,0
105928,5,1,3,4,0,4,1,0
105929,7,1,3,NULL,0,4,1,1
105930,5,1,3,4,1,2,0,0
105933,5,1,3,3,0,2,0,0
105934,6,1,3,4,0,3,1,0
105935,6,2,3,3,0,3,1,0
105936,5,2,3,4,1,4,1,0
105938,5,2,3,4,0,3,1,0
105939,5,2,3,NULL,1,1,0,1
105940,5,2,3,4,0,2,0,0
105941,6,1,3,3,0,4,1,0
105942,6,1,3,4,0,4,1,0
105943,5,1,3,4,0,4,1,0
105944,6,2,3,NULL,1,3,1,1
105945,5,1,3,4,0,4,1,0
105946,6,2,3,3,0,4,1,0
105947,6,2,3,4,1,3,1,0
105948,3,1,1,4,0,3,1,0
105949,3,2,1,4,1,4,1,0
105950,4,2,1,4,0,2,0,0
105951,3,2,1,4,0,4,1,0
105952,4,1,1,4,0,4,1,0
105953,4,2,1,4,1,3,1,0
105954,3,1,1,4,0,4,1,0
105955,3,2,1,4,0,4,1,0
105956,4,2,1,4,0,4,1,0
105957,3,2,1,4,0,3,1,0
105958,3,2,1,4,0,4,1,0
105959,3,1,1,4,0,2,0,0
105960,3,2,1,3,1,3,1,0
105961,4,2,1,4,0,3,1,0
105962,3,2,1,4,0,3,1,0
105963,3,1,1,4,0,3,1,0
105964,3,1,1,4,0,4,1,0
105965,3,1,1,3,1,2,0,0
105966,3,2,1,4,1,3,1,0
105967,5,1,1,3,1,1,0,0
105968,3,2,1,4,0,4,1,0
105969,3,2,1,4,0,4,1,0
105970,3,1,1,4,0,4,1,0
105971,3,1,1,4,0,3,1,0
105972,3,2,1,4,0,3,1,0
105973,4,1,1,4,0,4,1,0
105974,4,1,1,3,0,2,0,0
105975,4,2,1,4,0,4,1,0
105976,4,1,1,4,0,4,1,0
105977,4,2,1,4,0,3,1,0
105978,4,2,1,4,0,4,1,0
105979,4,1,1,4,0,4,1,0
105980,4,1,1,4,1,3,1,0
105981,3,2,1,4,0,4,1,0
105982,3,2,1,4,0,4,1,0
105983,4,2,1,4,0,4,1,0
105984,3,2,1,4,0,2,0,0
105985,4,2,1,4,0,2,0,0
105986,3,2,1,4,0,2,0,0
105987,4,1,1,4,0,4,1,0
105988,7,2,4,4,0,4,1,0
105989,7,2,4,4,1,4,1,0
105990,8,1,4,NULL,1,2,0,1
105991,8,1,4,3,1,4,1,0
105992,7,1,4,4,0,4,1,0
105993,6,1,4,NULL,0,2,0,1
105994,7,1,4,NULL,0,2,0,1
105995,7,2,4,3,0,4,1,0
105996,6,1,4,3,0,3,1,0
105997,7,2,4,3,0,3,1,0
105999,7,2,4,4,0,4,1,0
106000,7,1,4,4,0,3,1,0
106001,7,2,4,4,0,3,1,0
106002,6,1,4,4,0,3,1,0
106003,6,2,4,4,0,4,1,0
106004,7,2,4,NULL,1,3,1,1
106005,6,2,4,NULL,0,3,1,1
106006,6,1,4,4,0,4,1,0
106007,8,1,4,4,1,2,0,0
106008,7,2,4,4,0,3,1,0
106009,7,1,4,3,1,3,1,0
106010,6,2,4,3,1,4,1,0
106011,7,1,4,NULL,1,3,1,1
106012,7,2,4,4,0,4,1,0
106014,7,1,4,4,0,4,1,0
106015,7,2,4,4,0,3,1,0
106016,7,2,4,4,0,3,1,0
106017,7,1,4,3,0,2,0,0
106018,7,2,4,2,1,3,1,0
106019,7,1,4,NULL,1,3,1,1
106020,7,1,4,4,0,3,1,0
106021,6,2,4,4,0,4,1,0
106022,7,1,4,4,1,3,1,0
106023,7,1,4,NULL,0,4,1,1
106024,7,1,4,NULL,1,1,0,1
106025,4,1,2,4,0,4,1,0
106026,4,2,2,2,1,2,0,0
106027,5,1,2,4,0,4,1,0
106029,5,2,2,3,1,3,1,0
106031,4,2,2,3,0,2,0,0
106032,4,1,2,4,0,2,0,0
106033,4,2,2,4,0,2,0,0
106035,4,2,2,4,0,3,1,0
106036,5,1,2,3,0,3,1,0
106037,5,2,2,4,0,4,1,0
106038,5,2,2,4,1,3,1,0
106039,4,1,2,4,0,4,1,0
106040,5,2,2,3,0,3,1,0
106041,5,1,2,3,0,3,1,0
106042,5,1,2,4,0,4,1,0
106044,6,2,2,1,1,3,1,0
106045,5,1,2,4,0,2,0,0
106048,5,1,2,4,1,4,1,0
106049,4,1,2,4,1,3,1,0
106050,5,2,2,4,0,4,1,0
106052,5,1,2,4,0,4,1,0
106055,5,2,2,NULL,1,2,0,1
106056,5,2,2,4,0,3,1,0
106058,5,2,2,NULL,1,4,1,1
106059,5,2,2,2,0,2,0,0
106060,5,2,2,3,1,3,1,0
106061,5,2,2,3,1,3,1,0
106062,5,2,2,4,0,3,1,0
106063,5,1,3,4,0,3,1,0
106064,6,2,3,2,1,3,1,0
106065,6,1,3,3,1,2,0,0
106066,5,2,3,2,0,1,0,0
106067,5,1,3,NULL,1,2,0,1
106068,6,1,3,4,0,4,1,0
106069,5,1,3,4,0,3,1,0
106070,5,2,3,3,0,2,0,0
106071,6,1,3,4,0,3,1,0
106072,5,2,3,4,0,2,0,0
106073,5,1,3,4,1,3,1,0
106074,5,2,3,3,1,4,1,0
106075,5,1,3,3,1,3,1,0
106076,5,1,3,3,1,3,1,0
106077,6,1,3,4,0,4,1,0
106078,7,1,3,4,1,3,1,0
106080,6,1,3,4,0,4,1,0
106081,6,2,3,NULL,0,4,1,1
106082,6,2,3,3,0,3,1,0
106083,5,2,3,4,0,4,1,0
106084,6,1,3,3,1,3,1,0
106086,5,1,3,4,0,2,0,0
106087,6,1,3,4,0,3,1,0
106089,6,2,3,4,0,2,0,0
106091,5,1,3,4,0,3,1,0
106092,5,1,3,4,0,3,1,0
106093,6,2,3,NULL,0,2,0,1
106095,6,2,3,2,0,3,1,0
106096,6,1,3,4,1,3,1,0
106097,6,2,3,4,0,4,1,0
106098,6,2,3,3,1,2,0,0
106099,6,2,3,4,0,3,1,0
106100,6,2,3,4,0,4,1,0
106101,6,1,3,4,1,4,1,0
106102,4,2,2,3,0,2,0,0
106104,5,1,2,4,1,3,1,0
106106,5,2,2,3,0,4,1,0
106107,4,2,2,3,0,3,1,0
106108,5,2,2,4,0,4,1,0
106110,5,2,2,4,0,3,1,0
106111,5,1,2,4,0,4,1,0
106112,5,1,2,4,0,4,1,0
106115,5,1,2,4,0,4,1,0
106116,5,1,2,3,0,4,1,0
106117,5,1,2,4,0,4,1,0
106118,5,2,2,4,0,3,1,0
106123,4,1,2,4,0,3,1,0
106124,5,2,2,3,1,4,1,0
106125,5,2,2,4,1,3,1,0
106127,4,1,2,4,1,4,1,0
106128,4,1,2,4,0,4,1,0
106129,5,1,2,4,0,2,0,0
106130,4,2,2,3,0,2,0,0
106131,4,2,2,4,0,4,1,0
106133,5,1,2,4,0,4,1,0
106135,5,2,2,3,0,3,1,0
106137,5,2,2,4,1,3,1,0
106138,5,1,2,3,1,4,1,0
106139,4,1,2,4,0,4,1,0
106143,6,2,2,3,1,3,1,0
106144,5,2,2,4,0,4,1,0
106145,4,1,2,4,1,3,1,0
106146,6,2,3,4,0,4,1,0
106150,6,1,3,4,0,4,1,0
106151,6,2,3,4,0,3,1,0
106152,6,2,3,4,0,3,1,0
106153,6,2,3,4,0,4,1,0
106155,6,1,3,4,0,3,1,0
106156,6,1,3,4,1,4,1,0
106159,6,2,3,3,1,4,1,0
106160,5,2,3,4,0,4,1,0
106161,5,1,3,3,0,3,1,0
106162,6,2,3,4,0,3,1,0
106163,7,2,3,4,1,3,1,0
106164,6,1,3,4,0,4,1,0
106165,6,2,3,4,0,4,1,0
106167,6,1,3,4,1,4,1,0
106169,6,1,3,4,0,4,1,0
106170,6,1,3,3,0,3,1,0
106171,6,2,3,4,0,3,1,0
106172,6,1,3,4,0,4,1,0
106173,6,1,3,4,0,4,1,0
106174,6,2,3,4,0,4,1,0
106175,5,1,3,4,0,4,1,0
106176,6,2,3,3,0,4,1,0
106177,6,2,3,4,0,3,1,0
106178,6,2,3,4,0,4,1,0
106179,5,2,3,3,1,3,1,0
106180,6,1,3,4,0,4,1,0
106181,6,1,3,4,0,3,1,0
106182,6,2,3,4,0,3,1,0
106184,7,1,4,4,1,4,1,0
106185,6,1,5,3,0,3,1,0
106186,7,1,4,NULL,1,2,0,1
106187,6,2,4,3,1,3,1,0
106188,6,1,4,4,1,3,1,0
106189,7,2,4,4,0,2,0,0
106190,6,2,4,4,1,3,1,0
106191,7,1,4,NULL,1,3,1,1
106192,8,1,5,NULL,1,2,0,1
106193,7,2,5,4,0,3,1,0
106195,8,2,5,NULL,0,3,1,1
106196,8,2,5,NULL,1,3,1,1
106197,8,2,5,NULL,0,4,1,1
106198,8,1,5,NULL,1,2,0,1
106199,7,1,5,3,1,3,1,0
106200,7,1,5,4,0,4,1,0
106201,7,2,5,4,0,4,1,0
106202,8,1,5,4,0,3,1,0
106203,7,1,5,NULL,1,2,0,1
106204,8,1,6,4,0,2,0,0
106205,9,1,6,NULL,0,3,1,1
106206,8,1,6,3,1,1,0,0
106208,9,1,6,3,0,1,0,0
106210,9,2,6,NULL,1,3,1,1
106211,8,2,6,3,0,3,1,0
106212,9,1,6,NULL,1,4,1,1
106213,9,2,6,NULL,1,4,1,1
106214,9,1,6,NULL,0,1,0,1
106215,9,1,6,2,0,2,0,0
106216,8,1,6,4,0,4,1,0
106217,8,1,6,4,0,3,1,0
106218,9,2,6,4,1,2,0,0
106219,10,1,7,NULL,1,2,0,1
106220,9,2,7,4,1,2,0,0
106221,8,1,7,4,1,1,0,0
106222,10,1,7,NULL,0,3,1,1
106223,9,2,7,4,1,3,1,0
106224,9,2,7,NULL,0,3,1,1
106226,9,1,7,4,0,3,1,0
106227,9,1,7,4,0,2,0,0
106228,10,2,7,3,0,3,1,0
106229,10,1,7,NULL,1,3,1,1
106230,3,1,1,4,0,4,1,0
106231,5,1,1,2,1,3,1,0
106232,3,1,1,4,1,2,0,0
106233,3,2,1,4,0,3,1,0
106234,3,1,1,4,1,3,1,0
106235,3,1,1,4,0,4,1,0
106237,4,1,1,4,0,4,1,0
106238,3,2,1,4,0,4,1,0
106239,3,2,1,3,0,3,1,0
106240,3,2,1,4,0,4,1,0
106241,3,2,1,4,1,3,1,0
106242,3,1,1,4,0,4,1,0
106243,3,1,1,4,0,4,1,0
106244,3,1,1,4,0,4,1,0
106245,4,1,1,4,0,3,1,0
106246,3,2,1,4,1,4,1,0
106247,3,2,1,4,0,3,1,0
106248,3,2,1,4,0,3,1,0
106249,3,2,1,4,0,3,1,0
106250,3,1,1,4,0,4,1,0
106251,3,2,1,4,1,4,1,0
106252,3,2,1,4,0,4,1,0
106253,4,1,1,4,1,4,1,0
106257,3,2,1,2,0,3,1,0
106258,3,2,1,3,0,4,1,0
106259,3,2,1,4,0,3,1,0
106260,3,2,1,3,0,3,1,0
106261,3,2,1,3,0,4,1,0
106262,3,2,1,4,0,4,1,0
106263,3,2,1,2,1,3,1,0
106264,4,1,1,4,0,4,1,0
106265,3,1,1,4,0,2,0,0
106266,4,1,1,4,0,4,1,0
106267,3,1,1,2,0,3,1,0
106268,3,1,1,4,1,4,1,0
106269,3,1,1,4,1,4,1,0
106270,4,2,1,4,0,3,1,0
106272,3,1,1,4,0,3,1,0
106273,3,1,1,4,0,4,1,0
106274,3,1,1,3,1,3,1,0
106275,3,2,1,4,0,4,1,0
106276,4,1,1,4,0,4,1,0
106277,5,2,2,3,0,2,0,0
106278,5,2,2,NULL,1,4,1,1
106279,5,1,2,NULL,0,3,1,1
106280,4,2,2,4,0,4,1,0
106282,4,2,2,3,1,4,1,0
106283,4,1,2,4,0,4,1,0
106284,5,1,2,4,1,4,1,0
106285,4,1,2,4,0,3,1,0
106286,4,2,2,2,1,2,0,0
106287,5,2,2,4,0,4,1,0
106288,4,2,2,3,0,3,1,0
106289,4,2,2,3,1,4,1,0
106290,4,2,2,NULL,1,4,1,1
106291,4,1,2,NULL,1,4,1,1
106292,4,1,2,3,0,4,1,0
106293,4,2,2,4,0,4,1,0
106294,4,1,2,4,1,2,0,0
106296,4,2,2,4,0,3,1,0
106297,5,2,2,4,0,2,0,0
106298,4,2,2,NULL,1,3,1,1
106299,4,1,2,4,1,4,1,0
106300,5,1,2,NULL,0,4,1,1
106301,4,2,2,4,0,3,1,0
106304,5,2,2,4,0,4,1,0
106305,5,1,2,NULL,1,3,1,1
106308,4,2,2,NULL,1,4,1,1
106312,5,2,2,4,0,3,1,0
106313,4,1,2,4,0,3,1,0
106314,4,2,2,NULL,1,2,0,1
106315,5,1,2,4,0,4,1,0
106317,5,2,3,4,1,3,1,0
106318,5,2,3,NULL,1,3,1,1
106319,6,1,3,4,1,3,1,0
106320,5,1,3,4,0,4,1,0
106321,5,1,3,4,0,4,1,0
106322,5,2,3,4,0,3,1,0
106323,6,1,3,4,0,4,1,0
106324,6,1,3,3,1,4,1,0
106325,5,2,3,3,0,3,1,0
106326,5,1,3,4,0,3,1,0
106327,6,1,3,4,0,4,1,0
106328,5,1,3,4,1,4,1,0
106329,5,1,3,4,0,4,1,0
106330,5,1,3,4,1,4,1,0
106331,5,2,3,4,1,3,1,0
106332,5,1,3,4,0,4,1,0
106333,5,2,3,4,0,4,1,0
106334,5,2,3,3,1,4,1,0
106335,6,1,3,3,1,4,1,0
106336,6,1,3,4,1,4,1,0
106337,5,2,3,4,0,3,1,0
106338,5,2,3,NULL,0,4,1,1
106339,6,1,3,4,0,3,1,0
106340,5,2,3,3,0,4,1,0
106341,5,2,3,4,1,2,0,0
106342,5,1,3,4,1,3,1,0
106343,5,2,3,NULL,1,4,1,1
106344,5,1,3,NULL,1,3,1,1
106345,5,2,3,4,0,3,1,0
106346,6,2,3,3,0,3,1,0
106347,5,1,3,4,0,4,1,0
106348,6,1,3,4,1,2,0,0
106349,5,1,3,3,1,3,1,0
106350,5,2,3,NULL,1,4,1,1
106351,5,1,3,3,0,4,1,0
106352,5,2,3,4,0,3,1,0
106353,4,1,1,3,1,3,1,0
106354,4,2,1,3,1,1,0,0
106355,4,2,1,3,1,3,1,0
106356,4,2,1,4,0,3,1,0
106357,4,2,1,3,1,3,1,0
106358,4,1,1,4,1,4,1,0
106359,4,1,1,3,0,3,1,0
106360,5,2,1,4,0,4,1,0
106361,4,1,1,4,1,4,1,0
106362,5,2,1,4,0,3,1,0
106363,3,2,1,4,0,4,1,0
106365,3,2,1,NULL,1,3,1,1
106366,3,1,1,4,0,3,1,0
106368,3,2,1,4,0,3,1,0
106370,4,2,1,4,1,4,1,0
106371,3,1,1,3,0,4,1,0
106372,4,1,1,4,1,3,1,0
106373,4,2,1,3,0,3,1,0
106374,4,1,1,4,0,2,0,0
106375,3,2,1,NULL,0,4,1,1
106376,4,1,1,4,0,4,1,0
106378,4,1,1,4,0,3,1,0
106379,4,2,1,3,1,3,1,0
106380,4,2,1,4,0,3,1,0
106381,4,1,1,2,1,3,1,0
106383,3,1,1,4,1,4,1,0
106384,4,1,1,4,1,4,1,0
106386,3,1,1,4,0,3,1,0
106387,3,1,1,3,0,3,1,0
106388,4,2,1,4,0,4,1,0
106389,3,1,1,NULL,0,3,1,1
106390,4,2,1,4,0,3,1,0
106391,3,1,1,NULL,1,3,1,1
106392,3,2,1,4,0,4,1,0
106393,4,2,1,3,1,3,1,0
106394,4,2,1,4,0,4,1,0
106397,3,2,1,3,0,3,1,0
106398,8,2,6,3,0,4,1,0
106399,8,1,5,4,1,4,1,0
106401,7,2,4,3,1,3,1,0
106403,6,2,4,4,1,3,1,0
106406,7,2,4,4,1,2,0,0
106409,6,2,4,4,0,4,1,0
106411,8,2,6,4,1,2,0,0
106413,6,2,4,1,0,4,1,0
106414,6,2,4,4,0,2,0,0
106415,7,1,5,3,0,3,1,0
106416,7,2,1,NULL,1,1,0,1
106419,7,1,5,4,0,4,1,0
106420,7,1,5,4,0,3,1,0
106421,6,2,4,4,0,4,1,0
106425,8,2,5,NULL,1,2,0,1
106426,8,2,5,NULL,1,2,0,1
106427,9,2,6,4,0,2,0,0
106428,7,1,5,3,1,3,1,0
106430,8,1,5,4,0,1,0,0
106431,10,1,6,4,1,2,0,0
106432,7,2,4,4,0,2,0,0
106435,9,1,6,NULL,1,4,1,1
106436,7,2,4,3,0,3,1,0
106437,8,1,5,NULL,1,2,0,1
106438,7,1,5,4,0,3,1,0
106439,6,2,4,4,0,4,1,0
106440,10,1,7,NULL,1,3,1,1
106441,8,2,5,4,1,2,0,0
106442,7,1,5,3,0,3,1,0
106443,7,1,4,NULL,0,4,1,1
106444,6,2,4,2,1,4,1,0
106445,7,1,4,3,1,3,1,0
106448,6,1,4,3,0,4,1,0
106449,7,2,5,4,0,4,1,0
106450,7,1,4,2,0,1,0,0
106451,6,1,4,4,1,3,1,0
106452,6,1,4,NULL,1,4,1,1
106453,7,1,4,NULL,1,3,1,1
106454,7,1,4,4,0,4,1,0
106455,7,1,4,4,1,4,1,0
106456,7,1,4,NULL,1,4,1,1
106458,6,2,4,4,1,4,1,0
106460,6,1,4,3,0,3,1,0
106461,5,2,1,4,0,4,1,0
106463,4,2,1,4,0,3,1,0
106464,3,1,1,4,0,3,1,0
106466,4,1,1,4,1,4,1,0
106467,4,2,1,4,0,3,1,0
106468,4,1,1,4,0,3,1,0
106469,5,2,1,3,0,3,1,0
106470,4,1,1,NULL,1,4,1,1
106471,4,1,1,4,1,4,1,0
106473,4,1,1,4,0,4,1,0
106474,4,1,1,NULL,1,3,1,1
106475,5,1,1,4,0,2,0,0
106476,3,1,1,4,0,4,1,0
106478,5,1,1,4,0,4,1,0
106479,3,2,1,4,0,3,1,0
106480,4,1,1,4,0,4,1,0
106482,4,2,1,4,0,4,1,0
106483,4,1,1,2,0,2,0,0
106484,5,2,1,4,0,3,1,0
106486,4,1,1,4,0,4,1,0
106487,4,2,1,4,0,4,1,0
106488,4,2,1,3,0,3,1,0
106489,3,1,1,4,0,3,1,0
106490,4,2,1,4,0,3,1,0
106491,4,1,1,4,0,3,1,0
106493,4,1,1,3,0,3,1,0
106494,4,1,1,4,0,3,1,0
106495,4,2,1,4,0,4,1,0
106497,4,1,1,4,0,2,0,0
106498,4,1,1,4,1,4,1,0
106499,4,1,1,2,0,4,1,0
106501,5,1,2,NULL,1,3,1,1
106502,5,2,2,NULL,0,3,1,1
106504,5,2,2,4,0,4,1,0
106505,5,1,2,4,0,4,1,0
106508,5,1,2,3,1,3,1,0
106509,5,1,2,4,0,3,1,0
106510,5,2,2,4,0,4,1,0
106511,5,2,2,3,0,3,1,0
106512,5,1,2,4,0,2,0,0
106514,6,1,2,4,0,3,1,0
106515,5,2,2,4,0,4,1,0
106516,4,2,2,NULL,1,3,1,1
106518,5,2,2,4,1,4,1,0
106519,6,1,2,4,0,4,1,0
106523,6,2,2,3,1,3,1,0
106525,4,1,2,4,0,4,1,0
106526,4,1,2,4,0,4,1,0
106527,5,1,2,4,0,4,1,0
106528,6,2,2,2,1,2,0,0
106529,5,2,2,4,0,4,1,0
106530,5,1,2,4,0,2,0,0
106531,5,1,2,4,0,4,1,0
106532,5,2,2,4,0,4,1,0
106533,5,2,2,4,0,4,1,0
106535,5,1,2,4,0,4,1,0
106536,5,1,2,4,0,4,1,0
106537,5,2,2,3,0,3,1,0
106538,5,1,2,4,0,4,1,0
106539,5,1,2,4,0,4,1,0
106540,5,2,2,4,0,4,1,0
106541,5,1,2,4,0,4,1,0
106542,5,2,2,4,1,3,1,0
106543,5,1,2,3,0,4,1,0
106544,5,1,2,4,0,3,1,0
106545,5,1,2,4,0,4,1,0
106546,5,2,2,3,0,4,1,0
106547,6,2,3,4,1,3,1,0
106548,6,1,3,NULL,1,2,0,1
106551,6,2,3,4,0,4,1,0
106553,6,2,3,4,1,4,1,0
106554,6,2,3,4,0,4,1,0
106556,6,2,3,2,0,2,0,0
106557,6,2,3,3,1,4,1,0
106558,5,2,3,4,0,3,1,0
106560,6,2,3,4,0,4,1,0
106561,5,1,3,3,0,3,1,0
106562,5,2,3,4,0,3,1,0
106563,6,1,3,4,1,4,1,0
106564,6,2,3,NULL,1,4,1,1
106565,6,1,3,4,0,4,1,0
106566,5,2,3,4,1,4,1,0
106567,6,1,3,4,1,3,1,0
106568,5,2,3,NULL,1,4,1,1
106569,5,1,3,3,0,4,1,0
106570,6,1,3,4,0,3,1,0
106571,6,2,3,4,0,4,1,0
106572,6,2,3,4,0,4,1,0
106575,6,2,3,3,0,3,1,0
106577,6,1,3,4,0,4,1,0
106578,6,1,3,4,0,4,1,0
106579,7,2,3,4,0,2,0,0
106580,6,2,3,4,1,3,1,0
106583,6,1,3,4,0,4,1,0
106584,7,2,3,4,1,3,1,0
106585,5,1,3,4,1,4,1,0
106587,5,2,3,4,1,4,1,0
106588,6,2,3,4,0,4,1,0
106589,7,1,3,4,1,4,1,0
106590,6,2,3,NULL,0,3,1,1
106591,6,1,3,4,1,4,1,0
106593,5,2,3,4,0,4,1,0
106596,7,2,3,4,0,3,1,0
106599,7,1,5,3,0,3,1,0
106600,7,1,5,NULL,0,2,0,1
106601,8,1,5,4,1,2,0,0
106602,7,1,5,4,0,3,1,0
106603,8,2,5,NULL,0,4,1,1
106604,8,2,5,NULL,0,2,0,1
106606,7,1,5,4,0,2,0,0
106607,8,1,5,4,0,4,1,0
106609,7,1,5,4,1,3,1,0
106610,7,2,5,4,0,3,1,0
106612,8,1,5,4,0,4,1,0
106613,7,2,5,3,1,3,1,0
106614,7,2,5,3,0,2,0,0
106616,7,1,5,4,0,4,1,0
106618,7,2,4,4,0,2,0,0
106620,6,1,4,3,1,2,0,0
106621,8,1,5,4,0,3,1,0
106622,6,2,4,4,0,3,1,0
106623,6,2,4,4,0,3,1,0
106624,6,2,4,4,0,4,1,0
106625,7,2,4,4,0,3,1,0
106626,7,2,4,NULL,0,2,0,1
106627,6,2,4,NULL,1,3,1,1
106628,6,2,4,4,0,4,1,0
106629,6,2,4,4,0,3,1,0
106630,7,1,4,4,0,4,1,0
106632,8,1,5,4,0,3,1,0
106633,7,2,4,4,0,3,1,0
106634,7,1,4,4,0,4,1,0
106635,8,1,4,NULL,1,1,0,1
106636,7,2,4,4,0,4,1,0
106637,6,2,4,4,0,3,1,0
106638,6,2,4,4,0,4,1,0
106639,7,1,4,NULL,1,4,1,1
106642,8,2,6,NULL,1,2,0,1
106643,8,2,6,3,0,4,1,0
106644,8,2,6,NULL,0,2,0,1
106645,8,2,6,4,0,3,1,0
106647,8,2,6,4,0,4,1,0
106648,8,1,6,NULL,0,2,0,1
106649,8,1,6,NULL,0,2,0,1
106651,8,1,6,NULL,0,3,1,1
106652,10,2,6,NULL,0,4,1,1
106653,9,1,6,4,0,2,0,0
106655,9,2,6,4,0,3,1,0
106656,10,1,6,3,1,4,1,0
106657,9,2,6,4,0,4,1,0
106658,9,1,6,4,1,3,1,0
106660,8,2,6,4,0,4,1,0
106661,8,1,6,4,1,3,1,0
106662,10,1,7,4,0,4,1,0
106663,9,1,7,4,0,4,1,0
106665,10,1,7,NULL,1,2,0,1
106666,10,2,7,NULL,0,4,1,1
106667,9,1,7,3,0,3,1,0
106668,9,1,7,3,1,3,1,0
106669,9,1,7,4,0,3,1,0
106670,9,1,7,4,0,4,1,0
106672,10,1,7,4,1,3,1,0
106673,10,1,7,4,0,3,1,0
106674,9,2,7,NULL,0,3,1,1
106675,9,1,7,4,1,2,0,0
106676,9,2,7,NULL,1,2,0,1
106677,10,1,7,4,1,4,1,0
106678,9,1,7,3,1,3,1,0
106679,10,2,7,3,0,3,1,0
106681,6,1,4,4,0,4,1,0
106682,7,2,4,3,0,3,1,0
106683,6,2,4,4,0,4,1,0
106684,6,2,4,4,1,3,1,0
106685,6,1,4,4,0,4,1,0
106686,7,2,4,4,1,3,1,0
106688,7,2,4,4,0,4,1,0
106689,7,1,4,4,1,4,1,0
106690,6,2,4,4,1,4,1,0
106692,6,1,4,NULL,0,2,0,1
106693,7,1,4,3,0,4,1,0
106695,6,2,4,4,0,3,1,0
106696,6,1,4,3,0,2,0,0
106697,7,1,4,4,0,3,1,0
106700,6,1,4,4,0,3,1,0
106701,7,2,4,1,0,3,1,0
106702,6,2,4,3,0,3,1,0
106703,6,2,4,4,0,3,1,0
106704,6,2,4,2,1,1,0,0
106705,6,2,4,4,0,3,1,0
106706,6,1,4,4,0,3,1,0
106707,6,1,4,4,0,3,1,0
106709,6,1,4,1,1,3,1,0
106710,6,1,4,3,1,2,0,0
106712,6,2,4,4,0,4,1,0
106713,7,2,4,3,0,4,1,0
106715,7,1,4,4,0,4,1,0
106716,6,2,4,3,0,3,1,0
106717,6,2,4,4,0,2,0,0
106718,6,2,4,NULL,1,2,0,1
106719,6,1,4,4,0,4,1,0
106720,6,1,4,4,0,4,1,0
106721,6,1,4,3,0,3,1,0
106722,6,2,4,3,0,3,1,0
106723,8,1,5,4,0,3,1,0
106724,7,2,5,4,0,2,0,0
106725,7,1,5,NULL,0,3,1,1
106726,7,2,5,2,0,3,1,0
106727,7,2,5,NULL,1,2,0,1
106729,8,1,5,4,0,3,1,0
106730,7,2,5,NULL,0,4,1,1
106731,8,1,5,3,1,2,0,0
106732,8,1,5,4,0,3,1,0
106733,7,2,5,4,0,4,1,0
106734,7,2,5,4,1,3,1,0
106736,7,1,5,4,0,3,1,0
106737,8,1,5,4,0,4,1,0
106738,8,2,5,4,0,3,1,0
106739,7,1,5,4,0,3,1,0
106740,7,2,5,3,1,3,1,0
106741,7,2,5,3,0,3,1,0
106742,7,2,5,NULL,0,3,1,1
106744,7,1,5,3,0,3,1,0
106745,7,2,5,4,0,4,1,0
106746,7,1,5,3,0,3,1,0
106747,7,1,5,4,0,3,1,0
106748,7,2,5,4,0,4,1,0
106749,7,2,5,4,0,4,1,0
106750,7,2,5,4,0,4,1,0
106751,8,1,5,NULL,0,2,0,1
106752,7,2,5,4,1,3,1,0
106753,7,1,5,NULL,0,3,1,1
106755,8,1,6,4,0,1,0,0
106756,8,1,6,NULL,1,3,1,1
106757,9,2,6,3,0,4,1,0
106758,8,2,6,NULL,0,2,0,1
106760,8,1,6,NULL,1,1,0,1
106761,9,1,6,4,0,3,1,0
106762,8,1,6,3,0,3,1,0
106763,8,2,6,1,0,4,1,0
106764,8,1,6,NULL,1,3,1,1
106765,8,1,6,3,0,4,1,0
106766,8,1,6,4,0,4,1,0
106767,9,1,6,3,0,4,1,0
106768,8,2,6,NULL,1,3,1,1
106769,9,1,6,NULL,0,3,1,1
106771,8,2,6,4,0,4,1,0
106772,9,1,6,NULL,0,4,1,1
106773,9,1,6,4,1,3,1,0
106774,8,2,6,4,0,4,1,0
106775,8,1,6,3,0,1,0,0
106776,9,1,6,4,0,3,1,0
106777,8,2,6,3,0,3,1,0
106778,9,1,6,4,0,4,1,0
106780,9,1,6,4,1,4,1,0
106782,8,1,6,3,0,3,1,0
106783,8,1,6,4,0,3,1,0
106784,8,2,6,NULL,0,3,1,1
106786,8,2,6,NULL,1,3,1,1
106787,9,1,6,4,0,2,0,0
106788,8,2,6,3,0,1,0,0
106789,8,2,6,NULL,0,2,0,1
106790,8,1,6,4,0,4,1,0
106791,8,1,6,3,0,3,1,0
106792,8,1,6,4,0,4,1,0
106793,8,2,6,NULL,0,3,1,1
106794,8,2,6,4,0,4,1,0
106795,8,1,6,4,0,3,1,0
106796,8,2,6,4,0,4,1,0
106797,8,2,6,4,1,3,1,0
106798,8,2,6,3,0,3,1,0
106799,8,1,6,4,0,4,1,0
106800,9,1,7,3,0,3,1,0
106801,9,1,7,3,0,2,0,0
106803,9,2,7,4,0,3,1,0
106807,9,1,7,4,0,3,1,0
106808,9,2,7,3,0,4,1,0
106810,10,2,7,3,1,3,1,0
106812,9,2,7,3,0,4,1,0
106813,9,2,7,4,0,4,1,0
106814,10,2,7,NULL,0,4,1,1
106816,9,1,7,4,0,1,0,0
106820,9,2,7,4,0,4,1,0
106822,9,1,7,4,0,4,1,0
106823,9,2,7,3,0,4,1,0
106825,9,2,7,NULL,0,2,0,1
106826,9,2,7,4,0,4,1,0
106828,9,1,7,3,0,2,0,0
106829,9,2,7,4,0,3,1,0
106830,10,1,7,NULL,0,4,1,1
106831,9,2,7,NULL,0,3,1,1
106832,9,1,7,4,0,3,1,0
106833,10,2,7,3,0,1,0,0
106834,9,2,7,4,0,4,1,0
106836,5,1,2,NULL,0,4,1,1
106838,5,2,2,4,0,3,1,0
106839,5,1,2,4,0,3,1,0
106842,4,2,2,3,1,3,1,0
106843,5,2,2,3,0,3,1,0
106845,4,2,2,3,1,3,1,0
106851,5,1,2,4,0,4,1,0
106857,4,2,2,4,0,4,1,0
106861,6,1,3,NULL,0,1,0,1
106862,4,2,3,3,1,4,1,0
106863,6,2,3,4,0,4,1,0
106864,6,1,3,4,0,3,1,0
106865,6,1,3,4,0,4,1,0
106867,6,2,3,NULL,0,4,1,1
106868,6,1,3,NULL,0,4,1,1
106869,6,2,3,4,0,3,1,0
106870,5,2,3,3,1,3,1,0
106871,5,2,3,3,1,4,1,0
106873,7,2,3,3,0,4,1,0
106874,6,2,3,2,0,1,0,0
106876,5,1,3,NULL,0,2,0,1
106878,6,2,3,4,0,3,1,0
106879,6,2,3,4,0,3,1,0
106880,6,2,3,3,1,4,1,0
106881,7,2,3,2,0,4,1,0
106883,7,1,5,3,0,3,1,0
106884,8,2,5,4,1,4,1,0
106885,7,2,5,4,0,4,1,0
106886,8,1,5,4,1,4,1,0
106887,8,2,5,4,0,4,1,0
106888,8,2,5,4,0,4,1,0
106889,7,2,5,3,0,4,1,0
106891,7,2,5,4,0,3,1,0
106892,8,1,5,NULL,1,2,0,1
106894,8,2,5,NULL,0,3,1,1
106895,8,2,5,3,0,3,1,0
106896,8,1,5,4,0,3,1,0
106897,8,2,5,4,1,4,1,0
106898,8,1,6,4,0,4,1,0
106899,8,2,5,NULL,0,2,0,1
106900,8,1,5,3,0,3,1,0
106901,8,2,5,4,0,3,1,0
106902,9,1,5,4,0,4,1,0
106903,8,2,5,NULL,1,3,1,1
106904,8,2,5,4,1,2,0,0
106905,7,2,5,4,1,2,0,0
106906,8,1,5,4,1,4,1,0
106908,7,2,5,3,1,2,0,0
106909,8,2,5,NULL,1,4,1,1
106910,7,1,5,2,1,2,0,0
106911,8,1,5,3,1,2,0,0
106912,8,2,5,2,0,3,1,0
106913,7,1,5,3,0,3,1,0
106914,8,2,5,3,0,4,1,0
106915,7,1,5,4,1,4,1,0
106916,8,1,5,4,0,4,1,0
106917,7,2,5,3,0,3,1,0
106918,6,2,3,4,0,4,1,0
106919,8,1,6,NULL,1,1,0,1
106920,8,1,6,4,0,4,1,0
106921,9,2,6,3,0,4,1,0
106922,9,2,6,2,1,3,1,0
106923,8,1,6,NULL,1,2,0,1
106924,9,2,6,NULL,0,2,0,1
106925,8,1,6,NULL,1,4,1,1
106926,9,1,6,4,0,4,1,0
106928,9,1,6,4,0,4,1,0
106929,8,1,6,4,0,4,1,0
106930,9,2,6,NULL,0,3,1,1
106931,9,2,6,NULL,1,2,0,1
106932,9,2,6,NULL,1,3,1,1
106933,9,1,6,NULL,0,3,1,1
106934,9,1,6,2,1,2,0,0
106935,9,1,6,4,0,3,1,0
106936,9,2,6,3,0,3,1,0
106937,9,1,6,NULL,0,2,0,1
106938,9,2,6,3,1,2,0,0
106939,9,2,6,NULL,0,4,1,1
106940,9,1,6,NULL,1,4,1,1
106941,9,1,6,NULL,1,2,0,1
106942,9,2,6,4,0,4,1,0
106943,9,1,6,3,0,3,1,0
106944,9,1,6,2,0,4,1,0
106945,8,1,6,4,1,2,0,0
106946,8,2,6,NULL,1,4,1,1
106947,9,1,6,3,1,3,1,0
106948,9,2,6,NULL,0,3,1,1
106949,9,1,6,3,1,3,1,0
106950,10,2,7,3,0,4,1,0
106951,10,1,7,NULL,0,3,1,1
106952,9,2,7,3,0,2,0,0
106953,9,1,7,NULL,0,2,0,1
106954,9,1,7,3,0,2,0,0
106955,9,2,7,4,0,3,1,0
106956,9,1,7,4,1,4,1,0
106957,9,2,7,NULL,1,4,1,1
106959,9,1,7,NULL,1,1,0,1
106960,9,2,7,NULL,0,3,1,1
106961,10,1,7,NULL,0,3,1,1
106962,10,2,7,4,1,4,1,0
106963,10,1,7,4,0,4,1,0
106964,10,2,7,2,1,2,0,0
106965,10,1,7,NULL,0,2,0,1
106966,9,2,7,4,0,2,0,0
106967,10,1,7,4,0,2,0,0
106968,10,1,7,4,0,4,1,0
106969,10,2,7,4,0,4,1,0
106970,10,1,7,4,0,4,1,0
106971,9,2,7,4,0,3,1,0
106972,10,2,7,4,0,3,1,0
106973,10,2,7,4,0,3,1,0
106974,9,1,7,NULL,0,4,1,1
106975,10,2,7,4,0,4,1,0
106976,9,2,7,4,0,3,1,0
106977,9,2,7,NULL,0,4,1,1
106978,10,2,7,4,0,3,1,0
106979,10,1,7,4,0,3,1,0
106980,3,2,1,2,0,3,1,0
106981,4,2,1,3,1,3,1,0
106982,4,1,1,4,1,3,1,0
106983,3,2,1,3,1,4,1,0
106984,3,2,1,4,1,4,1,0
106986,3,2,1,4,0,3,1,0
106987,4,2,1,4,0,4,1,0
106988,4,2,1,4,0,3,1,0
106989,4,1,1,3,0,4,1,0
106991,4,2,1,4,1,4,1,0
106992,3,1,1,4,0,4,1,0
106993,5,1,2,3,0,4,1,0
106994,5,1,2,4,1,4,1,0
106995,5,2,2,3,1,3,1,0
106997,5,1,2,NULL,0,4,1,1
107000,4,1,2,4,0,4,1,0
107001,4,1,2,4,0,4,1,0
107002,5,2,2,4,0,3,1,0
107003,5,2,2,NULL,1,4,1,1
107006,6,2,2,4,1,4,1,0
107007,5,2,2,4,0,3,1,0
107008,4,2,2,3,0,3,1,0
107009,5,2,2,4,1,4,1,0
107010,5,1,3,4,0,2,0,0
107011,5,2,3,4,1,4,1,0
107012,6,2,3,NULL,1,3,1,1
107013,6,1,3,4,1,4,1,0
107014,6,1,3,4,0,4,1,0
107015,6,2,3,4,0,4,1,0
107016,5,1,3,4,0,4,1,0
107018,5,2,3,4,0,4,1,0
107019,8,1,6,NULL,1,3,1,1
107020,8,1,5,4,1,4,1,0
107021,8,2,4,NULL,1,2,0,1
107022,7,1,4,4,0,3,1,0
107023,7,1,5,3,0,4,1,0
107024,8,1,5,3,0,3,1,0
107025,7,1,5,NULL,0,2,0,1
107026,8,1,5,3,1,2,0,0
107027,8,2,5,NULL,1,2,0,1
107029,8,2,5,NULL,0,4,1,1
107030,8,2,5,4,0,3,1,0
107031,8,2,5,3,0,3,1,0
107032,9,1,6,NULL,0,3,1,1
107033,8,2,5,NULL,1,3,1,1
107034,8,1,5,3,0,4,1,0
107035,7,1,5,4,1,2,0,0
107037,7,1,5,4,1,2,0,0
107038,8,1,6,4,0,3,1,0
107039,8,1,5,4,1,4,1,0
107040,7,2,5,2,0,3,1,0
107042,10,2,7,NULL,1,3,1,1
107043,8,1,5,NULL,1,4,1,1
107044,8,2,5,NULL,1,3,1,1
107045,8,1,5,3,1,3,1,0
107046,8,1,4,2,1,3,1,0
107047,10,1,7,4,0,4,1,0
107048,8,1,5,NULL,1,1,0,1
107050,10,1,7,4,1,4,1,0
107051,8,2,6,3,1,2,0,0
107052,9,2,6,NULL,1,3,1,1
107053,9,1,6,NULL,1,2,0,1
107054,6,2,4,NULL,1,2,0,1
107055,7,1,4,4,0,4,1,0
107057,7,1,4,4,0,4,1,0
107058,7,2,4,4,0,4,1,0
107060,6,2,4,4,0,3,1,0
107061,7,1,4,4,0,4,1,0
107062,7,1,4,2,0,4,1,0
107064,7,1,4,4,0,4,1,0
107066,6,1,4,3,0,3,1,0
107067,7,2,4,4,0,3,1,0
107069,6,1,4,4,0,3,1,0
107070,6,2,4,3,0,4,1,0
107071,6,2,4,1,1,4,1,0
107072,6,1,4,4,0,4,1,0
107073,6,2,4,NULL,0,3,1,1
107074,6,2,4,4,1,4,1,0
107075,6,2,4,3,0,3,1,0
107076,7,2,4,NULL,1,4,1,1
107077,6,2,4,4,0,3,1,0
107078,7,1,4,NULL,0,4,1,1
107079,7,2,5,4,0,4,1,0
107080,7,2,4,3,0,4,1,0
107081,6,1,4,4,0,4,1,0
107082,6,1,4,NULL,0,2,0,1
107083,6,1,4,3,1,3,1,0
107084,6,2,4,3,1,3,1,0
107085,8,2,5,3,0,4,1,0
107086,6,1,4,4,1,2,0,0
107087,6,2,4,4,1,3,1,0
107088,7,1,4,4,1,3,1,0
107089,6,1,4,3,0,3,1,0
107090,7,1,4,NULL,0,2,0,1
107091,7,2,4,2,0,3,1,0
107092,6,1,4,4,0,4,1,0
107094,6,2,4,3,1,4,1,0
107095,6,2,4,4,0,2,0,0
107096,6,1,4,4,0,4,1,0
107097,8,1,5,4,0,4,1,0
107098,6,1,4,4,0,4,1,0
107099,4,1,1,4,0,3,1,0
107101,4,2,1,4,1,4,1,0
107103,3,2,1,4,1,4,1,0
107104,3,2,1,4,0,3,1,0
107105,4,2,1,4,0,4,1,0
107106,4,2,1,4,1,4,1,0
107107,4,1,1,4,0,2,0,0
107109,3,1,1,4,1,3,1,0
107111,3,2,1,3,1,3,1,0
107112,4,2,1,4,1,1,0,0
107113,4,1,1,4,1,3,1,0
107115,3,2,1,4,1,2,0,0
107116,3,1,1,4,0,4,1,0
107117,4,2,1,4,0,3,1,0
107120,4,2,1,4,1,1,0,0
107121,4,1,1,4,0,4,1,0
107123,4,2,1,4,1,3,1,0
107124,3,1,1,4,0,3,1,0
107125,4,1,1,4,0,4,1,0
107126,4,1,1,4,0,2,0,0
107127,4,1,1,4,0,4,1,0
107129,4,2,1,4,0,4,1,0
107130,4,1,1,4,0,4,1,0
107131,4,1,1,NULL,0,3,1,1
107132,4,1,1,2,1,1,0,0
107133,4,1,1,3,0,3,1,0
107135,3,2,1,4,0,2,0,0
107136,3,1,1,4,1,3,1,0
107137,4,1,1,NULL,1,3,1,1
107138,4,1,1,NULL,0,2,0,1
107139,3,1,1,3,0,3,1,0
107140,4,2,1,4,0,4,1,0
107142,4,2,1,4,1,3,1,0
107143,4,2,1,4,1,4,1,0
107144,3,1,1,4,0,4,1,0
107145,3,2,1,4,0,4,1,0
107146,3,1,1,4,0,3,1,0
107148,3,2,1,4,0,4,1,0
107149,4,2,1,4,0,4,1,0
107151,3,2,1,3,0,3,1,0
107152,4,2,1,4,1,3,1,0
107153,5,2,8,1,1,2,0,0
107155,3,1,1,3,0,2,0,0
107156,5,1,2,4,0,2,0,0
107157,4,1,2,4,0,4,1,0
107159,5,2,2,4,0,3,1,0
107160,4,2,2,3,0,4,1,0
107162,4,1,2,4,0,3,1,0
107163,4,2,2,2,0,3,1,0
107164,5,1,2,4,0,4,1,0
107165,4,1,2,4,0,4,1,0
107166,4,2,2,4,0,4,1,0
107167,5,1,2,NULL,1,4,1,1
107168,4,2,2,3,0,3,1,0
107169,5,2,2,3,1,3,1,0
107170,5,1,2,4,0,3,1,0
107171,4,2,2,4,1,3,1,0
107172,4,2,2,4,1,3,1,0
107173,4,2,2,1,0,2,0,0
107174,5,1,2,4,0,3,1,0
107175,5,2,2,4,0,4,1,0
107176,5,2,2,NULL,1,1,0,1
107177,5,2,2,3,0,2,0,0
107178,5,2,2,NULL,0,2,0,1
107179,5,2,2,4,1,2,0,0
107180,4,2,2,4,0,4,1,0
107181,4,1,2,3,1,3,1,0
107182,4,2,2,4,1,3,1,0
107183,5,2,2,4,0,4,1,0
107184,5,2,2,3,1,3,1,0
107185,4,1,2,4,0,3,1,0
107186,4,1,2,4,0,4,1,0
107187,4,2,2,2,0,4,1,0
107188,4,1,2,NULL,0,3,1,1
107189,5,1,2,2,0,2,0,0
107190,6,2,4,4,0,4,1,0
107191,7,2,4,4,0,4,1,0
107192,7,1,4,4,0,4,1,0
107193,8,2,5,3,0,3,1,0
107194,6,2,4,4,0,3,1,0
107195,10,1,7,3,0,2,0,0
107196,7,2,5,NULL,0,4,1,1
107197,6,2,4,4,0,4,1,0
107198,7,1,4,4,0,4,1,0
107199,7,1,4,4,0,3,1,0
107200,6,1,4,4,0,4,1,0
107201,8,1,5,4,0,4,1,0
107202,7,2,4,4,0,4,1,0
107203,8,1,5,4,1,4,1,0
107205,7,1,4,4,0,4,1,0
107206,10,1,7,4,0,4,1,0
107207,6,1,4,3,1,4,1,0
107208,9,1,6,4,0,4,1,0
107209,7,1,4,4,0,3,1,0
107210,6,2,4,4,0,3,1,0
107211,7,2,4,4,0,2,0,0
107212,7,1,4,4,0,4,1,0
107213,6,1,4,4,0,3,1,0
107214,6,2,4,4,0,3,1,0
107215,6,2,4,2,0,1,0,0
107216,6,1,4,4,0,4,1,0
107217,6,1,4,3,0,3,1,0
107218,6,2,4,3,0,3,1,0
107220,10,2,7,4,0,4,1,0
107221,6,1,4,3,0,4,1,0
107222,8,2,6,3,1,2,0,0
107223,7,1,4,4,0,3,1,0
107224,6,1,4,3,1,2,0,0
107225,6,2,4,4,0,4,1,0
107226,6,1,4,3,1,3,1,0
107227,6,2,4,4,1,3,1,0
107228,8,1,5,4,0,3,1,0
107230,8,2,6,4,1,4,1,0
107231,6,2,4,4,0,4,1,0
107232,7,1,4,4,0,3,1,0
107233,8,1,6,3,0,4,1,0
107234,8,1,6,4,0,3,1,0
107235,6,2,4,4,0,2,0,0
107236,7,2,4,4,0,3,1,0
107237,7,2,4,4,1,3,1,0
107238,6,2,4,3,0,3,1,0
107239,9,1,6,4,0,4,1,0
107240,7,2,4,3,0,3,1,0
107241,7,2,4,4,0,4,1,0
107242,7,1,4,4,1,4,1,0
107243,6,2,4,NULL,0,3,1,1
107244,6,2,4,4,0,4,1,0
107245,6,2,4,4,1,4,1,0
107246,7,1,5,4,0,4,1,0
107247,7,1,4,3,1,3,1,0
107248,8,1,6,NULL,1,3,1,1
107249,6,1,4,4,0,4,1,0
107250,8,1,5,4,0,2,0,0
107251,7,1,5,4,0,4,1,0
107252,7,1,5,3,0,4,1,0
107254,7,2,5,3,0,2,0,0
107255,8,1,5,4,1,3,1,0
107256,7,1,5,4,0,4,1,0
107257,7,1,5,3,0,3,1,0
107258,8,1,5,4,0,2,0,0
107259,7,1,5,4,0,3,1,0
107260,7,1,5,4,0,4,1,0
107261,7,2,5,2,0,4,1,0
107262,8,1,5,4,0,3,1,0
107263,7,2,5,3,0,4,1,0
107264,6,1,6,3,0,3,1,0
107265,7,1,5,4,0,4,1,0
107266,8,1,6,NULL,0,2,0,1
107267,7,1,5,4,0,3,1,0
107268,7,2,5,4,0,4,1,0
107269,8,1,6,4,1,4,1,0
107270,7,1,5,4,0,3,1,0
107272,7,1,5,4,1,3,1,0
107273,8,1,6,1,0,1,0,0
107274,8,1,6,3,0,3,1,0
107275,7,2,5,NULL,0,3,1,1
107277,8,2,6,4,0,4,1,0
107278,7,2,5,4,0,4,1,0
107279,7,2,5,4,0,3,1,0
107280,8,1,5,4,0,4,1,0
107281,8,1,6,4,1,3,1,0
107282,7,2,5,4,0,4,1,0
107283,8,1,5,3,0,4,1,0
107284,7,2,5,4,1,3,1,0
107285,8,1,5,4,0,4,1,0
107286,7,2,5,4,1,3,1,0
107287,9,1,6,3,0,2,0,0
107288,7,1,5,4,0,3,1,0
107289,7,1,5,4,1,3,1,0
107290,10,1,7,4,0,4,1,0
107291,9,1,6,4,0,4,1,0
107292,7,1,5,3,0,3,1,0
107293,8,1,5,3,0,3,1,0
107295,8,2,5,2,1,4,1,0
107296,7,2,5,3,1,4,1,0
107297,7,1,5,4,1,3,1,0
107298,7,1,5,3,0,4,1,0
107299,7,2,5,3,1,3,1,0
107300,7,2,5,4,0,3,1,0
107301,7,1,5,4,0,4,1,0
107302,7,2,5,4,1,3,1,0
107304,8,2,6,4,0,3,1,0
107305,9,2,6,4,0,4,1,0
107306,8,2,6,4,1,4,1,0
107307,8,1,6,4,0,4,1,0
107308,9,2,6,4,0,3,1,0
107309,8,1,6,4,0,3,1,0
107310,9,1,6,4,0,3,1,0
107311,9,2,6,3,1,4,1,0
107312,9,2,6,4,0,4,1,0
107313,8,2,6,3,0,4,1,0
107314,8,1,6,4,0,3,1,0
107315,8,2,6,4,0,4,1,0
107316,10,1,7,3,1,3,1,0
107317,7,1,6,4,0,3,1,0
107318,9,1,6,3,0,3,1,0
107319,8,2,6,3,0,3,1,0
107320,9,2,6,3,0,4,1,0
107321,8,1,6,3,0,4,1,0
107322,9,1,6,2,0,2,0,0
107323,9,2,6,4,1,4,1,0
107325,8,2,6,4,0,3,1,0
107327,8,2,6,4,0,3,1,0
107328,8,1,6,4,0,3,1,0
107329,9,1,6,4,0,4,1,0
107331,9,2,6,4,0,4,1,0
107332,8,2,6,4,0,3,1,0
107333,8,1,6,4,0,3,1,0
107334,9,2,6,4,0,3,1,0
107335,8,1,6,4,1,3,1,0
107336,9,1,6,4,0,4,1,0
107337,8,2,6,3,0,4,1,0
107338,7,1,5,4,0,3,1,0
107339,8,2,6,3,1,3,1,0
107340,8,2,6,4,0,4,1,0
107341,9,1,6,4,0,3,1,0
107342,9,1,6,4,0,2,0,0
107344,8,1,6,4,0,3,1,0
107345,10,2,7,3,0,3,1,0
107346,8,1,6,4,0,4,1,0
107347,7,2,5,4,0,3,1,0
107348,9,2,6,NULL,1,4,1,1
107349,9,2,6,4,0,3,1,0
107350,8,1,6,NULL,0,4,1,0
107351,7,1,5,2,0,2,0,0
107352,9,2,6,4,0,3,1,0
107353,9,2,6,3,1,4,1,0
107354,9,2,6,3,0,3,1,0
107355,8,1,6,3,1,3,1,0
107356,9,1,6,4,0,3,1,0
107357,8,1,6,4,0,4,1,0
107358,8,1,6,4,0,3,1,0
107359,9,2,6,3,0,3,1,0
107360,8,2,6,2,0,3,1,0
107361,9,2,7,NULL,1,3,1,1
107362,8,1,6,NULL,0,3,1,1
107363,9,1,7,3,0,4,1,0
107364,9,1,6,3,0,3,1,0
107365,9,2,6,4,0,4,1,0
107366,8,2,6,4,0,3,1,0
107367,8,1,6,3,0,4,1,0
107368,8,1,6,4,0,3,1,0
107369,9,2,7,4,0,3,1,0
107371,9,2,6,4,0,3,1,0
107372,10,2,7,NULL,0,3,1,1
107373,8,1,6,4,0,4,1,0
107374,9,1,6,4,0,4,1,0
107375,10,1,7,2,0,3,1,0
107376,9,2,6,4,0,3,1,0
107377,8,1,6,NULL,0,3,1,1
107378,8,2,6,4,0,3,1,0
107379,10,1,7,4,0,3,1,0
107380,9,1,6,4,0,4,1,0
107381,8,2,6,4,0,3,1,0
107382,8,1,6,4,0,3,1,0
107383,9,1,6,3,0,3,1,0
107384,9,2,6,4,0,2,0,0
107385,8,1,6,4,0,3,1,0
107387,9,1,6,4,0,3,1,0
107388,9,1,6,3,0,3,1,0
107389,8,2,6,4,0,4,1,0
107390,9,1,6,4,0,4,1,0
107391,9,1,7,3,0,3,1,0
107392,8,2,6,4,0,3,1,0
107393,9,1,6,4,0,4,1,0
107394,9,1,6,4,0,4,1,0
107395,10,1,7,4,0,4,1,0
107396,9,1,7,3,0,3,1,0
107397,10,2,7,NULL,0,3,1,1
107398,9,2,6,4,0,4,1,0
107399,10,1,7,3,0,2,0,0
107400,9,1,6,4,0,3,1,0
107401,10,1,7,4,0,4,1,0
107403,10,2,7,4,0,4,1,0
107404,9,1,6,3,1,3,1,0
107405,9,1,6,4,0,2,0,0
107406,9,2,7,NULL,0,4,1,1
107407,8,1,6,4,0,4,1,0
107409,9,2,6,4,0,3,1,0
107410,9,1,6,4,0,4,1,0
107411,8,1,6,4,0,3,1,0
107412,9,2,6,4,0,4,1,0
107413,10,1,7,4,0,4,1,0
107414,8,1,6,3,0,4,1,0
107415,9,2,6,4,0,3,1,0
107416,10,2,7,4,0,3,1,0
107417,8,2,6,3,0,4,1,0
107418,9,2,7,3,0,4,1,0
107419,9,2,6,NULL,1,2,0,1
107420,9,1,6,4,0,4,1,0
107421,10,1,7,4,0,3,1,0
107422,9,2,7,4,0,3,1,0
107423,8,1,6,3,0,3,1,0
107424,8,2,6,4,0,3,1,0
107425,9,2,7,4,0,4,1,0
107426,9,2,7,2,0,3,1,0
107427,9,1,6,3,1,3,1,0
107429,9,2,7,4,0,4,1,0
107430,9,1,7,4,0,3,1,0
107431,10,2,7,4,1,3,1,0
107432,7,2,6,4,1,3,1,0
107433,9,1,6,4,0,3,1,0
107434,9,2,7,3,0,3,1,0
107435,8,2,6,4,1,3,1,0
107436,9,1,7,4,0,4,1,0
107437,9,1,6,4,0,4,1,0
107438,8,2,6,NULL,1,3,1,1
107439,3,1,1,4,1,3,1,0
107440,4,1,1,2,0,2,0,0
107441,3,1,1,3,1,3,1,0
107442,4,1,1,4,0,4,1,0
107445,3,1,1,4,1,3,1,0
107446,3,1,1,3,0,4,1,0
107447,3,1,1,4,0,4,1,0
107448,4,2,1,4,0,3,1,0
107449,3,1,1,3,1,4,1,0
107450,4,1,1,4,1,2,0,0
107451,3,1,1,4,0,3,1,0
107452,4,2,1,4,0,4,1,0
107453,3,2,1,4,1,4,1,0
107454,4,1,2,NULL,0,4,1,1
107455,3,1,1,3,1,3,1,0
107456,3,2,1,4,0,3,1,0
107457,5,2,2,4,1,2,0,0
107458,4,1,2,4,1,1,0,0
107459,5,2,2,NULL,1,4,1,1
107460,4,1,2,4,1,3,1,0
107461,5,2,2,4,0,3,1,0
107462,4,1,2,4,0,4,1,0
107463,4,2,2,3,1,4,1,0
107464,4,2,2,4,0,3,1,0
107465,5,2,2,3,1,3,1,0
107466,5,1,2,3,0,4,1,0
107467,4,2,2,4,0,3,1,0
107468,5,1,2,3,1,2,0,0
107470,4,1,2,4,0,1,0,0
107471,5,1,2,4,1,4,1,0
107473,5,2,3,4,0,4,1,0
107475,5,1,3,4,0,3,1,0
107476,5,2,3,4,0,3,1,0
107477,7,2,3,NULL,0,3,1,1
107478,6,2,3,3,0,4,1,0
107480,5,2,3,4,0,4,1,0
107481,7,1,3,3,1,2,0,0
107482,6,2,3,4,1,4,1,0
107483,4,1,1,4,0,4,1,0
107484,4,1,1,3,0,2,0,0
107485,4,2,1,4,0,4,1,0
107486,3,1,1,4,0,4,1,0
107487,3,1,1,4,0,3,1,0
107488,4,2,1,4,0,3,1,0
107489,4,1,1,3,0,3,1,0
107491,4,1,1,4,0,4,1,0
107492,4,2,1,4,1,3,1,0
107493,3,2,1,3,0,2,0,0
107494,4,1,1,4,0,3,1,0
107495,3,1,1,4,0,3,1,0
107496,4,1,1,4,0,2,0,0
107497,4,2,1,4,0,2,0,0
107498,4,2,1,3,1,3,1,0
107499,3,1,1,4,0,2,0,0
107500,4,2,1,4,0,3,1,0
107501,4,2,1,4,0,3,1,0
107502,4,2,1,4,0,4,1,0
107503,4,2,2,4,0,4,1,0
107504,4,2,2,4,0,4,1,0
107506,5,1,2,4,0,4,1,0
107507,4,2,2,3,0,3,1,0
107508,5,1,2,4,0,2,0,0
107510,5,2,2,3,1,3,1,0
107511,5,1,2,4,0,2,0,0
107512,4,2,2,4,0,3,1,0
107513,5,1,2,4,0,3,1,0
107514,4,2,2,4,0,4,1,0
107515,4,1,2,4,0,1,0,0
107516,5,2,2,3,0,3,1,0
107517,5,1,2,4,0,4,1,0
107518,5,1,2,3,1,4,1,0
107520,5,1,2,4,0,2,0,0
107521,5,2,2,3,0,2,0,0
107523,4,2,2,4,0,4,1,0
107524,4,1,2,4,0,3,1,0
107525,6,2,3,4,0,4,1,0
107526,5,1,3,3,0,3,1,0
107528,6,1,3,4,0,4,1,0
107529,5,1,3,4,1,4,1,0
107530,5,1,3,4,0,2,0,0
107531,6,1,3,3,1,1,0,0
107532,6,2,3,4,0,4,1,0
107533,5,2,3,3,0,2,0,0
107534,6,2,3,4,0,4,1,0
107535,5,2,3,3,0,4,1,0
107536,6,2,3,2,1,3,1,0
107538,6,2,3,4,0,3,1,0
107539,5,2,3,4,1,2,0,0
107540,5,1,3,4,1,4,1,0
107541,6,1,3,4,0,3,1,0
107542,4,2,2,NULL,1,1,0,1
107543,6,1,2,3,0,4,1,0
107545,5,2,2,4,0,4,1,0
107546,6,1,2,NULL,1,1,0,1
107547,5,1,2,4,0,4,1,0
107548,4,1,2,NULL,1,1,0,1
107549,4,1,2,4,0,4,1,0
107550,5,1,2,NULL,1,4,1,1
107552,6,2,2,NULL,1,2,0,1
107554,5,2,2,NULL,1,3,1,1
107556,5,2,2,NULL,1,2,0,1
107557,5,1,2,NULL,1,4,1,1
107558,5,1,2,4,0,4,1,0
107559,4,2,2,4,0,3,1,0
107560,4,2,2,3,1,1,0,0
107562,4,2,2,2,0,4,1,0
107563,4,1,2,4,0,2,0,0
107564,5,2,2,3,0,3,1,0
107565,6,2,2,4,0,4,1,0
107567,4,1,2,4,1,3,1,0
107568,5,2,2,4,0,4,1,0
107569,6,2,3,4,1,4,1,0
107572,5,2,3,4,0,4,1,0
107573,5,1,3,3,0,3,1,0
107574,5,2,3,4,0,4,1,0
107575,6,1,3,NULL,0,4,1,1
107576,7,2,3,4,0,4,1,0
107577,6,2,3,NULL,1,1,0,1
107578,7,1,3,4,0,2,0,0
107579,6,1,3,3,1,3,1,0
107580,6,1,3,NULL,0,2,0,1
107581,5,1,3,4,0,3,1,0
107582,5,1,3,4,1,3,1,0
107583,5,1,3,4,1,3,1,0
107585,6,2,3,4,0,4,1,0
107586,5,1,3,3,1,3,1,0
107588,4,2,1,4,0,3,1,0
107589,4,1,1,4,0,4,1,0
107590,3,2,1,4,0,3,1,0
107591,3,2,1,4,0,3,1,0
107593,4,2,1,4,0,4,1,0
107594,4,1,1,4,0,3,1,0
107595,4,2,1,3,0,3,1,0
107597,4,2,1,4,1,3,1,0
107598,3,1,1,4,0,4,1,0
107599,3,2,1,4,0,4,1,0
107600,4,1,1,4,0,3,1,0
107601,3,2,1,4,0,2,0,0
107603,3,2,1,4,1,4,1,0
107604,4,1,1,4,0,3,1,0
107605,3,1,1,4,0,3,1,0
107606,4,1,1,4,0,3,1,0
107607,4,1,1,3,0,3,1,0
107608,3,2,1,4,0,3,1,0
107609,4,1,1,4,0,3,1,0
107610,4,2,1,4,0,4,1,0
107611,3,1,1,4,0,3,1,0
107612,3,1,1,4,0,3,1,0
107613,4,1,1,4,0,4,1,0
107614,4,1,1,4,1,4,1,0
107615,3,2,1,4,1,4,1,0
107616,3,2,1,4,1,3,1,0
107617,3,2,1,4,0,3,1,0
107618,3,2,1,4,0,3,1,0
107619,3,2,1,4,0,4,1,0
107621,3,2,1,4,0,4,1,0
107622,3,1,1,4,0,3,1,0
107623,4,1,1,4,0,4,1,0
107624,4,1,1,4,0,4,1,0
107625,4,1,1,4,0,4,1,0
107626,4,2,1,4,0,3,1,0
107627,4,1,1,4,0,4,1,0
107628,4,1,1,3,0,1,0,0
107629,3,2,1,3,0,3,1,0
107630,4,1,1,4,0,3,1,0
107632,3,2,1,3,0,3,1,0
107633,4,1,1,4,1,4,1,0
107634,3,1,1,4,0,3,1,0
107635,4,1,1,4,0,3,1,0
107637,4,2,1,4,0,4,1,0
107638,4,2,1,4,0,4,1,0
107639,3,2,1,4,0,4,1,0
107640,4,2,1,2,0,3,1,0
107641,4,1,1,4,0,3,1,0
107642,3,1,1,4,0,4,1,0
107643,3,1,1,3,0,4,1,0
107644,4,1,1,4,0,4,1,0
107646,4,2,1,4,0,4,1,0
107647,4,1,1,4,1,4,1,0
107648,3,2,1,4,0,4,1,0
107649,4,1,1,4,0,3,1,0
107650,4,1,1,3,0,3,1,0
107651,4,2,1,4,0,3,1,0
107652,4,2,1,4,0,3,1,0
107653,6,1,4,3,1,2,0,0
107655,7,1,4,4,0,4,1,0
107656,9,1,5,NULL,0,2,0,1
107657,9,2,5,2,1,4,1,0
107659,6,1,4,4,0,4,1,0
107660,7,2,4,3,1,2,0,0
107661,6,2,4,4,0,4,1,0
107662,8,2,5,4,0,3,1,0
107663,7,1,4,NULL,0,4,1,1
107664,7,2,4,2,1,2,0,0
107665,8,1,5,3,1,3,1,0
107666,7,2,5,4,0,4,1,0
107667,7,1,4,3,0,4,1,0
107668,7,2,5,NULL,1,3,1,1
107669,8,1,5,4,0,3,1,0
107670,7,2,4,4,0,4,1,0
107671,8,2,5,3,0,4,1,0
107672,9,2,6,4,0,4,1,0
107673,8,1,5,4,1,4,1,0
107674,7,2,5,4,1,3,1,0
107675,9,1,6,4,1,4,1,0
107676,8,1,5,NULL,0,2,0,1
107677,7,2,5,4,0,3,1,0
107678,10,1,7,NULL,1,2,0,1
107679,7,2,5,4,0,4,1,0
107680,7,1,4,4,0,4,1,0
107681,6,1,4,4,0,2,0,0
107682,8,1,6,NULL,0,3,1,1
107683,6,1,4,NULL,1,1,0,1
107684,6,2,4,NULL,0,3,1,1
107686,6,1,4,4,1,3,1,0
107687,8,2,6,NULL,0,4,1,1
107688,7,2,4,NULL,0,3,1,1
107689,9,1,6,3,0,3,1,0
107690,7,1,4,4,0,3,1,0
107691,9,2,6,4,1,4,1,0
107692,6,1,4,3,1,4,1,0
107693,7,1,4,3,1,3,1,0
107694,7,1,4,NULL,1,4,1,1
107695,7,1,4,4,0,4,1,0
107696,7,2,5,4,0,4,1,0
107697,6,1,4,4,0,3,1,0
107698,7,1,5,3,0,4,1,0
107699,6,1,4,3,1,3,1,0
107700,7,2,4,4,0,2,0,0
107703,5,1,2,4,0,3,1,0
107704,5,1,2,3,1,2,0,0
107705,5,2,2,4,0,3,1,0
107706,5,2,2,NULL,1,3,1,1
107707,5,1,2,4,1,4,1,0
107709,6,2,2,NULL,1,4,1,0
107710,5,2,2,4,0,3,1,0
107711,5,2,2,4,1,3,1,0
107712,4,1,2,4,1,4,1,0
107713,6,2,2,3,0,4,1,0
107714,5,1,2,4,1,3,1,0
107715,4,2,2,3,0,3,1,0
107716,6,1,2,NULL,1,1,0,1
107718,5,1,2,4,1,4,1,0
107719,5,1,2,4,1,1,0,0
107720,5,2,2,3,0,4,1,0
107721,5,1,2,4,1,4,1,0
107722,6,1,2,3,1,2,0,0
107723,5,2,2,NULL,1,4,1,1
107724,4,2,2,3,0,4,1,0
107725,5,1,2,4,1,4,1,0
107726,4,2,2,4,0,3,1,0
107727,5,2,2,4,1,4,1,0
107728,6,1,2,4,1,3,1,0
107729,5,2,2,4,0,3,1,0
107730,5,2,2,4,0,3,1,0
107731,4,2,2,4,1,3,1,0
107734,5,1,2,3,0,2,0,0
107735,5,1,2,4,1,3,1,0
107736,6,1,3,3,0,2,0,0
107738,6,1,3,4,1,4,1,0
107739,7,1,3,1,1,1,0,0
107740,6,1,3,3,0,2,0,0
107741,5,1,3,4,0,4,1,0
107742,6,2,3,NULL,0,2,0,1
107743,6,1,3,4,0,3,1,0
107744,6,2,3,NULL,0,3,1,1
107745,6,2,3,4,0,3,1,0
107746,6,2,3,NULL,1,2,0,1
107747,5,2,3,NULL,0,2,0,1
107748,6,1,3,NULL,0,1,0,1
107749,6,1,3,4,1,2,0,0
107750,6,2,3,NULL,0,3,1,1
107751,7,1,3,NULL,1,3,1,1
107752,6,1,3,NULL,1,2,0,1
107753,5,2,3,4,1,3,1,0
107754,6,1,3,4,1,4,1,0
107755,6,1,3,NULL,0,4,1,1
107756,7,2,3,NULL,1,3,1,1
107757,6,2,3,4,1,3,1,0
107758,7,1,3,4,0,3,1,0
107759,6,1,3,NULL,1,4,1,1
107760,7,1,4,4,1,3,1,0
107761,7,2,4,NULL,0,3,1,1
107763,6,1,4,3,1,3,1,0
107764,8,2,4,NULL,1,4,1,1
107765,7,2,4,4,0,4,1,0
107766,6,1,4,4,0,3,1,0
107767,7,2,4,3,0,3,1,0
107768,7,2,4,3,1,3,1,0
107769,7,1,4,NULL,0,3,1,1
107770,6,1,4,4,0,4,1,0
107771,7,2,4,4,0,4,1,0
107772,6,2,4,4,0,2,0,0
107773,7,2,4,4,0,3,1,0
107776,7,1,4,4,0,3,1,0
107777,6,2,4,3,0,3,1,0
107778,7,2,4,4,0,4,1,0
107779,7,1,4,4,0,4,1,0
107781,7,1,4,4,0,4,1,0
107782,7,1,4,4,1,4,1,0
107783,7,1,4,4,0,4,1,0
107784,6,2,4,4,0,3,1,0
107786,7,2,4,4,0,3,1,0
107787,8,1,4,3,1,3,1,0
107788,6,1,4,2,1,2,0,0
107789,7,1,4,4,1,3,1,0
107791,8,2,4,3,1,3,1,0
107793,6,1,4,4,1,3,1,0
107794,7,1,4,3,0,3,1,0
107795,7,1,4,4,0,4,1,0
107796,7,1,4,3,1,2,0,0
107797,6,2,4,3,0,3,1,0
107798,7,2,4,NULL,0,3,1,1
107799,6,2,4,4,1,3,1,0
107800,7,1,4,4,0,3,1,0
107801,7,2,4,4,0,4,1,0
107802,7,2,4,4,0,3,1,0
107803,7,2,4,4,0,4,1,0
107804,7,2,4,NULL,1,2,0,1
107805,7,1,5,4,0,3,1,0
107806,7,1,5,4,1,3,1,0
107807,7,2,5,3,0,4,1,0
107808,8,1,5,4,0,4,1,0
107809,7,2,5,3,0,2,0,0
107810,7,2,5,4,0,1,0,0
107811,7,1,5,4,0,2,0,0
107812,7,1,5,3,0,2,0,0
107813,8,1,5,4,1,4,1,0
107814,8,2,5,NULL,1,2,0,1
107815,7,2,5,3,1,3,1,0
107816,7,1,5,4,1,2,0,0
107817,7,1,5,4,0,4,1,0
107818,8,2,5,NULL,0,4,1,1
107819,7,2,5,3,1,3,1,0
107820,8,1,5,4,1,4,1,0
107821,8,1,5,3,1,4,1,0
107822,8,1,5,4,0,3,1,0
107823,8,2,5,3,0,3,1,0
107824,7,2,5,4,0,4,1,0
107825,8,1,5,4,0,3,1,0
107826,8,1,5,NULL,1,3,1,1
107827,8,1,5,4,0,4,1,0
107828,8,1,5,3,1,3,1,0
107829,8,1,5,4,0,4,1,0
107830,7,2,5,4,0,2,0,0
107831,7,2,5,4,1,3,1,0
107832,8,2,5,3,1,2,0,0
107833,7,2,5,NULL,1,3,1,1
107834,8,1,5,2,0,2,0,0
107835,8,1,5,4,0,4,1,0
107837,8,1,5,4,0,2,0,0
107838,8,1,5,4,1,4,1,0
107839,9,1,5,3,0,3,1,0
107840,7,2,5,4,0,3,1,0
107841,7,2,5,3,0,3,1,0
107842,8,1,5,3,0,3,1,0
107843,7,1,5,NULL,1,4,1,1
107844,8,2,6,4,0,4,1,0
107845,9,2,6,NULL,0,3,1,1
107846,9,1,6,NULL,1,3,1,1
107847,8,1,6,3,1,3,1,0
107848,9,2,6,NULL,1,3,1,1
107849,9,1,6,4,0,3,1,0
107850,9,2,6,NULL,1,3,1,1
107851,9,1,6,NULL,0,4,1,1
107852,9,2,6,NULL,1,4,1,1
107853,9,1,6,3,0,2,0,0
107854,9,1,6,4,0,3,1,0
107855,9,2,6,3,0,2,0,0
107856,8,1,6,NULL,0,3,1,1
107857,8,2,6,NULL,0,4,1,1
107858,9,1,6,3,1,2,0,0
107859,8,1,6,NULL,0,2,0,1
107860,9,1,6,3,0,3,1,0
107861,9,2,6,4,1,4,1,0
107862,9,2,6,4,1,3,1,0
107863,9,1,6,NULL,0,4,1,1
107864,9,1,6,4,0,2,0,0
107865,8,1,6,4,1,3,1,0
107866,9,2,6,NULL,1,3,1,1
107867,9,1,6,3,0,3,1,0
107868,8,1,6,NULL,1,2,0,1
107869,9,2,6,4,1,3,1,0
107870,9,2,6,2,0,3,1,0
107871,9,1,6,4,0,4,1,0
107874,9,2,6,4,0,4,1,0
107875,9,1,6,4,0,4,1,0
107876,9,2,6,2,1,4,1,0
107877,8,2,6,4,0,3,1,0
107878,9,2,6,NULL,1,4,1,1
107879,8,2,6,NULL,0,3,1,1
107880,8,1,6,4,0,3,1,0
107881,7,1,4,4,0,4,1,0
107882,9,1,6,4,1,4,1,0
107883,9,1,6,3,1,2,0,0
107885,9,1,6,3,0,3,1,0
107886,8,1,6,4,0,4,1,0
107888,10,2,7,NULL,0,4,1,1
107889,10,2,7,3,0,3,1,0
107890,10,1,7,4,0,4,1,0
107891,9,2,7,NULL,0,3,1,1
107892,10,2,7,4,0,3,1,0
107894,10,1,7,NULL,0,3,1,1
107895,10,1,7,4,0,4,1,0
107896,10,1,7,NULL,1,3,1,1
107897,9,2,7,NULL,0,3,1,1
107898,9,2,7,1,0,2,0,0
107899,10,2,7,NULL,0,2,0,1
107900,10,2,7,4,0,3,1,0
107901,10,1,7,NULL,1,3,1,1
107902,9,2,7,NULL,1,4,1,1
107903,10,2,7,NULL,1,2,0,1
107905,9,1,7,3,0,3,1,0
107906,10,1,7,4,0,3,1,0
107908,10,2,7,NULL,0,2,0,1
107909,9,2,7,2,1,2,0,0
107910,10,2,7,4,0,4,1,0
107911,10,2,7,NULL,1,1,0,1
107912,9,1,7,4,0,4,1,0
107913,9,2,7,4,0,3,1,0
107914,10,2,7,4,0,4,1,0
107915,10,1,7,4,0,3,1,0
107916,9,1,7,NULL,1,2,0,1
107917,10,1,7,NULL,1,3,1,1
107918,9,2,7,NULL,0,3,1,1
107919,9,2,7,4,0,3,1,0
107920,10,2,7,NULL,1,3,1,0
107921,10,1,7,NULL,1,3,1,1
107922,10,1,7,NULL,0,2,0,1
107923,10,2,7,NULL,0,4,1,1
107924,10,1,7,4,0,4,1,0
107925,10,1,7,3,0,3,1,0
107926,10,1,7,NULL,0,2,0,1
107927,9,1,7,NULL,0,2,0,1
107928,10,1,7,NULL,0,3,1,1
107929,10,1,7,4,0,4,1,0
107930,10,2,7,4,0,3,1,0
107931,10,2,7,NULL,0,3,1,1
107932,10,1,7,NULL,0,3,1,1
107934,4,2,1,3,0,2,0,0
107935,4,1,1,4,0,3,1,0
107936,4,2,1,4,0,4,1,0
107937,4,2,1,4,0,4,1,0
107938,11,1,2,NULL,0,1,0,1
107939,3,2,1,4,0,3,1,0
107940,3,2,1,4,0,3,1,0
107941,4,1,1,4,0,4,1,0
107942,4,2,1,3,0,3,1,0
107943,3,2,1,4,0,3,1,0
107944,4,2,1,4,0,3,1,0
107945,4,1,1,4,0,4,1,0
107946,4,1,1,3,1,4,1,0
107947,4,2,1,4,1,2,0,0
107948,4,2,1,4,1,4,1,0
107949,4,2,1,3,1,2,0,0
107950,3,2,1,4,0,3,1,0
107951,3,2,1,4,0,4,1,0
107952,4,2,1,4,1,3,1,0
107953,3,2,1,4,1,3,1,0
107954,4,2,1,4,0,2,0,0
107955,3,2,1,4,1,4,1,0
107956,4,2,1,3,1,3,1,0
107957,4,1,1,4,0,3,1,0
107958,3,1,1,4,1,2,0,0
107959,4,2,1,4,1,3,1,0
107960,4,1,1,3,1,2,0,0
107961,4,1,1,4,1,3,1,0
107962,4,2,1,4,0,2,0,0
107963,11,2,7,NULL,1,3,1,1
107964,3,1,1,4,1,3,1,0
107965,5,1,1,4,0,3,1,0
107966,4,2,1,4,0,3,1,0
107967,4,2,1,4,1,4,1,0
107968,4,2,1,4,0,3,1,0
107969,4,2,1,4,0,3,1,0
107970,4,1,1,4,0,3,1,0
107971,4,2,1,4,0,4,1,0
107972,3,1,1,4,1,3,1,0
107973,4,1,1,4,0,4,1,0
107974,3,2,1,4,0,3,1,0
107976,4,1,1,4,0,3,1,0
107978,4,2,1,4,0,3,1,0
107979,4,2,1,4,0,3,1,0
107980,4,1,1,NULL,0,3,1,1
107981,4,1,1,4,0,2,0,0
107982,4,2,1,NULL,1,2,0,1
107983,4,1,1,4,0,3,1,0
107984,4,1,1,4,0,3,1,0
107985,4,1,1,4,0,3,1,0
107986,3,1,1,4,0,1,0,0
107987,3,2,1,NULL,0,4,1,1
107988,4,1,1,4,0,3,1,0
107989,4,2,1,3,0,4,1,0
107990,4,1,1,4,0,4,1,0
107991,4,2,1,4,0,1,0,0
107992,5,1,1,NULL,0,1,0,1
107993,4,2,1,4,0,3,1,0
107994,3,1,1,4,0,3,1,0
107995,4,2,1,4,0,4,1,0
107996,4,1,1,4,1,2,0,0
107997,5,2,1,4,1,4,1,0
107999,4,2,1,4,0,3,1,0
108000,3,2,1,4,0,4,1,0
108001,3,2,1,4,0,4,1,0
108002,4,2,1,NULL,1,3,1,1
108003,3,1,1,4,0,3,1,0
108004,4,1,1,4,1,2,0,0
108005,3,2,1,4,1,3,1,0
108006,4,1,1,3,1,3,1,0
108007,5,2,1,NULL,1,2,0,1
108008,4,1,1,4,1,4,1,0
108009,3,2,1,4,1,4,1,0
108010,4,1,1,4,1,4,1,0
108012,4,1,1,4,1,3,1,0
108014,4,1,1,4,1,2,0,0
108015,4,2,1,4,0,3,1,0
108017,4,1,1,4,1,3,1,0
108018,4,2,1,4,0,3,1,0
108019,5,2,1,4,1,4,1,0
108020,4,1,1,4,0,4,1,0
108021,4,1,1,4,0,4,1,0
108022,4,2,1,NULL,1,3,1,1
108024,5,1,1,NULL,0,4,1,1
108026,4,2,1,NULL,1,3,1,1
108027,4,1,1,NULL,1,2,0,1
108028,4,2,1,4,0,1,0,0
108029,5,2,1,4,0,4,1,0
108030,6,1,2,4,1,2,0,0
108031,5,2,2,4,0,4,1,0
108032,5,1,2,4,1,3,1,0
108033,4,1,2,NULL,1,2,0,1
108034,5,1,2,4,0,4,1,0
108035,5,2,2,NULL,1,2,0,1
108036,5,2,2,NULL,1,4,1,1
108037,5,2,2,4,0,4,1,0
108038,5,1,2,4,0,4,1,0
108039,4,2,2,4,0,4,1,0
108041,5,1,2,4,1,3,1,0
108042,5,2,2,2,1,3,1,0
108043,6,1,2,4,1,3,1,0
108045,5,2,2,4,1,2,0,0
108046,5,1,2,4,1,4,1,0
108047,5,1,2,4,0,3,1,0
108048,5,2,2,4,1,4,1,0
108049,5,2,2,3,0,4,1,0
108051,4,1,2,3,1,4,1,0
108054,5,1,2,4,0,3,1,0
108055,5,1,2,NULL,1,4,1,1
108057,6,2,3,4,1,3,1,0
108058,5,1,3,4,1,3,1,0
108059,7,1,3,4,0,4,1,0
108060,5,1,3,NULL,0,2,0,1
108061,5,2,3,4,1,2,0,0
108062,5,1,3,3,0,1,0,0
108063,6,2,3,4,1,4,1,0
108064,5,2,3,4,1,4,1,0
108066,6,1,3,NULL,1,2,0,1
108067,5,1,3,NULL,1,3,1,1
108068,6,2,3,NULL,1,3,1,1
108069,5,1,3,3,0,4,1,0
108070,6,1,3,4,1,4,1,0
108071,5,1,3,4,1,4,1,0
108072,6,1,3,NULL,1,2,0,1
108073,5,1,3,3,1,3,1,0
108074,5,2,3,3,1,2,0,0
108075,5,1,3,3,0,2,0,0
108077,7,1,3,4,1,3,1,0
108078,6,2,3,4,0,4,1,0
108079,6,2,3,4,1,3,1,0
108080,6,2,3,4,0,4,1,0
108081,6,1,3,4,1,4,1,0
108082,5,2,3,3,1,4,1,0
108083,5,2,3,4,1,4,1,0
108084,6,1,3,4,0,2,0,0
108085,5,2,3,4,0,4,1,0
108086,6,1,3,2,1,2,0,0
108087,6,2,3,3,1,3,1,0
108088,5,2,3,3,1,3,1,0
108089,6,2,3,4,0,4,1,0
108090,5,1,3,4,0,3,1,0
108091,6,1,3,3,0,3,1,0
108092,6,1,4,4,1,4,1,0
108093,6,1,4,4,0,4,1,0
108094,7,2,4,NULL,1,4,1,1
108096,7,1,4,3,0,4,1,0
108097,6,2,4,NULL,0,1,0,1
108099,11,1,7,4,1,3,1,0
108101,6,2,4,4,0,3,1,0
108102,6,2,4,4,1,4,1,0
108103,7,1,4,4,0,2,0,0
108104,7,1,4,4,1,4,1,0
108105,11,1,7,NULL,0,4,1,1
108106,7,2,5,3,0,2,0,0
108107,7,1,5,3,0,3,1,0
108108,7,1,5,NULL,1,2,0,1
108110,7,2,5,NULL,1,2,0,1
108111,7,2,5,NULL,1,4,1,1
108112,8,2,5,4,0,4,1,0
108113,7,2,5,3,0,3,1,0
108114,8,1,6,4,1,3,1,0
108116,8,2,6,4,0,4,1,0
108117,8,2,6,NULL,0,3,1,1
108118,8,2,6,4,1,3,1,0
108119,9,2,6,NULL,0,3,1,1
108120,8,2,6,3,1,4,1,0
108121,9,1,6,3,1,4,1,0
108122,9,1,6,2,0,3,1,0
108123,9,1,6,NULL,0,3,1,1
108124,9,2,6,4,1,4,1,0
108126,10,1,7,4,1,3,1,0
108127,9,1,7,NULL,1,2,0,1
108128,10,1,7,NULL,0,1,0,1
108129,9,1,7,NULL,0,3,1,1
108130,9,2,7,2,0,3,1,0
108131,9,1,7,4,1,2,0,0
108132,9,1,7,4,0,4,1,0
108133,9,1,7,4,0,3,1,0
108134,9,2,7,3,0,4,1,0
108135,10,1,7,4,0,4,1,0
108136,9,2,7,NULL,1,2,0,1
108137,9,2,7,3,0,3,1,0
108139,9,2,7,2,1,3,1,0
108140,9,1,7,3,1,2,0,0
108141,9,2,7,NULL,0,3,1,1
108143,6,2,4,4,0,4,1,0
108144,7,1,4,3,0,3,1,0
108145,6,1,4,4,0,3,1,0
108146,7,1,4,3,0,3,1,0
108148,7,2,4,2,0,3,1,0
108149,7,1,4,3,0,3,1,0
108150,6,2,4,NULL,0,4,1,1
108151,7,1,4,3,0,3,1,0
108152,6,2,4,NULL,1,2,0,1
108153,7,1,4,4,0,3,1,0
108154,6,1,4,NULL,1,2,0,1
108155,6,2,4,4,0,4,1,0
108156,6,1,4,4,0,4,1,0
108157,6,1,4,4,0,4,1,0
108158,7,1,4,NULL,1,3,1,1
108159,6,2,4,2,0,4,1,0
108160,7,2,4,3,0,4,1,0
108161,8,2,4,3,1,3,1,0
108162,6,1,4,4,0,2,0,0
108163,7,2,4,4,1,3,1,0
108164,7,1,4,NULL,1,4,1,1
108165,6,2,4,4,1,4,1,0
108166,7,1,4,NULL,1,4,1,1
108167,6,1,4,4,1,4,1,0
108168,7,2,4,2,0,3,1,0
108169,7,2,4,4,0,3,1,0
108170,6,1,4,3,1,3,1,0
108171,8,1,5,4,1,4,1,0
108172,7,2,5,NULL,0,3,1,1
108173,8,1,5,NULL,1,3,1,1
108174,7,2,5,4,0,3,1,0
108176,7,1,5,4,1,2,0,0
108177,7,2,5,NULL,0,3,1,1
108178,8,2,5,4,1,4,1,0
108179,7,2,5,3,0,3,1,0
108180,7,2,5,4,0,4,1,0
108181,7,2,4,NULL,1,2,0,1
108182,8,1,5,NULL,0,1,0,1
108183,7,2,5,4,0,4,1,0
108184,8,1,5,4,0,4,1,0
108185,9,1,5,4,1,4,1,0
108186,8,1,5,4,0,4,1,0
108188,7,1,5,4,0,3,1,0
108189,8,1,5,3,0,3,1,0
108190,8,1,5,4,0,4,1,0
108191,7,2,5,NULL,1,3,1,1
108192,8,1,5,NULL,1,2,0,1
108193,8,2,5,NULL,0,1,0,1
108194,8,1,5,4,1,3,1,0
108195,9,1,6,NULL,1,3,1,1
108197,8,2,6,NULL,0,4,1,1
108199,8,1,6,NULL,0,4,1,1
108200,9,2,6,4,0,4,1,0
108201,8,2,6,3,0,3,1,0
108202,8,2,6,4,0,3,1,0
108203,8,1,6,4,1,3,1,0
108204,8,2,6,NULL,0,3,1,1
108205,9,1,6,4,0,4,1,0
108206,9,2,6,NULL,1,4,1,1
108207,8,2,6,3,1,2,0,0
108211,9,2,6,4,0,1,0,0
108212,9,1,6,4,1,2,0,0
108213,8,1,6,NULL,1,3,1,1
108214,9,2,6,4,0,3,1,0
108215,9,1,6,NULL,0,4,1,1
108216,9,1,6,4,0,3,1,0
108217,9,1,6,4,1,4,1,0
108218,8,1,6,NULL,1,1,0,1
108219,8,2,6,3,1,4,1,0
108220,9,2,7,NULL,0,2,0,1
108221,9,2,7,NULL,0,4,1,1
108222,9,2,7,NULL,1,2,0,1
108223,9,2,7,NULL,1,3,1,1
108224,10,1,7,4,0,4,1,0
108225,9,2,7,NULL,1,3,1,1
108227,10,1,7,NULL,0,3,1,1
108228,10,1,7,NULL,1,2,0,1
108229,9,1,7,NULL,0,4,1,1
108231,10,2,7,3,0,3,1,0
108232,10,1,7,4,0,4,1,0
108233,9,1,7,NULL,1,4,1,1
108234,9,2,7,4,1,4,1,0
108236,10,1,7,NULL,0,4,1,1
108237,9,1,7,3,0,2,0,0
108238,10,2,7,3,1,3,1,0
108240,10,1,7,NULL,0,3,1,1
108241,7,2,5,4,0,4,1,0
108242,9,1,5,4,1,3,1,0
108243,7,1,5,3,1,2,0,0
108244,8,1,5,NULL,0,1,0,1
108245,8,1,5,4,1,2,0,0
108246,8,2,5,3,1,4,1,0
108247,8,1,5,4,1,3,1,0
108248,7,1,5,3,0,2,0,0
108249,8,1,5,4,0,3,1,0
108250,7,2,5,NULL,1,2,0,1
108251,7,2,5,NULL,0,3,1,1
108253,10,1,7,4,0,4,1,0
108254,10,2,7,4,1,4,1,0
108255,9,2,7,NULL,0,2,0,1
108256,10,1,7,3,1,4,1,0
108257,10,2,7,4,0,4,1,0
108258,9,1,7,NULL,1,2,0,1
108259,4,2,1,3,1,2,0,0
108260,4,1,1,4,1,3,1,0
108261,4,2,1,4,0,3,1,0
108262,4,1,1,4,0,4,1,0
108263,4,1,1,3,1,3,1,0
108264,4,2,1,4,1,4,1,0
108266,3,1,1,4,1,3,1,0
108267,3,2,1,3,0,4,1,0
108268,4,1,1,3,1,3,1,0
108269,4,1,1,4,1,4,1,0
108270,4,2,1,4,0,3,1,0
108271,4,1,1,4,0,3,1,0
108272,3,2,1,4,0,4,1,0
108273,4,1,1,4,1,3,1,0
108274,4,2,1,4,0,3,1,0
108275,3,1,1,4,0,4,1,0
108277,3,2,1,4,1,2,0,0
108278,4,1,1,4,0,3,1,0
108279,3,2,1,4,0,3,1,0
108280,3,2,1,4,0,4,1,0
108281,4,1,1,4,0,4,1,0
108282,7,1,4,3,0,4,1,0
108283,7,1,4,4,0,2,0,0
108284,7,2,4,NULL,1,2,0,1
108285,7,1,4,4,0,3,1,0
108286,6,1,4,4,1,4,1,0
108287,6,2,4,4,0,4,1,0
108288,7,1,4,3,0,2,0,0
108289,6,2,4,4,1,3,1,0
108291,7,1,4,4,0,4,1,0
108292,7,2,4,NULL,0,3,1,1
108293,7,1,4,4,0,4,1,0
108294,7,2,4,4,1,4,1,0
108295,6,1,4,4,0,3,1,0
108296,7,1,4,3,0,2,0,0
108297,7,1,4,3,1,4,1,0
108298,6,1,4,NULL,1,2,0,1
108299,7,2,4,NULL,0,2,0,1
108300,7,1,4,4,0,4,1,0
108301,7,1,4,4,0,3,1,0
108302,7,1,4,NULL,1,2,0,1
108303,7,1,4,3,0,3,1,0
108304,7,1,4,4,0,3,1,0
108305,7,2,4,3,0,3,1,0
108306,7,1,4,3,0,4,1,0
108307,7,1,5,NULL,0,3,1,1
108308,8,2,5,4,1,4,1,0
108309,8,2,5,4,0,4,1,0
108310,7,1,5,4,1,4,1,0
108311,7,1,5,4,0,4,1,0
108312,7,1,5,4,1,4,1,0
108313,7,1,5,NULL,1,4,1,1
108314,8,1,5,4,0,3,1,0
108315,7,1,5,4,1,3,1,0
108316,8,1,5,3,0,2,0,0
108317,8,2,5,NULL,0,4,1,1
108318,9,1,6,3,0,3,1,0
108319,7,1,5,NULL,1,3,1,1
108320,8,2,5,NULL,1,3,1,1
108322,8,1,5,3,0,3,1,0
108323,7,2,5,NULL,1,1,0,1
108324,8,1,5,4,1,3,1,0
108325,9,1,5,3,0,2,0,0
108326,7,1,5,2,1,3,1,0
108327,8,2,5,4,1,3,1,0
108328,7,1,5,4,0,4,1,0
108329,8,1,5,3,1,3,1,0
108330,7,2,5,3,1,4,1,0
108331,8,2,5,4,0,3,1,0
108333,8,2,6,3,0,3,1,0
108335,9,2,6,4,0,4,1,0
108336,9,2,6,4,1,3,1,0
108337,9,1,6,NULL,0,4,1,1
108338,8,2,6,NULL,1,4,1,1
108339,9,2,6,4,0,3,1,0
108340,9,1,6,4,0,2,0,0
108341,10,1,6,4,0,4,1,0
108342,7,2,5,4,1,4,1,0
108343,9,1,6,NULL,0,2,0,1
108345,9,1,6,4,0,4,1,0
108346,9,1,6,4,0,4,1,0
108347,10,2,7,4,0,4,1,0
108348,10,2,7,NULL,1,4,1,1
108349,10,1,7,4,0,4,1,0
108350,11,2,7,3,0,2,0,0
108351,10,1,7,3,0,2,0,0
108352,10,1,7,NULL,0,4,1,1
108353,10,1,7,3,1,3,1,0
108354,10,1,7,4,0,3,1,0
108355,9,2,7,4,0,3,1,0
108356,10,2,7,NULL,0,3,1,1
108357,10,1,7,4,0,3,1,0
108358,10,1,7,NULL,1,3,1,1
108359,10,2,7,NULL,0,3,1,1
108360,10,2,7,NULL,0,3,1,1
108361,10,1,7,NULL,0,3,1,1
108362,10,1,7,4,0,3,1,0
108363,9,2,6,4,1,4,1,0
108364,6,2,4,4,0,4,1,0
108365,6,2,4,4,0,2,0,0
108366,6,1,4,4,1,4,1,0
108367,6,1,4,4,0,4,1,0
108368,7,2,4,4,0,3,1,0
108369,6,1,4,4,0,4,1,0
108370,6,1,4,4,0,3,1,0
108371,6,2,4,3,1,3,1,0
108372,6,1,4,4,0,3,1,0
108373,6,2,4,4,0,3,1,0
108374,7,1,4,4,1,4,1,0
108375,7,1,4,4,0,4,1,0
108376,6,2,4,NULL,0,3,1,1
108377,6,2,4,4,0,3,1,0
108378,5,2,4,4,0,4,1,0
108379,6,2,4,4,0,4,1,0
108380,6,1,4,4,0,3,1,0
108381,8,1,5,4,0,4,1,0
108382,7,2,5,2,0,3,1,0
108383,7,2,5,3,0,3,1,0
108384,7,2,5,3,0,2,0,0
108385,8,2,5,4,0,4,1,0
108386,7,2,5,4,0,3,1,0
108387,7,1,5,4,0,3,1,0
108388,7,2,5,4,0,3,1,0
108389,7,1,5,3,0,3,1,0
108390,8,1,5,4,0,3,1,0
108391,7,2,5,4,0,4,1,0
108392,7,2,5,3,0,4,1,0
108393,8,2,5,4,0,4,1,0
108394,7,2,5,3,0,4,1,0
108395,8,1,5,4,0,3,1,0
108396,7,1,5,3,0,4,1,0
108397,7,1,5,3,0,4,1,0
108398,7,2,5,3,0,4,1,0
108399,7,2,5,4,0,3,1,0
108400,8,2,5,4,0,4,1,0
108401,7,1,5,4,0,4,1,0
108402,8,1,5,NULL,0,3,1,1
108403,7,2,5,4,0,3,1,0
108404,7,2,5,4,0,4,1,0
108405,9,2,6,3,0,4,1,0
108406,8,1,6,4,0,4,1,0
108407,8,2,6,3,0,2,0,0
108408,9,1,6,4,0,4,1,0
108409,9,1,6,4,0,3,1,0
108410,9,2,6,4,0,3,1,0
108413,8,1,6,4,0,3,1,0
108414,8,2,6,4,0,3,1,0
108415,8,2,6,3,0,3,1,0
108416,8,1,6,4,0,4,1,0
108417,8,1,6,4,0,3,1,0
108418,8,2,6,4,0,4,1,0
108419,9,1,7,2,0,3,1,0
108420,9,2,7,4,0,4,1,0
108421,9,2,7,3,0,4,1,0
108423,9,1,7,4,0,3,1,0
108424,9,2,7,2,0,4,1,0
108425,10,2,7,4,0,4,1,0
108428,9,2,7,4,1,3,1,0
108429,9,2,7,4,0,3,1,0
108430,9,1,7,4,0,3,1,0
108431,3,2,1,4,0,4,1,0
108432,3,2,1,3,0,4,1,0
108433,3,1,1,3,0,3,1,0
108434,4,2,1,4,0,2,0,0
108435,3,1,1,4,0,4,1,0
108436,3,2,1,4,0,4,1,0
108437,4,2,1,4,0,4,1,0
108438,3,1,1,3,0,4,1,0
108439,3,2,1,4,0,4,1,0
108440,4,1,1,4,0,4,1,0
108441,4,2,1,4,0,3,1,0
108442,3,2,1,3,0,3,1,0
108443,3,1,1,4,0,3,1,0
108444,3,2,1,4,0,4,1,0
108445,3,1,1,4,0,4,1,0
108446,4,2,1,4,0,3,1,0
108447,4,1,1,4,0,4,1,0
108448,4,1,1,4,0,4,1,0
108449,4,2,1,4,1,3,1,0
108450,3,1,1,4,0,4,1,0
108451,3,2,1,3,0,3,1,0
108453,4,1,1,4,0,3,1,0
108454,4,2,1,4,0,4,1,0
108455,4,1,1,4,0,4,1,0
108456,4,2,1,4,0,3,1,0
108457,4,1,2,3,0,4,1,0
108458,5,1,2,4,1,3,1,0
108459,5,1,2,2,0,4,1,0
108460,4,1,2,4,0,4,1,0
108461,5,1,2,4,0,4,1,0
108462,5,1,2,4,1,3,1,0
108463,5,1,2,4,0,4,1,0
108464,5,2,2,4,1,3,1,0
108465,4,2,2,4,0,4,1,0
108466,5,2,2,4,0,4,1,0
108467,4,2,2,4,0,4,1,0
108468,5,2,2,4,0,2,0,0
108469,5,1,2,4,0,4,1,0
108470,5,1,2,4,0,3,1,0
108471,5,2,2,4,0,4,1,0
108473,4,1,2,3,1,4,1,0
108474,4,2,2,3,0,3,1,0
108475,4,1,2,4,0,4,1,0
108476,5,1,2,4,0,4,1,0
108477,4,2,2,4,0,3,1,0
108478,4,2,2,4,0,3,1,0
108479,4,2,2,4,0,3,1,0
108480,5,2,2,4,0,3,1,0
108481,5,1,2,4,0,4,1,0
108482,6,2,3,4,0,4,1,0
108483,6,2,3,4,0,3,1,0
108484,5,2,3,4,0,4,1,0
108485,5,2,3,4,0,4,1,0
108487,6,1,3,4,0,4,1,0
108488,5,2,3,3,0,4,1,0
108490,6,2,3,4,1,3,1,0
108491,6,1,3,3,0,3,1,0
108492,6,1,3,4,0,3,1,0
108493,5,2,3,4,0,4,1,0
108494,5,2,3,4,0,4,1,0
108495,6,1,3,4,0,4,1,0
108496,6,2,3,4,0,3,1,0
108497,6,1,3,4,0,4,1,0
108498,6,1,3,4,0,3,1,0
108499,6,1,3,4,0,3,1,0
108500,6,1,3,4,0,3,1,0
108501,6,2,3,2,0,3,1,0
108502,5,1,3,4,0,3,1,0
108503,6,2,3,4,0,4,1,0
108505,5,2,3,3,0,3,1,0
108506,5,2,3,4,0,3,1,0
108507,5,2,3,4,0,4,1,0
108508,5,2,3,4,0,3,1,0
108509,6,1,3,4,0,4,1,0
108510,6,1,3,4,0,4,1,0
108511,6,2,3,4,0,4,1,0
108512,6,1,3,3,1,2,0,0
108513,4,2,1,4,0,4,1,0
108514,4,1,1,4,0,4,1,0
108516,3,2,1,3,1,2,0,0
108517,3,2,1,4,0,3,1,0
108518,4,2,1,4,0,4,1,0
108519,4,2,1,NULL,0,2,0,1
108520,4,1,1,3,1,3,1,0
108521,3,1,1,4,0,4,1,0
108522,4,1,1,4,1,4,1,0
108523,3,2,1,3,0,3,1,0
108524,4,1,1,3,0,3,1,0
108525,4,2,1,4,1,3,1,0
108526,4,2,1,3,1,3,1,0
108527,3,2,1,4,1,2,0,0
108528,4,2,1,2,1,1,0,0
108529,4,2,1,4,0,3,1,0
108530,3,2,1,4,1,4,1,0
108531,3,2,1,3,0,3,1,0
108532,4,1,1,4,0,4,1,0
108533,4,1,1,4,1,3,1,0
108534,4,1,1,4,0,4,1,0
108535,4,2,1,4,0,3,1,0
108536,3,2,1,4,0,3,1,0
108537,3,1,1,4,0,3,1,0
108538,3,2,1,4,1,4,1,0
108540,4,1,1,NULL,0,4,1,1
108541,4,1,1,4,1,2,0,0
108542,3,2,1,3,1,3,1,0
108543,3,2,1,NULL,1,2,0,1
108544,3,2,1,3,1,3,1,0
108545,3,1,1,4,0,3,1,0
108546,3,2,1,4,0,4,1,0
108547,3,2,1,4,0,3,1,0
108548,5,1,2,4,0,4,1,0
108549,4,2,2,3,0,3,1,0
108550,4,2,2,4,0,3,1,0
108551,4,1,2,4,1,3,1,0
108555,5,1,2,3,1,3,1,0
108556,5,1,2,4,0,4,1,0
108557,5,2,2,3,1,3,1,0
108558,4,1,2,4,0,2,0,0
108560,5,1,2,4,0,4,1,0
108563,4,2,2,4,0,3,1,0
108564,5,1,2,4,1,4,1,0
108567,5,2,2,4,0,4,1,0
108568,4,2,2,4,0,2,0,0
108569,4,2,2,4,0,4,1,0
108570,4,2,2,NULL,1,4,1,1
108572,5,1,2,4,0,3,1,0
108573,4,2,2,NULL,1,3,1,1
108574,4,1,2,4,0,3,1,0
108575,5,1,2,3,0,3,1,0
108576,5,1,2,4,0,3,1,0
108578,4,1,2,4,0,4,1,0
108579,4,1,2,4,1,4,1,0
108581,4,1,2,4,0,1,0,0
108582,4,2,2,4,0,3,1,0
108583,4,2,2,3,1,3,1,0
108584,5,1,2,3,0,2,0,0
108585,5,2,2,4,0,4,1,0
108586,5,1,2,3,0,3,1,0
108587,4,1,2,4,0,4,1,0
108589,5,2,3,3,0,3,1,0
108590,6,2,3,2,1,4,1,0
108593,6,2,3,2,0,4,1,0
108594,6,1,3,4,0,3,1,0
108595,6,1,3,3,0,3,1,0
108596,5,2,3,4,0,4,1,0
108597,5,2,3,2,0,3,1,0
108598,5,1,3,4,1,4,1,0
108600,5,2,3,4,0,3,1,0
108601,6,1,3,4,0,4,1,0
108602,5,1,3,4,1,3,1,0
108603,5,2,3,3,1,2,0,0
108604,5,2,3,3,0,4,1,0
108605,5,2,3,4,1,4,1,0
108607,5,2,3,4,0,4,1,0
108608,6,1,3,4,0,3,1,0
108609,6,1,3,4,1,4,1,0
108610,6,1,3,4,0,4,1,0
108611,6,2,3,4,1,3,1,0
108612,5,1,3,4,1,3,1,0
108613,5,2,3,4,1,3,1,0
108614,7,1,3,NULL,1,2,0,1
108615,5,1,3,3,0,4,1,0
108619,5,1,3,NULL,1,1,0,1
108620,5,1,3,4,1,4,1,0
108621,5,2,3,4,1,3,1,0
108623,6,2,3,3,0,4,1,0
108624,5,1,3,4,0,2,0,0
108625,5,1,3,4,0,3,1,0
108626,5,2,3,NULL,1,4,1,1
108627,5,2,3,4,1,4,1,0
108628,6,1,3,4,0,3,1,0
108629,5,2,3,4,1,3,1,0
108630,5,1,3,4,0,4,1,0
108631,7,2,3,4,0,4,1,0
108633,3,2,1,4,1,4,1,0
108634,3,1,1,4,0,4,1,0
108637,4,1,1,4,0,4,1,0
108639,4,2,1,4,0,4,1,0
108641,4,1,1,4,0,4,1,0
108642,4,2,1,4,0,4,1,0
108643,3,2,1,4,0,4,1,0
108645,3,1,1,4,1,4,1,0
108647,4,1,2,3,0,4,1,0
108649,4,1,2,4,0,4,1,0
108650,5,2,2,3,0,4,1,0
108652,5,1,2,4,1,4,1,0
108653,4,2,2,4,0,4,1,0
108654,4,2,2,3,0,4,1,0
108655,4,1,2,4,0,4,1,0
108656,5,1,2,4,0,4,1,0
108657,5,2,2,NULL,0,3,1,1
108658,5,1,2,3,1,3,1,0
108659,5,1,2,4,0,3,1,0
108660,4,2,2,NULL,0,3,1,1
108663,5,2,2,3,1,2,0,0
108665,5,1,2,4,0,2,0,0
108666,4,2,2,3,1,2,0,0
108667,4,2,2,3,1,3,1,0
108668,4,1,2,3,0,3,1,0
108669,4,1,2,4,1,2,0,0
108670,4,2,2,4,1,3,1,0
108672,5,1,2,3,0,4,1,0
108673,5,1,3,NULL,0,4,1,1
108674,5,2,3,2,0,3,1,0
108675,6,2,3,4,1,3,1,0
108676,6,2,3,NULL,1,3,1,1
108677,5,2,3,3,0,3,1,0
108679,6,1,3,4,0,4,1,0
108680,6,1,3,4,0,4,1,0
108681,6,1,3,4,0,2,0,0
108683,5,2,3,4,0,4,1,0
108684,6,2,3,NULL,0,2,0,1
108685,5,1,3,4,1,3,1,0
108686,5,2,3,4,0,4,1,0
108687,5,2,3,4,0,4,1,0
108690,6,2,3,4,1,3,1,0
108691,5,2,3,NULL,1,2,0,1
108692,5,2,3,4,1,3,1,0
108693,6,2,3,NULL,0,2,0,1
108694,6,1,3,4,0,3,1,0
108695,5,2,3,3,1,3,1,0
108696,6,2,3,4,1,4,1,0
108697,4,1,2,4,0,4,1,0
108698,5,1,2,4,0,3,1,0
108699,4,1,2,4,0,4,1,0
108700,4,1,2,3,1,3,1,0
108701,4,2,2,4,0,3,1,0
108702,5,1,2,3,0,4,1,0
108703,4,2,2,4,0,4,1,0
108704,5,1,2,3,0,4,1,0
108705,5,2,2,4,0,4,1,0
108706,5,1,2,NULL,1,2,0,1
108707,4,1,2,4,1,4,1,0
108708,4,2,2,4,0,3,1,0
108709,4,1,2,4,1,2,0,0
108711,5,1,2,3,1,3,1,0
108712,4,2,2,4,0,4,1,0
108713,4,1,2,4,0,4,1,0
108714,4,2,2,4,0,4,1,0
108715,4,2,2,4,1,4,1,0
108716,5,2,2,3,0,4,1,0
108717,5,2,2,4,0,3,1,0
108718,5,2,2,4,1,3,1,0
108719,5,1,2,4,0,4,1,0
108720,5,2,2,3,0,4,1,0
108721,4,1,2,3,1,4,1,0
108722,4,2,2,3,1,2,0,0
108723,4,2,2,4,0,3,1,0
108724,6,1,3,4,0,3,1,0
108725,6,1,3,4,0,4,1,0
108726,5,2,3,4,0,4,1,0
108727,6,1,3,3,0,4,1,0
108728,6,1,3,4,0,4,1,0
108729,6,1,3,3,0,3,1,0
108730,6,1,3,4,0,4,1,0
108731,5,1,3,4,0,4,1,0
108732,5,1,3,4,0,4,1,0
108733,5,2,3,4,1,3,1,0
108734,5,1,3,4,1,4,1,0
108735,6,1,3,4,0,4,1,0
108736,5,1,3,4,0,4,1,0
108737,5,2,3,3,0,4,1,0
108738,5,2,3,4,1,4,1,0
108739,6,2,3,4,0,4,1,0
108740,5,2,3,4,1,3,1,0
108741,5,1,3,4,0,4,1,0
108742,5,1,3,4,0,4,1,0
108743,6,1,3,4,0,4,1,0
108744,5,1,3,4,1,3,1,0
108745,5,2,3,4,0,4,1,0
108746,5,1,3,4,0,4,1,0
108747,6,1,3,3,0,1,0,0
108748,5,1,3,4,0,4,1,0
108749,5,1,3,4,0,4,1,0
108750,3,1,1,4,0,4,1,0
108752,4,2,1,3,0,2,0,0
108753,3,2,1,4,0,3,1,0
108756,3,2,1,3,0,2,0,0
108757,3,2,1,4,0,3,1,0
108758,3,2,1,NULL,0,2,0,1
108759,4,1,1,4,0,4,1,0
108760,3,2,1,4,1,2,0,0
108761,3,1,1,4,0,4,1,0
108763,4,1,1,4,0,4,1,0
108764,4,2,1,4,0,3,1,0
108765,3,2,1,4,0,3,1,0
108766,3,2,1,4,0,3,1,0
108767,3,2,1,4,0,4,1,0
108768,4,2,2,3,0,4,1,0
108769,5,2,2,4,0,3,1,0
108770,5,1,2,4,0,4,1,0
108771,5,2,2,4,0,4,1,0
108772,5,2,2,4,0,4,1,0
108774,5,1,2,4,0,3,1,0
108775,5,1,2,4,0,4,1,0
108777,6,1,2,4,0,1,0,0
108778,4,1,2,4,0,4,1,0
108779,5,2,2,3,1,4,1,0
108780,4,1,2,4,0,2,0,0
108781,4,2,2,3,1,4,1,0
108782,5,1,2,4,0,4,1,0
108784,5,2,2,4,0,3,1,0
108785,4,2,2,4,0,4,1,0
108786,5,1,2,4,0,3,1,0
108787,4,1,2,4,1,2,0,0
108789,4,2,2,4,0,3,1,0
108790,4,1,2,4,0,3,1,0
108791,4,1,2,4,0,4,1,0
108792,4,1,2,4,0,4,1,0
108793,4,2,2,4,1,4,1,0
108794,5,1,2,3,1,3,1,0
108795,5,2,3,3,0,3,1,0
108796,5,2,3,4,0,4,1,0
108797,6,1,3,3,0,2,0,0
108798,6,1,3,4,0,3,1,0
108799,6,2,3,4,0,3,1,0
108800,5,2,3,3,0,4,1,0
108801,5,1,3,4,0,2,0,0
108802,5,2,3,4,0,3,1,0
108804,5,2,3,3,0,2,0,0
108807,6,2,3,4,0,4,1,0
108809,5,1,3,4,0,3,1,0
108810,5,2,3,4,0,3,1,0
108812,6,2,3,3,1,3,1,0
108813,5,2,3,4,0,2,0,0
108814,6,1,3,NULL,0,2,0,1
108815,5,2,3,4,0,4,1,0
108816,6,1,3,2,1,2,0,0
108817,5,1,3,4,0,4,1,0
108818,6,1,4,4,0,3,1,0
108819,7,1,4,4,1,3,1,0
108822,7,1,4,3,1,3,1,0
108823,7,1,4,2,0,2,0,0
108824,6,1,4,4,0,4,1,0
108825,7,2,4,NULL,1,4,1,1
108828,6,1,4,4,1,4,1,0
108829,7,1,4,4,0,4,1,0
108830,7,1,4,4,0,4,1,0
108831,7,2,4,4,0,4,1,0
108833,7,1,4,4,0,3,1,0
108834,7,1,4,2,1,3,1,0
108835,7,1,4,4,0,3,1,0
108836,7,2,4,4,0,3,1,0
108837,7,2,4,NULL,0,3,1,1
108838,7,1,4,4,0,3,1,0
108839,6,1,4,4,1,3,1,0
108840,7,2,4,4,0,3,1,0
108841,6,1,4,3,0,3,1,0
108842,6,2,4,NULL,1,3,1,1
108843,6,2,4,3,0,4,1,0
108844,6,1,4,4,1,4,1,0
108845,7,1,4,NULL,0,4,1,1
108846,7,1,4,4,0,3,1,0
108847,7,2,4,4,0,4,1,0
108848,7,2,4,4,0,3,1,0
108849,6,2,4,3,1,2,0,0
108850,7,1,4,4,0,3,1,0
108851,6,1,4,4,0,4,1,0
108852,7,1,4,4,1,4,1,0
108853,7,2,4,3,0,3,1,0
108854,7,1,4,4,0,4,1,0
108855,7,1,4,4,0,3,1,0
108856,7,2,4,3,1,3,1,0
108857,7,1,4,4,0,3,1,0
108858,7,2,4,NULL,0,3,1,1
108859,9,1,5,4,0,3,1,0
108861,8,2,5,4,0,4,1,0
108862,7,2,5,4,0,3,1,0
108863,7,1,5,3,0,3,1,0
108865,7,1,5,4,1,3,1,0
108866,8,1,5,NULL,0,4,1,1
108867,9,1,6,4,1,4,1,0
108868,9,1,7,4,1,1,0,0
108869,8,1,1,NULL,1,3,1,1
108870,8,2,5,NULL,1,2,0,1
108871,9,2,7,4,0,4,1,0
108872,9,2,7,4,0,4,1,0
108873,10,1,7,4,0,1,0,0
108875,10,1,7,4,0,3,1,0
108876,10,1,7,4,1,3,1,0
108877,10,2,7,NULL,0,3,1,1
108878,10,1,7,4,0,3,1,0
108880,10,2,7,4,0,4,1,0
108882,9,1,7,NULL,0,3,1,1
108884,10,1,7,3,0,3,1,0
108885,10,2,7,NULL,1,2,0,1
108886,9,1,7,NULL,1,3,1,1
108887,9,1,7,NULL,1,3,1,1
108888,9,1,7,1,1,3,1,0
108889,9,1,7,NULL,1,3,1,1
108890,10,1,7,NULL,1,1,0,1
108891,10,1,7,3,0,3,1,0
108892,10,2,7,NULL,1,3,1,1
108893,10,1,7,NULL,0,4,1,1
108894,9,1,6,NULL,0,2,0,1
108895,8,2,6,NULL,0,3,1,1
108896,7,1,8,NULL,1,3,1,1
108897,6,2,4,3,0,3,1,0
108898,7,2,4,4,0,4,1,0
108899,7,1,4,2,0,2,0,0
108900,7,2,4,4,0,4,1,0
108901,6,1,4,4,0,4,1,0
108902,6,1,4,4,0,4,1,0
108903,7,2,4,4,0,4,1,0
108904,7,1,4,2,0,3,1,0
108905,6,1,4,4,0,4,1,0
108906,7,2,4,3,0,4,1,0
108907,6,2,4,4,0,4,1,0
108908,6,2,4,3,1,3,1,0
108909,6,2,4,4,0,3,1,0
108910,6,2,4,4,0,4,1,0
108911,6,1,4,4,0,3,1,0
108912,7,2,4,4,0,3,1,0
108913,6,1,4,4,0,3,1,0
108914,6,1,4,3,0,4,1,0
108915,7,2,4,4,0,4,1,0
108916,6,2,4,4,0,4,1,0
108917,7,1,4,4,0,4,1,0
108918,6,1,4,4,0,3,1,0
108919,6,1,4,3,0,4,1,0
108920,7,1,4,2,0,2,0,0
108921,6,1,4,4,0,3,1,0
108922,7,1,4,4,0,4,1,0
108923,6,1,4,4,0,4,1,0
108924,6,2,4,4,0,3,1,0
108925,7,1,4,NULL,0,2,0,1
108926,7,1,5,3,0,3,1,0
108927,8,1,5,4,0,3,1,0
108928,8,1,5,2,0,4,1,0
108929,8,1,5,4,1,4,1,0
108930,9,1,5,NULL,1,3,1,1
108931,7,2,5,4,0,4,1,0
108932,7,1,5,3,0,2,0,0
108933,8,1,5,4,0,2,0,0
108934,8,1,5,3,0,4,1,0
108935,8,1,5,NULL,0,1,0,1
108936,8,1,5,3,0,4,1,0
108937,8,1,6,NULL,0,3,1,1
108938,7,2,5,NULL,1,3,1,1
108939,7,2,5,3,0,4,1,0
108940,8,1,5,4,0,4,1,0
108941,8,1,5,NULL,0,4,1,1
108942,7,1,5,4,0,3,1,0
108944,7,1,5,4,0,3,1,0
108945,7,2,5,3,0,3,1,0
108946,8,2,5,NULL,0,3,1,1
108947,8,1,5,4,1,4,1,0
108948,8,1,6,NULL,0,3,1,1
108949,9,1,6,2,0,2,0,0
108950,10,2,6,4,0,4,1,0
108951,8,2,6,4,0,4,1,0
108952,9,1,6,4,1,3,1,0
108953,9,1,6,4,0,3,1,0
108954,10,1,7,NULL,0,3,1,1
108955,8,2,6,NULL,0,4,1,1
108956,9,1,6,4,0,4,1,0
108957,8,1,6,4,0,3,1,0
108958,8,2,6,3,0,3,1,0
108959,9,1,6,4,0,3,1,0
108960,8,2,6,3,0,3,1,0
108961,9,2,6,4,1,4,1,0
108962,9,1,6,2,0,3,1,0
108963,9,1,6,4,1,4,1,0
108965,9,2,6,4,0,4,1,0
108966,8,1,6,NULL,1,2,0,1
108968,8,2,6,4,0,3,1,0
108970,8,1,6,NULL,0,1,0,1
108971,8,2,6,NULL,0,3,1,1
108972,9,1,6,2,0,2,0,0
108973,8,1,6,3,0,3,1,0
108974,8,2,6,NULL,0,3,1,1
108975,10,1,7,NULL,0,2,0,1
108976,10,1,7,NULL,1,4,1,1
108977,9,2,7,NULL,0,4,1,1
108978,9,1,7,NULL,0,4,1,1
108979,9,2,7,4,1,4,1,0
108980,10,1,7,4,0,4,1,0
108981,10,2,7,3,0,3,1,0
108982,10,1,7,NULL,0,4,1,1
108983,10,1,7,3,0,3,1,0
108984,10,1,7,3,0,3,1,0
108985,9,2,7,3,1,1,0,0
108986,10,2,7,3,1,3,1,0
108987,9,2,7,4,0,3,1,0
108988,9,2,7,NULL,0,3,1,1
108990,9,1,7,NULL,0,4,1,1
108991,9,2,7,2,1,2,0,0
108992,10,1,7,3,0,3,1,0
108993,9,1,7,3,0,4,1,0
108994,9,2,7,2,0,4,1,0
108995,9,1,7,NULL,0,3,1,1
108996,9,1,7,3,0,4,1,0
108998,10,2,7,2,1,4,1,0
108999,9,2,7,3,0,4,1,0
109001,10,1,7,NULL,1,3,1,1
109002,10,1,7,3,0,4,1,0
109003,10,2,7,NULL,0,3,1,1
109004,9,1,7,NULL,0,4,1,1
109006,10,1,7,3,0,4,1,0
109007,9,1,7,4,0,3,1,0
109008,9,2,7,3,0,4,1,0
109009,9,2,7,3,1,2,0,0
109011,10,1,7,4,1,3,1,0
109012,10,2,7,3,1,4,1,0
109013,9,2,7,4,0,3,1,0
109014,10,1,7,4,0,3,1,0
109015,6,2,4,4,0,3,1,0
109016,6,1,4,4,0,4,1,0
109017,7,2,4,4,1,3,1,0
109019,8,2,5,NULL,0,3,1,1
109020,7,1,4,4,1,4,1,0
109021,6,2,4,4,1,4,1,0
109022,6,2,4,3,0,4,1,0
109023,9,1,6,4,0,4,1,0
109024,6,2,4,3,1,3,1,0
109025,7,1,5,NULL,1,3,1,1
109026,6,2,4,4,0,4,1,0
109028,7,1,5,4,1,2,0,0
109029,6,2,4,4,0,4,1,0
109030,7,2,4,NULL,1,2,0,1
109031,8,1,5,4,1,3,1,0
109032,6,1,4,3,0,4,1,0
109033,7,2,5,4,0,4,1,0
109034,8,1,5,NULL,1,3,1,1
109035,8,1,5,4,1,3,1,0
109036,6,1,4,3,1,3,1,0
109037,9,1,6,4,0,3,1,0
109038,9,1,6,3,0,4,1,0
109040,6,1,4,4,0,4,1,0
109041,7,1,5,4,1,4,1,0
109042,8,1,5,4,0,3,1,0
109043,8,1,5,4,1,4,1,0
109044,8,1,5,4,0,3,1,0
109045,9,2,6,4,0,4,1,0
109046,11,2,7,3,0,3,1,0
109047,9,1,6,4,0,4,1,0
109048,10,2,6,4,0,3,1,0
109049,9,2,6,4,1,4,1,0
109050,9,1,7,4,1,4,1,0
109051,9,1,7,4,1,4,1,0
109052,10,1,7,NULL,0,4,1,1
109053,8,1,6,NULL,1,3,1,1
109054,10,2,7,NULL,1,3,1,1
109055,8,1,6,4,0,3,1,0
109056,9,1,6,4,0,4,1,0
109057,8,1,6,NULL,1,2,0,1
109058,9,1,7,4,0,3,1,0
109059,8,2,6,4,1,1,0,0
109060,9,2,6,NULL,0,3,1,1
109061,9,2,7,NULL,1,3,1,1
109062,10,2,7,4,0,4,1,0
109063,9,2,7,3,0,3,1,0
109064,10,1,7,4,0,4,1,0
109065,9,2,6,4,0,4,1,0
109066,9,2,7,4,0,4,1,0
109067,10,2,7,4,1,3,1,0
109068,10,1,7,4,0,3,1,0
109069,10,1,7,3,0,2,0,0
109070,9,2,7,4,0,2,0,0
109071,10,1,7,NULL,1,3,1,1
109072,9,2,7,NULL,1,2,0,1
109073,9,2,7,4,1,2,0,0
109074,9,2,7,4,1,4,1,0
109075,11,2,7,4,0,3,1,0
109076,10,1,7,4,0,4,1,0
109077,10,1,7,4,1,3,1,0
109078,10,2,7,NULL,0,2,0,1
109079,10,1,7,4,0,3,1,0
109080,3,2,1,4,0,3,1,0
109082,3,2,1,4,0,2,0,0
109083,4,2,1,4,0,4,1,0
109084,3,1,1,4,0,2,0,0
109085,4,1,1,4,0,3,1,0
109086,4,2,1,4,0,4,1,0
109088,4,1,1,2,0,2,0,0
109089,3,2,1,4,1,3,1,0
109091,3,2,1,4,0,4,1,0
109092,3,1,1,4,0,2,0,0
109093,3,2,1,4,1,4,1,0
109094,3,1,1,4,0,3,1,0
109097,5,2,2,3,1,3,1,0
109098,5,2,2,3,1,4,1,0
109099,4,1,2,4,0,3,1,0
109100,4,2,2,4,1,3,1,0
109101,4,1,2,4,0,3,1,0
109102,4,2,2,4,0,3,1,0
109103,4,2,2,NULL,1,2,0,1
109104,4,1,2,4,0,4,1,0
109105,4,2,2,3,1,3,1,0
109106,5,1,2,4,0,2,0,0
109107,4,1,2,3,0,3,1,0
109109,5,1,2,NULL,1,4,1,1
109110,5,2,2,3,0,3,1,0
109111,5,1,2,4,1,3,1,0
109112,5,2,2,NULL,0,3,1,1
109113,5,1,2,2,1,1,0,0
109114,4,1,2,NULL,1,2,0,1
109115,5,1,2,3,1,3,1,0
109116,4,2,2,NULL,0,2,0,1
109117,4,2,2,3,1,4,1,0
109118,5,2,2,3,0,3,1,0
109119,4,1,2,4,0,3,1,0
109120,6,1,3,4,1,3,1,0
109121,5,1,3,2,1,2,0,0
109122,5,1,3,4,1,3,1,0
109126,6,1,3,4,0,2,0,0
109127,5,2,3,NULL,1,2,0,1
109128,5,1,3,4,1,4,1,0
109129,5,2,3,4,1,4,1,0
109130,7,1,3,3,1,4,1,0
109131,5,2,3,3,1,3,1,0
109132,6,1,4,3,1,3,1,0
109133,6,1,4,4,0,3,1,0
109134,7,1,4,4,0,4,1,0
109135,7,2,4,NULL,0,4,1,1
109136,7,1,4,4,1,3,1,0
109137,6,1,4,4,0,3,1,0
109138,6,1,4,4,1,4,1,0
109139,6,1,4,4,1,3,1,0
109141,7,2,4,4,0,4,1,0
109142,6,2,4,2,1,3,1,0
109143,6,1,4,NULL,1,3,1,1
109144,7,1,4,4,0,3,1,0
109145,7,1,4,3,1,2,0,0
109146,7,2,4,NULL,1,3,1,1
109147,7,2,4,4,0,4,1,0
109148,7,2,4,3,0,3,1,0
109149,6,1,4,4,1,3,1,0
109150,7,2,4,4,0,4,1,0
109151,6,1,4,4,1,4,1,0
109152,7,2,4,4,0,4,1,0
109153,7,1,4,4,0,4,1,0
109154,8,1,4,4,1,3,1,0
109155,7,1,4,4,0,4,1,0
109156,6,2,4,3,0,4,1,0
109157,7,1,4,4,1,3,1,0
109158,7,2,4,4,1,4,1,0
109159,7,1,4,4,0,2,0,0
109160,7,1,4,4,0,4,1,0
109161,7,2,4,4,1,3,1,0
109162,7,2,4,3,0,4,1,0
109164,7,2,4,3,1,4,1,0
109165,7,1,4,4,0,3,1,0
109166,8,2,6,NULL,0,2,0,1
109167,7,2,4,4,0,4,1,0
109168,8,1,4,3,1,4,1,0
109169,7,1,5,NULL,0,3,1,1
109170,7,2,5,3,1,3,1,0
109171,8,1,5,4,1,4,1,0
109172,7,2,5,NULL,1,4,1,1
109173,7,1,5,4,1,4,1,0
109174,7,2,5,NULL,0,2,0,1
109175,7,2,5,NULL,1,3,1,1
109176,8,1,5,4,0,4,1,0
109177,8,1,5,NULL,0,3,1,1
109178,9,1,6,4,0,2,0,0
109179,7,1,5,2,0,2,0,0
109180,8,2,5,4,0,4,1,0
109181,7,1,5,NULL,0,4,1,1
109182,7,2,5,4,0,4,1,0
109183,7,2,5,3,0,4,1,0
109185,7,2,5,4,0,3,1,0
109187,8,2,5,4,0,4,1,0
109188,8,1,5,4,1,3,1,0
109189,7,2,5,3,1,3,1,0
109190,7,2,5,4,0,4,1,0
109191,8,2,5,4,1,4,1,0
109192,8,1,5,4,1,4,1,0
109194,8,2,5,4,0,3,1,0
109195,7,1,5,4,0,4,1,0
109196,7,2,5,2,1,4,1,0
109197,7,1,5,4,0,3,1,0
109199,7,1,5,4,1,3,1,0
109200,7,1,5,3,0,3,1,0
109202,8,2,5,4,1,4,1,0
109203,7,1,5,4,0,4,1,0
109204,8,1,5,4,0,3,1,0
109205,7,2,5,NULL,1,2,0,1
109206,7,2,5,4,1,3,1,0
109207,8,2,6,NULL,1,3,1,1
109208,8,1,6,NULL,0,2,0,1
109209,9,2,6,NULL,0,3,1,1
109210,8,1,6,4,1,3,1,0
109211,9,2,6,4,0,4,1,0
109212,9,1,6,4,0,3,1,0
109213,9,2,6,NULL,1,3,1,1
109214,9,1,6,4,0,4,1,0
109215,8,2,6,4,0,4,1,0
109218,9,1,6,4,0,3,1,0
109219,8,1,6,4,0,3,1,0
109220,8,2,6,4,0,3,1,0
109221,8,2,6,NULL,0,4,1,1
109223,9,2,6,2,0,3,1,0
109224,8,1,6,4,0,4,1,0
109225,8,1,6,4,1,3,1,0
109226,8,2,6,4,0,4,1,0
109227,9,2,6,NULL,1,2,0,1
109228,8,1,6,NULL,1,2,0,1
109229,9,2,7,4,0,4,1,0
109231,10,1,7,2,1,3,1,0
109232,10,2,7,3,0,3,1,0
109233,10,1,7,4,0,3,1,0
109234,10,2,7,NULL,0,4,1,1
109235,9,2,7,4,1,2,0,0
109236,10,2,7,3,0,4,1,0
109237,10,1,7,NULL,1,4,1,1
109238,9,1,7,3,0,4,1,0
109239,10,1,7,NULL,0,3,1,1
109240,10,2,7,4,0,3,1,0
109241,9,2,7,4,0,4,1,0
109242,10,2,7,NULL,1,2,0,1
109243,9,2,7,4,0,4,1,0
109244,9,2,7,4,0,3,1,0
109245,10,1,7,4,0,4,1,0
109246,10,2,7,NULL,0,3,1,1
109247,10,1,7,4,0,3,1,0
109248,10,1,7,4,1,2,0,0
109249,10,1,7,4,0,4,1,0
109250,9,2,7,3,1,3,1,0
109251,10,1,7,4,0,3,1,0
109252,10,1,7,3,0,3,1,0
109254,10,2,7,4,0,4,1,0
109255,9,2,7,4,0,4,1,0
109256,9,1,7,4,1,3,1,0
109257,8,2,6,NULL,1,3,1,1
109258,9,1,6,4,0,3,1,0
109262,8,2,6,4,0,4,1,0
109263,9,2,6,2,0,2,0,0
109264,9,1,6,4,0,3,1,0
109265,8,2,6,2,0,3,1,0
109267,9,1,6,4,0,2,0,0
109268,9,2,6,NULL,1,2,0,1
109269,8,1,6,2,0,4,1,0
109270,8,2,6,NULL,0,4,1,1
109271,8,1,6,4,0,3,1,0
109272,9,2,6,NULL,0,3,1,1
109274,8,2,6,4,0,3,1,0
109275,8,1,6,3,1,3,1,0
109276,8,2,6,4,0,4,1,0
109277,8,1,6,4,1,3,1,0
109278,9,2,6,3,1,2,0,0
109279,8,1,6,4,1,3,1,0
109280,9,1,6,4,1,4,1,0
109281,8,1,4,4,1,2,0,0
109282,6,1,4,3,1,4,1,0
109283,6,1,4,4,1,4,1,0
109284,7,1,4,4,0,4,1,0
109285,7,1,4,4,0,3,1,0
109286,6,2,4,NULL,0,3,1,1
109287,6,1,4,4,1,4,1,0
109288,6,2,4,4,0,4,1,0
109289,8,1,4,4,0,3,1,0
109290,6,1,4,3,0,1,0,0
109291,7,2,4,4,0,4,1,0
109292,7,2,4,NULL,0,3,1,0
109293,7,2,5,3,1,2,0,0
109294,7,2,5,NULL,1,2,0,1
109295,7,2,5,3,1,3,1,0
109296,7,1,4,3,0,2,0,0
109297,7,2,4,4,1,3,1,0
109298,7,2,4,4,0,2,0,0
109299,6,2,4,4,0,4,1,0
109300,6,2,4,3,0,4,1,0
109301,8,1,5,4,0,4,1,0
109302,6,1,4,4,1,3,1,0
109303,7,2,4,3,0,4,1,0
109304,7,2,4,4,0,4,1,0
109305,6,2,4,3,0,3,1,0
109306,7,1,4,3,0,3,1,0
109307,7,2,5,4,0,2,0,0
109310,7,2,4,4,0,4,1,0
109311,6,2,4,3,1,3,1,0
109312,9,2,6,4,0,3,1,0
109313,8,1,6,2,1,1,0,0
109314,8,1,6,NULL,1,3,1,1
109315,8,2,6,NULL,1,2,0,1
109316,8,2,6,NULL,0,2,0,1
109317,9,2,6,NULL,0,3,1,1
109318,8,1,6,3,1,3,1,0
109319,8,2,6,NULL,0,4,1,1
109320,9,2,6,4,0,2,0,0
109321,8,2,6,NULL,0,4,1,1
109322,9,2,6,NULL,0,4,1,1
109323,9,2,7,NULL,1,4,1,1
109325,9,1,7,4,1,4,1,0
109326,6,1,4,4,0,2,0,0
109327,7,1,4,4,0,4,1,0
109328,6,2,4,NULL,1,3,1,1
109329,7,1,4,4,1,4,1,0
109330,7,1,4,4,1,4,1,0
109331,7,1,4,4,0,4,1,0
109332,6,2,4,4,0,4,1,0
109333,7,1,4,3,0,4,1,0
109334,6,2,4,3,0,3,1,0
109335,7,1,4,NULL,0,4,1,1
109336,7,1,4,NULL,0,4,1,1
109337,7,2,4,NULL,1,2,0,1
109338,8,1,5,4,0,4,1,0
109339,7,1,4,3,1,4,1,0
109340,7,2,4,2,0,3,1,0
109342,8,1,4,3,0,3,1,0
109343,8,1,4,3,0,3,1,0
109344,7,1,4,4,0,4,1,0
109345,8,2,4,NULL,1,4,1,1
109346,7,1,4,NULL,0,2,0,1
109349,8,1,5,3,0,1,0,0
109352,8,1,5,4,1,4,1,0
109353,7,2,5,NULL,1,4,1,1
109354,7,1,5,4,1,4,1,0
109355,9,1,5,NULL,1,3,1,1
109357,8,1,5,4,0,3,1,0
109359,8,1,5,NULL,1,2,0,1
109360,10,2,6,NULL,1,3,1,1
109361,8,2,5,NULL,1,3,1,1
109363,8,1,5,NULL,1,2,0,1
109364,8,2,5,NULL,1,2,0,1
109366,8,1,6,4,0,2,0,0
109367,7,2,5,3,0,4,1,0
109368,8,1,5,4,1,3,1,0
109370,8,2,5,4,0,3,1,0
109371,9,1,6,4,0,4,1,0
109372,8,1,6,NULL,0,2,0,1
109375,10,2,6,NULL,0,2,0,1
109376,9,2,6,NULL,0,3,1,1
109377,9,1,6,NULL,1,2,0,1
109378,9,2,6,3,1,2,0,0
109380,9,1,6,NULL,1,3,1,1
109381,8,2,6,NULL,1,3,1,1
109383,9,2,6,NULL,1,4,1,1
109384,9,1,6,NULL,0,3,1,1
109385,9,2,6,NULL,1,2,0,1
109386,10,1,6,NULL,1,3,1,1
109388,10,1,6,3,1,3,1,0
109389,9,2,6,NULL,1,4,1,1
109392,9,1,6,NULL,0,3,1,1
109393,9,1,6,4,0,4,1,0
109394,9,1,6,4,0,3,1,0
109395,9,1,6,4,1,3,1,0
109397,8,1,6,NULL,1,2,0,1
109398,9,1,6,NULL,0,2,0,1
109399,9,2,6,2,1,3,1,0
109400,9,1,6,3,0,3,1,0
109401,9,2,6,NULL,0,3,1,1
109403,8,1,6,4,1,3,1,0
109404,8,2,6,NULL,0,4,1,1
109405,6,2,4,4,0,3,1,0
109407,7,2,4,4,0,4,1,0
109408,8,1,4,4,0,3,1,0
109409,7,1,4,NULL,0,4,1,1
109411,7,1,4,4,0,4,1,0
109412,7,1,4,NULL,0,4,1,1
109413,7,1,4,4,1,3,1,0
109415,8,2,4,NULL,1,3,1,1
109417,7,1,4,NULL,0,4,1,1
109418,7,1,4,NULL,0,2,0,1
109419,6,1,5,4,0,4,1,0
109420,8,1,5,3,1,4,1,0
109422,7,1,4,NULL,1,2,0,1
109423,7,2,4,4,0,4,1,0
109424,6,1,4,2,1,2,0,0
109426,8,1,4,4,0,4,1,0
109427,7,1,4,3,1,2,0,0
109428,7,2,4,3,0,3,1,0
109429,7,1,4,4,0,3,1,0
109430,7,2,4,4,0,3,1,0
109431,6,1,4,4,0,4,1,0
109433,6,2,4,4,0,3,1,0
109434,7,2,4,3,1,3,1,0
109435,6,1,4,4,1,3,1,0
109436,6,2,4,4,1,4,1,0
109437,6,2,4,4,0,4,1,0
109438,6,2,4,3,0,3,1,0
109439,6,2,4,4,0,3,1,0
109440,6,2,4,2,1,2,0,0
109441,7,1,4,4,0,4,1,0
109442,6,1,4,4,0,4,1,0
109443,6,2,4,4,0,4,1,0
109445,6,1,4,4,0,3,1,0
109446,6,2,4,4,0,4,1,0
109447,7,2,4,4,0,4,1,0
109448,7,1,4,4,0,4,1,0
109449,6,2,4,4,1,3,1,0
109450,7,2,4,4,0,4,1,0
109451,7,2,4,3,0,4,1,0
109452,6,1,4,4,0,3,1,0
109453,7,2,4,4,1,3,1,0
109454,6,2,4,4,0,3,1,0
109455,6,1,4,3,0,4,1,0
109456,7,1,4,4,0,3,1,0
109457,7,2,4,4,1,4,1,0
109459,6,1,4,4,0,4,1,0
109460,7,1,4,3,0,4,1,0
109461,6,1,4,4,0,4,1,0
109462,7,1,4,3,0,3,1,0
109463,6,1,4,4,0,4,1,0
109464,7,1,4,3,0,2,0,0
109465,6,1,4,3,1,3,1,0
109466,6,2,4,4,0,3,1,0
109467,7,2,4,4,0,3,1,0
109468,7,2,4,3,1,4,1,0
109469,7,1,4,4,0,4,1,0
109470,7,2,5,4,1,4,1,0
109471,7,2,5,4,0,4,1,0
109472,11,2,1,4,0,4,1,0
109473,7,1,5,4,0,4,1,0
109474,7,2,5,4,0,3,1,0
109475,7,1,5,4,0,3,1,0
109476,7,1,5,4,0,4,1,0
109477,7,1,5,4,0,2,0,0
109478,7,2,5,4,0,3,1,0
109479,7,1,5,4,0,2,0,0
109480,8,1,5,3,0,3,1,0
109481,7,2,5,4,0,3,1,0
109482,7,1,5,3,0,3,1,0
109483,7,2,5,3,0,3,1,0
109484,7,1,5,4,0,4,1,0
109485,7,2,5,4,0,3,1,0
109486,7,1,5,4,0,4,1,0
109487,7,2,5,3,0,4,1,0
109488,7,1,5,4,0,3,1,0
109489,7,2,5,2,0,2,0,0
109490,7,1,5,4,0,4,1,0
109491,8,1,5,4,0,2,0,0
109492,7,1,5,3,1,3,1,0
109493,7,2,5,1,0,2,0,0
109494,7,1,5,4,0,3,1,0
109495,7,1,5,4,0,4,1,0
109496,7,2,5,4,0,4,1,0
109497,7,2,5,4,0,4,1,0
109498,7,1,5,4,0,4,1,0
109499,7,2,5,4,0,3,1,0
109500,7,2,5,4,0,4,1,0
109501,7,2,5,4,1,4,1,0
109502,7,2,5,3,0,3,1,0
109503,7,2,5,4,0,4,1,0
109504,7,2,5,NULL,1,2,0,1
109505,7,1,5,4,0,4,1,0
109506,7,2,5,4,0,3,1,0
109507,7,1,5,4,1,4,1,0
109509,7,2,5,4,0,3,1,0
109510,9,2,6,2,0,3,1,0
109511,8,1,6,3,0,2,0,0
109512,8,1,6,NULL,0,2,0,1
109513,8,2,6,4,0,4,1,0
109514,9,1,6,3,1,4,1,0
109515,9,1,6,4,0,3,1,0
109516,8,1,6,4,0,4,1,0
109517,10,1,6,4,0,3,1,0
109518,9,2,6,4,0,4,1,0
109519,8,2,6,NULL,0,3,1,1
109520,8,1,6,4,0,2,0,0
109521,9,2,6,NULL,0,4,1,1
109522,8,2,6,4,0,4,1,0
109523,9,2,6,4,0,3,1,0
109524,8,2,6,3,0,3,1,0
109525,9,1,6,4,0,4,1,0
109526,8,1,6,4,0,2,0,0
109527,9,1,6,4,0,2,0,0
109528,9,1,6,3,0,3,1,0
109529,8,2,6,4,0,3,1,0
109530,8,1,6,4,0,4,1,0
109531,9,2,6,4,0,3,1,0
109532,8,1,6,4,0,4,1,0
109533,9,2,6,4,0,4,1,0
109534,9,1,6,3,0,2,0,0
109535,9,1,6,4,0,3,1,0
109536,9,1,6,3,0,3,1,0
109537,9,1,6,4,0,4,1,0
109538,9,2,6,4,0,3,1,0
109539,9,2,6,2,0,3,1,0
109541,8,1,6,4,0,4,1,0
109542,9,1,6,4,0,4,1,0
109543,8,1,6,4,0,4,1,0
109544,9,2,6,4,0,4,1,0
109545,8,1,6,4,0,4,1,0
109546,8,2,6,4,0,4,1,0
109547,8,2,6,3,0,3,1,0
109548,9,1,6,4,0,4,1,0
109549,8,1,6,4,0,3,1,0
109550,8,2,6,4,0,3,1,0
109551,10,2,7,4,0,4,1,0
109552,10,1,7,4,0,3,1,0
109553,10,2,7,4,0,4,1,0
109554,10,2,7,2,0,2,0,0
109555,10,2,7,3,0,3,1,0
109556,10,1,7,3,0,3,1,0
109557,11,1,7,4,0,4,1,0
109558,9,1,7,4,0,3,1,0
109559,9,2,7,2,0,3,1,0
109560,10,1,7,4,0,3,1,0
109561,9,2,7,4,0,3,1,0
109562,9,2,7,NULL,1,4,1,1
109563,9,2,7,4,0,4,1,0
109564,9,1,7,4,0,4,1,0
109565,10,1,7,3,0,2,0,0
109566,10,2,7,4,0,4,1,0
109567,10,2,7,3,0,4,1,0
109568,9,1,7,2,1,3,1,0
109570,9,2,7,4,0,4,1,0
109571,10,1,7,4,0,3,1,0
109572,10,2,7,3,0,3,1,0
109573,10,1,7,3,1,4,1,0
109574,10,2,7,4,0,3,1,0
109575,9,2,7,4,0,2,0,0
109577,10,2,7,4,0,4,1,0
109578,10,2,7,2,0,3,1,0
109579,9,1,7,4,0,3,1,0
109580,9,1,7,NULL,0,2,0,1
109581,10,1,7,4,0,3,1,0
109582,10,2,7,NULL,1,2,0,1
109584,9,1,7,4,0,4,1,0
109586,10,1,7,4,0,2,0,0
109587,10,1,7,3,1,2,0,0
109588,9,2,7,4,0,4,1,0
109589,7,2,4,4,0,4,1,0
109590,7,1,4,NULL,1,2,0,1
109592,6,2,4,NULL,0,3,1,1
109593,6,2,4,4,1,3,1,0
109595,6,2,4,3,1,4,1,0
109597,6,2,4,3,1,3,1,0
109598,7,1,4,4,0,2,0,0
109599,7,2,4,NULL,0,4,1,1
109600,7,2,4,4,0,4,1,0
109601,7,2,4,3,0,2,0,0
109602,7,2,4,4,0,3,1,0
109603,7,2,4,3,0,3,1,0
109604,6,2,4,NULL,0,1,0,1
109605,6,1,4,4,1,2,0,0
109606,6,2,4,3,1,4,1,0
109607,6,2,4,3,0,4,1,0
109608,7,2,4,2,1,3,1,0
109609,8,1,4,4,0,4,1,0
109610,6,1,4,4,0,3,1,0
109611,6,2,4,3,0,3,1,0
109612,7,1,4,4,0,3,1,0
109613,6,1,4,3,0,2,0,0
109614,6,2,4,4,0,3,1,0
109615,7,1,4,4,0,4,1,0
109616,6,2,4,NULL,0,4,1,1
109617,6,1,4,4,0,2,0,0
109618,7,2,4,4,1,4,1,0
109619,7,2,4,4,0,3,1,0
109620,7,2,4,4,0,3,1,0
109621,7,2,4,4,0,3,1,0
109622,7,1,4,4,0,2,0,0
109623,7,2,4,NULL,1,3,1,1
109624,7,1,4,4,0,3,1,0
109625,6,2,4,3,0,4,1,0
109626,6,1,4,4,0,3,1,0
109627,7,1,4,4,1,3,1,0
109628,7,2,4,NULL,0,3,1,1
109629,7,1,4,4,0,2,0,0
109630,6,2,4,4,0,4,1,0
109631,8,1,4,4,0,4,1,0
109632,7,2,4,NULL,0,4,1,1
109633,6,2,4,3,0,4,1,0
109634,7,1,4,2,0,3,1,0
109635,7,1,4,4,0,2,0,0
109636,7,1,4,NULL,0,4,1,1
109637,7,1,4,3,0,4,1,0
109638,6,1,4,3,0,4,1,0
109639,7,2,4,3,0,4,1,0
109640,7,1,5,3,0,2,0,0
109641,8,2,5,3,0,3,1,0
109642,8,1,5,3,0,4,1,0
109643,8,2,5,NULL,1,4,1,1
109644,7,2,5,3,0,4,1,0
109645,9,1,5,3,0,4,1,0
109646,7,1,5,4,0,3,1,0
109647,8,2,5,NULL,0,3,1,1
109648,8,1,5,4,1,3,1,0
109649,7,2,5,4,0,3,1,0
109650,8,1,5,4,0,4,1,0
109651,8,1,5,4,0,3,1,0
109652,7,2,5,4,1,4,1,0
109653,7,1,5,3,0,4,1,0
109654,8,1,5,3,0,3,1,0
109655,8,2,5,3,1,3,1,0
109656,8,1,5,4,0,4,1,0
109657,7,2,5,4,0,4,1,0
109658,8,2,5,4,0,3,1,0
109659,7,1,5,4,0,3,1,0
109660,8,1,5,4,0,4,1,0
109661,8,2,5,NULL,0,4,1,1
109662,8,1,5,2,0,1,0,0
109663,8,1,5,4,0,3,1,0
109664,8,2,5,4,0,4,1,0
109665,8,2,5,3,0,3,1,0
109667,7,2,5,4,0,4,1,0
109668,7,1,5,4,0,2,0,0
109669,8,1,5,4,0,4,1,0
109670,8,2,5,4,0,4,1,0
109671,7,2,5,3,0,3,1,0
109672,8,1,5,4,1,2,0,0
109673,7,1,5,4,0,4,1,0
109674,7,1,5,4,0,3,1,0
109675,8,1,5,3,1,3,1,0
109676,7,2,5,3,0,3,1,0
109677,7,2,5,4,0,4,1,0
109678,7,1,5,4,0,4,1,0
109679,8,1,5,4,0,3,1,0
109680,7,2,5,3,0,4,1,0
109681,8,1,5,3,0,3,1,0
109682,7,2,5,NULL,1,3,1,1
109683,7,2,5,4,0,2,0,0
109684,8,1,5,4,0,4,1,0
109685,9,1,5,3,1,3,1,0
109686,8,2,5,3,1,4,1,0
109687,7,2,5,3,0,4,1,0
109688,8,2,5,4,0,4,1,0
109689,9,1,6,3,0,3,1,0
109690,9,1,6,4,0,3,1,0
109691,9,1,6,NULL,1,3,1,1
109692,11,1,6,3,0,3,1,0
109693,9,1,6,4,0,2,0,0
109694,9,2,6,4,0,3,1,0
109695,9,1,6,3,0,2,0,0
109696,9,1,6,4,0,4,1,0
109698,8,2,6,3,0,4,1,0
109699,9,1,6,NULL,0,3,1,1
109700,8,1,6,3,0,3,1,0
109701,8,1,6,4,0,4,1,0
109702,8,2,6,4,0,4,1,0
109705,10,1,6,4,0,3,1,0
109706,10,1,6,4,0,2,0,0
109707,9,1,6,4,0,3,1,0
109708,8,1,6,4,0,4,1,0
109709,8,1,6,4,0,3,1,0
109710,9,1,6,4,0,3,1,0
109711,8,1,6,NULL,1,3,1,1
109712,9,1,6,4,0,3,1,0
109713,9,2,6,NULL,1,4,1,1
109714,9,1,6,4,0,4,1,0
109715,9,1,6,3,0,2,0,0
109716,10,1,6,4,0,4,1,0
109717,9,2,6,NULL,1,3,1,1
109718,8,2,6,2,0,4,1,0
109719,9,1,6,NULL,1,4,1,1
109720,9,1,6,4,0,4,1,0
109721,8,1,6,3,1,1,0,0
109722,9,1,6,4,0,2,0,0
109723,9,1,6,4,1,4,1,0
109724,9,1,6,4,0,3,1,0
109725,9,1,6,4,0,4,1,0
109726,8,1,6,3,0,2,0,0
109727,9,2,6,3,0,4,1,0
109728,9,1,6,3,1,3,1,0
109729,9,1,6,3,0,3,1,0
109730,8,1,6,4,0,3,1,0
109731,9,1,6,2,0,4,1,0
109732,9,1,6,3,0,3,1,0
109733,9,1,6,3,1,4,1,0
109734,8,1,6,4,0,4,1,0
109735,8,2,6,NULL,0,3,1,1
109736,9,2,6,4,0,4,1,0
109737,9,1,6,3,0,3,1,0
109738,9,2,6,NULL,0,2,0,1
109739,9,1,6,4,0,4,1,0
109740,9,1,7,4,0,3,1,0
109741,9,1,7,4,0,4,1,0
109742,10,1,7,4,0,4,1,0
109743,10,2,7,4,0,3,1,0
109744,10,2,7,4,0,3,1,0
109745,9,2,7,NULL,0,4,1,1
109746,9,2,7,3,0,3,1,0
109747,9,2,7,3,0,2,0,0
109748,10,2,7,4,0,4,1,0
109749,9,1,7,4,1,3,1,0
109750,9,2,7,NULL,0,3,1,1
109751,10,2,7,4,0,3,1,0
109752,9,1,7,3,0,4,1,0
109753,10,1,7,NULL,0,3,1,1
109754,11,1,7,NULL,0,3,1,1
109755,10,1,7,NULL,0,4,1,1
109756,10,1,7,4,0,3,1,0
109757,10,1,7,4,0,3,1,0
109758,10,1,7,3,0,4,1,0
109759,10,1,7,4,0,3,1,0
109760,9,1,7,NULL,0,3,1,1
109761,10,1,7,4,0,4,1,0
109762,10,1,7,4,0,3,1,0
109765,10,1,7,4,0,3,1,0
109766,9,1,7,3,0,3,1,0
109767,10,2,7,NULL,0,3,1,1
109768,9,1,7,4,0,2,0,0
109769,10,2,7,NULL,0,3,1,1
109770,10,2,7,4,0,4,1,0
109771,9,2,7,4,0,3,1,0
109773,10,1,7,4,0,4,1,0
109774,10,2,7,NULL,0,3,1,0
109775,9,2,7,4,1,3,1,0
109776,10,1,7,NULL,0,4,1,1
109777,9,1,7,4,0,4,1,0
109778,10,1,7,4,0,3,1,0
109779,9,1,7,2,0,2,0,0
109780,9,2,7,NULL,0,3,1,1
109781,10,1,7,4,0,4,1,0
109782,9,2,7,3,1,3,1,0
109783,9,1,7,4,0,4,1,0
109785,10,1,7,NULL,0,3,1,1
109786,10,1,7,4,0,4,1,0
109787,10,1,7,4,0,4,1,0
109788,9,2,7,4,0,3,1,0
109789,10,2,7,3,0,2,0,0
109790,10,1,7,4,0,4,1,0
109791,10,1,7,NULL,0,3,1,1
109792,10,1,7,4,0,4,1,0
109793,10,1,7,NULL,0,4,1,1
109794,9,2,7,4,0,4,1,0
109795,10,1,7,4,0,4,1,0
109796,10,2,7,4,0,4,1,0
109797,10,2,7,3,0,2,0,0
109798,10,1,7,3,0,3,1,0
109799,10,2,7,3,0,3,1,0
109800,7,2,4,4,0,3,1,0
109801,8,1,5,4,0,3,1,0
109802,7,1,4,4,0,4,1,0
109803,7,2,5,NULL,1,3,1,1
109804,8,1,5,4,0,4,1,0
109805,8,2,5,NULL,0,4,1,1
109806,8,1,5,NULL,1,2,0,1
109808,8,1,5,4,0,2,0,0
109809,8,2,5,4,0,3,1,0
109810,8,1,5,NULL,0,3,1,1
109811,8,1,5,NULL,0,3,1,1
109812,8,1,5,3,0,3,1,0
109813,9,1,5,4,0,4,1,0
109814,7,1,5,3,0,2,0,0
109815,8,1,5,4,0,4,1,0
109816,7,2,5,4,1,3,1,0
109817,8,1,5,NULL,1,3,1,1
109818,8,2,5,NULL,0,2,0,1
109819,8,1,5,NULL,0,1,0,1
109821,8,1,5,2,1,3,1,0
109822,9,1,6,4,0,4,1,0
109823,8,1,5,3,0,4,1,0
109824,9,1,6,NULL,0,4,1,1
109825,7,2,5,4,0,4,1,0
109827,8,1,5,4,0,3,1,0
109828,8,1,5,NULL,0,3,1,1
109829,8,2,5,4,0,4,1,0
109831,8,1,5,NULL,0,4,1,1
109832,8,1,5,4,0,3,1,0
109833,7,2,5,NULL,1,2,0,1
109834,8,1,5,3,0,3,1,0
109835,7,2,5,NULL,1,3,1,1
109836,9,2,6,4,0,4,1,0
109837,8,1,6,4,0,1,0,0
109838,8,1,6,4,0,4,1,0
109839,9,1,6,NULL,1,4,1,1
109840,8,1,6,4,0,3,1,0
109841,8,2,6,3,0,3,1,0
109842,8,1,6,2,1,3,1,0
109843,8,2,6,4,0,3,1,0
109844,8,2,6,NULL,1,3,1,1
109845,9,2,6,3,0,3,1,0
109846,8,2,6,4,0,3,1,0
109847,8,1,6,3,0,2,0,0
109848,9,1,6,NULL,0,3,1,1
109849,8,1,6,NULL,1,3,1,1
109850,9,1,6,3,1,2,0,0
109851,9,2,6,3,0,3,1,0
109852,9,1,6,NULL,1,2,0,1
109853,8,1,6,NULL,1,3,1,1
109854,9,2,6,2,0,2,0,0
109855,8,1,6,NULL,0,4,1,1
109856,7,1,4,3,0,2,0,0
109857,6,2,4,4,0,3,1,0
109859,6,2,4,3,0,3,1,0
109860,6,1,4,4,0,4,1,0
109862,7,1,4,4,0,3,1,0
109863,6,2,4,3,0,3,1,0
109864,7,2,4,4,0,4,1,0
109865,6,1,4,3,0,3,1,0
109866,6,2,4,4,0,2,0,0
109867,6,1,4,4,0,3,1,0
109868,6,1,4,NULL,1,3,1,1
109869,7,2,4,4,0,3,1,0
109870,7,2,4,NULL,0,2,0,1
109871,6,1,4,4,0,3,1,0
109873,6,2,4,3,0,3,1,0
109874,7,1,4,NULL,0,3,1,1
109875,7,2,4,3,0,3,1,0
109876,6,2,4,4,0,3,1,0
109877,7,1,5,3,0,4,1,0
109878,7,2,5,NULL,0,2,0,1
109879,8,1,5,4,0,4,1,0
109880,8,1,5,NULL,0,3,1,1
109881,7,2,5,4,0,4,1,0
109882,7,1,5,4,0,3,1,0
109883,8,1,5,3,0,4,1,0
109884,8,2,5,3,1,3,1,0
109885,8,1,5,3,0,3,1,0
109886,7,2,5,NULL,0,4,1,1
109887,8,2,5,4,0,3,1,0
109888,7,2,5,4,0,3,1,0
109889,7,1,5,NULL,0,3,1,1
109891,8,1,6,NULL,0,3,1,1
109892,8,1,6,NULL,0,3,1,1
109893,8,1,6,4,1,4,1,0
109894,8,1,6,NULL,0,3,1,1
109895,8,2,6,NULL,0,2,0,1
109897,8,1,6,4,0,4,1,0
109898,9,1,6,4,0,4,1,0
109899,9,2,6,4,0,4,1,0
109900,8,2,6,NULL,1,3,1,1
109901,9,2,6,NULL,0,2,0,1
109902,9,1,6,4,0,2,0,0
109904,9,1,6,NULL,0,2,0,1
109905,8,2,6,3,0,3,1,0
109906,8,1,6,NULL,0,3,1,1
109907,10,2,7,4,0,4,1,0
109908,10,1,7,NULL,0,3,1,1
109909,9,1,7,NULL,0,2,0,1
109911,9,1,7,NULL,0,3,1,1
109912,9,1,7,NULL,0,2,0,1
109914,10,1,7,NULL,0,4,1,1
109915,10,2,7,NULL,0,3,1,1
109916,10,1,7,4,0,3,1,0
109917,10,2,7,NULL,1,4,1,1
109918,9,1,7,4,0,2,0,0
109919,9,2,7,NULL,0,3,1,1
109920,10,1,7,NULL,1,4,1,1
109922,9,2,7,NULL,1,4,1,1
109923,10,2,7,4,0,4,1,0
109924,9,1,6,NULL,0,3,1,1
109925,9,1,6,NULL,1,3,1,1
109926,9,1,6,NULL,0,4,1,1
109927,9,1,6,NULL,0,2,0,1
109928,8,2,6,NULL,1,3,1,1
109929,9,1,6,NULL,0,3,1,1
109930,8,2,6,3,1,2,0,0
109931,8,2,6,4,0,4,1,0
109932,8,2,6,NULL,0,4,1,1
109933,9,1,6,NULL,0,2,0,1
109934,8,2,6,NULL,0,3,1,1
109935,8,2,6,NULL,0,3,1,1
109936,8,2,6,NULL,0,4,1,1
109937,9,1,6,NULL,0,3,1,1
109938,8,1,6,4,0,3,1,0
109939,8,2,6,NULL,0,3,1,1
109940,5,2,2,4,0,3,1,0
109941,8,2,6,NULL,0,3,1,1
109942,9,1,6,NULL,0,3,1,1
109943,8,2,6,NULL,1,4,1,1
109945,8,1,6,3,0,2,0,0
109946,8,2,6,4,0,4,1,0
109947,8,2,6,NULL,0,3,1,1
109948,8,2,6,3,0,4,1,0
109949,8,2,6,4,0,4,1,0
109950,8,1,6,3,0,4,1,0
109951,8,2,6,NULL,0,3,1,1
109952,6,2,4,NULL,0,2,0,1
109953,7,1,4,4,0,3,1,0
109954,7,2,4,2,0,3,1,0
109957,6,2,4,4,1,3,1,0
109958,6,1,4,1,0,3,1,0
109959,6,1,4,4,0,3,1,0
109961,6,1,4,3,0,2,0,0
109962,6,2,4,4,0,4,1,0
109963,6,1,4,4,0,2,0,0
109964,6,1,4,4,0,3,1,0
109966,6,1,4,3,0,3,1,0
109967,7,1,4,3,1,3,1,0
109968,6,1,4,3,0,3,1,0
109969,6,2,4,3,0,3,1,0
109970,7,1,4,3,0,3,1,0
109971,6,2,4,3,0,2,0,0
109972,7,1,5,NULL,0,3,1,1
109973,8,1,5,2,0,3,1,0
109974,8,2,5,NULL,0,3,1,1
109975,8,1,5,4,0,4,1,0
109976,8,1,5,NULL,0,2,0,1
109977,7,2,5,4,0,3,1,0
109978,8,2,5,4,0,4,1,0
109979,7,1,5,NULL,0,4,1,1
109980,7,2,5,4,0,4,1,0
109981,7,1,5,3,0,2,0,0
109982,8,1,5,NULL,1,2,0,1
109983,7,1,5,4,0,4,1,0
109984,8,1,5,3,0,3,1,0
109985,8,2,5,NULL,0,4,1,1
109986,7,2,5,4,0,4,1,0
109987,8,1,5,NULL,0,3,1,1
109988,8,1,5,4,1,4,1,0
109989,7,2,5,3,0,2,0,0
109990,8,1,5,NULL,0,3,1,1
109992,8,1,5,4,0,4,1,0
109993,7,2,5,3,0,2,0,0
109994,7,1,5,NULL,0,3,1,1
109995,8,2,5,3,0,3,1,0
109996,7,2,5,4,0,4,1,0
109998,7,2,5,4,0,4,1,0
109999,8,1,5,NULL,0,2,0,1
110001,7,1,5,NULL,0,3,1,1
110002,7,2,5,3,0,3,1,0
110003,8,1,5,4,0,4,1,0
110004,6,1,4,4,1,3,1,0
110005,7,1,5,4,0,3,1,0
110006,7,1,5,4,0,3,1,0
110007,6,1,4,NULL,1,2,0,1
110008,7,1,4,4,1,4,1,0
110009,8,1,5,4,0,3,1,0
110011,7,2,5,2,1,4,1,0
110012,8,1,6,4,1,4,1,0
110013,6,2,4,NULL,1,2,0,1
110014,8,1,5,4,1,4,1,0
110015,7,1,5,4,1,3,1,0
110016,7,2,4,NULL,1,1,0,1
110017,6,2,4,NULL,1,2,0,1
110018,7,2,4,4,0,3,1,0
110019,7,2,5,4,0,4,1,0
110020,8,1,5,4,0,3,1,0
110021,7,1,4,4,1,2,0,0
110022,6,1,4,4,0,4,1,0
110023,7,1,4,4,0,3,1,0
110024,7,2,4,NULL,1,3,1,1
110025,7,2,5,4,0,3,1,0
110026,7,2,5,2,0,4,1,0
110028,8,2,5,3,1,4,1,0
110029,6,1,4,3,0,3,1,0
110030,6,1,4,4,1,2,0,0
110031,6,2,4,4,0,4,1,0
110032,7,1,5,3,0,3,1,0
110033,7,2,4,NULL,0,4,1,1
110034,6,1,4,3,0,3,1,0
110035,6,2,4,4,0,4,1,0
110036,6,2,4,3,1,4,1,0
110037,6,1,4,3,1,3,1,0
110038,8,2,5,4,0,3,1,0
110040,8,2,6,4,0,1,0,0
110041,9,1,6,4,0,3,1,0
110042,8,2,6,NULL,1,3,1,1
110043,9,1,6,4,1,4,1,0
110044,9,1,6,NULL,0,2,0,1
110045,8,2,6,NULL,0,1,0,1
110046,9,1,6,4,0,4,1,0
110047,9,1,6,4,0,3,1,0
110049,9,2,7,NULL,0,4,1,1
110050,10,1,7,4,1,3,1,0
110051,10,1,7,NULL,0,3,1,1
110052,9,2,7,NULL,0,3,1,1
110053,9,2,7,NULL,1,4,1,1
110054,9,1,7,NULL,1,2,0,1
110055,10,1,7,4,1,3,1,0
110057,10,1,7,3,0,4,1,0
110058,9,1,7,NULL,1,2,0,1
110059,10,1,7,NULL,1,1,0,1
110060,9,2,7,NULL,0,3,1,1
110072,4,2,1,4,0,4,1,0
110074,4,1,1,4,0,3,1,0
110078,5,1,1,4,0,4,1,0
110079,4,2,1,4,0,4,1,0
110081,4,1,1,4,1,3,1,0
110084,4,1,1,4,0,3,1,0
110087,4,1,1,4,0,3,1,0
110088,3,1,1,2,0,4,1,0
110089,3,2,1,3,0,3,1,0
110090,3,1,1,4,0,4,1,0
110092,3,2,1,4,0,3,1,0
110094,8,2,5,4,1,4,1,0
110096,8,2,5,4,0,1,0,0
110098,8,2,6,4,0,3,1,0
110099,10,1,7,3,1,3,1,0
110100,10,1,7,NULL,1,4,1,1
110102,10,2,7,4,0,4,1,0
110103,9,2,7,3,0,2,0,0
110104,9,2,7,NULL,0,3,1,1
110105,9,2,7,4,0,4,1,0
110106,6,2,4,4,0,2,0,0
110108,6,1,4,NULL,0,4,1,1
110109,7,2,4,NULL,0,4,1,1
110110,6,1,4,4,1,3,1,0
110111,6,2,4,4,1,3,1,0
110112,6,2,4,NULL,1,4,1,1
110113,6,1,4,3,1,4,1,0
110114,7,1,4,3,1,3,1,0
110115,6,2,4,3,0,3,1,0
110116,8,1,4,3,0,4,1,0
110117,7,2,4,NULL,1,3,1,1
110118,7,1,4,3,1,2,0,0
110120,6,1,4,3,1,4,1,0
110121,8,2,5,2,1,3,1,0
110122,7,1,5,4,1,4,1,0
110123,7,1,5,NULL,1,2,0,1
110124,7,1,5,1,0,2,0,0
110125,8,1,5,NULL,1,4,1,1
110126,8,2,5,4,0,4,1,0
110128,7,2,5,3,1,2,0,0
110129,8,1,5,4,1,3,1,0
110130,8,1,5,4,1,2,0,0
110131,9,1,6,3,0,3,1,0
110132,8,1,6,3,1,4,1,0
110133,9,2,6,4,1,4,1,0
110134,8,1,6,4,0,3,1,0
110135,9,1,6,NULL,1,3,1,1
110136,9,1,6,4,1,1,0,0
110137,10,2,7,4,1,4,1,0
110138,9,1,7,3,0,4,1,0
110140,11,2,7,NULL,1,2,0,1
110141,9,2,7,NULL,1,4,1,1
110142,9,2,7,NULL,0,3,1,1
110143,10,2,7,NULL,1,3,1,1
110144,9,1,7,NULL,1,3,1,1
110145,9,1,7,NULL,1,1,0,1
110146,10,2,7,NULL,0,3,1,1
110147,10,1,7,3,1,2,0,0
110148,9,2,7,4,0,4,1,0
110149,10,1,7,4,0,4,1,0
110150,9,1,7,NULL,1,2,0,1
110151,9,1,7,NULL,0,2,0,1
110152,4,2,2,4,0,4,1,0
110153,4,1,2,4,0,3,1,0
110155,5,2,2,4,0,4,1,0
110157,4,1,2,3,0,2,0,0
110158,4,1,2,4,0,4,1,0
110159,5,2,2,3,0,3,1,0
110160,4,1,2,4,0,3,1,0
110161,5,1,2,4,0,3,1,0
110162,5,1,2,4,0,3,1,0
110163,4,1,2,NULL,0,4,1,1
110165,5,2,2,4,0,3,1,0
110166,4,1,2,4,0,4,1,0
110167,5,2,2,4,0,4,1,0
110168,4,1,2,3,1,4,1,0
110171,4,1,2,4,0,3,1,0
110173,4,1,2,4,0,3,1,0
110174,5,1,2,4,0,3,1,0
110187,5,2,3,4,0,1,0,0
110191,6,1,3,3,0,3,1,0
110192,6,2,3,3,0,4,1,0
110193,5,2,3,4,1,3,1,0
110194,5,2,3,4,1,1,0,0
110195,5,1,3,4,0,4,1,0
110196,5,1,3,4,0,4,1,0
110198,5,2,3,4,0,3,1,0
110199,6,2,3,4,0,3,1,0
110200,6,2,3,2,0,4,1,0
110202,5,1,3,4,0,4,1,0
110203,7,1,3,4,0,3,1,0
110205,5,2,3,3,0,4,1,0
110207,5,1,3,4,0,3,1,0
110208,5,1,3,4,0,4,1,0
110209,5,1,3,3,0,2,0,0
110210,5,1,3,4,0,4,1,0
110211,5,2,3,4,0,4,1,0
110212,6,1,3,4,0,4,1,0
110213,5,1,3,4,0,3,1,0
110214,5,1,3,4,0,3,1,0
110216,5,2,3,4,0,4,1,0
110217,4,1,3,3,0,4,1,0
110218,5,1,3,4,0,4,1,0
110221,6,2,3,4,0,4,1,0
110222,6,1,3,4,0,4,1,0
110223,6,1,3,4,0,3,1,0
110224,5,2,3,2,0,3,1,0
110225,3,1,1,4,1,4,1,0
110226,3,2,1,4,0,4,1,0
110228,4,1,1,4,0,4,1,0
110229,3,1,1,4,1,4,1,0
110230,5,1,1,4,1,4,1,0
110231,3,1,1,4,1,3,1,0
110232,3,1,1,4,0,3,1,0
110233,4,2,2,3,0,3,1,0
110234,4,1,2,4,1,3,1,0
110235,5,1,2,4,0,4,1,0
110236,4,2,2,4,1,3,1,0
110239,5,1,2,NULL,1,3,1,1
110240,4,2,2,2,0,4,1,0
110241,4,2,2,4,0,4,1,0
110242,6,1,3,4,0,4,1,0
110243,6,1,3,4,0,3,1,0
110244,6,1,3,3,0,4,1,0
110245,5,2,3,4,0,4,1,0
110246,5,2,3,NULL,0,3,1,1
110247,5,1,3,4,1,2,0,0
110248,5,2,3,3,1,2,0,0
110249,5,2,3,4,0,4,1,0
110250,6,2,3,2,1,4,1,0
110251,4,2,1,4,0,4,1,0
110254,3,2,1,3,0,3,1,0
110265,4,1,1,4,0,4,1,0
110266,4,2,1,4,0,3,1,0
110272,3,2,1,4,1,3,1,0
110273,4,2,1,4,0,3,1,0
110279,3,1,1,4,0,4,1,0
110282,5,1,1,3,1,4,1,0
110283,3,2,1,4,1,3,1,0
110285,5,2,2,4,1,3,1,0
110288,4,1,2,3,1,3,1,0
110289,4,1,2,4,0,3,1,0
110293,4,1,2,4,0,4,1,0
110298,4,2,2,4,0,4,1,0
110299,4,2,2,3,0,3,1,0
110306,4,1,2,3,0,4,1,0
110308,5,1,2,4,0,2,0,0
110309,4,1,2,4,0,4,1,0
110311,4,2,2,4,0,3,1,0
110314,4,1,2,4,0,4,1,0
110316,5,2,2,4,1,2,0,0
110319,4,2,2,4,0,3,1,0
110324,5,1,3,4,0,4,1,0
110325,5,1,3,4,0,3,1,0
110327,5,1,3,4,0,4,1,0
110328,5,1,3,3,0,3,1,0
110329,5,1,3,NULL,0,3,1,1
110330,5,2,3,4,0,3,1,0
110331,6,1,3,4,0,4,1,0
110332,5,2,3,3,0,1,0,0
110334,5,1,3,3,1,2,0,0
110336,5,2,3,4,1,3,1,0
110337,6,2,3,3,1,3,1,0
110338,5,2,3,4,0,4,1,0
110339,5,2,3,3,0,2,0,0
110340,6,1,3,NULL,0,4,1,1
110342,6,1,3,4,1,3,1,0
110343,5,1,3,4,0,4,1,0
110346,5,2,3,4,0,4,1,0
110348,6,1,3,NULL,1,4,1,1
110349,5,2,3,4,0,3,1,0
110350,6,2,3,2,1,2,0,0
110352,7,2,3,4,0,4,1,0
110353,5,2,3,4,1,3,1,0
110354,7,2,3,4,0,4,1,0
110355,6,2,3,3,0,3,1,0
110356,8,1,3,3,0,4,1,0
110357,6,1,3,3,1,2,0,0
110358,6,2,3,NULL,1,3,1,1
110360,6,2,3,NULL,1,1,0,1
110361,7,1,4,NULL,0,4,1,1
110362,6,2,4,3,1,4,1,0
110363,6,2,4,4,0,3,1,0
110364,7,1,4,4,0,3,1,0
110365,7,1,4,2,0,3,1,0
110366,6,1,4,3,0,3,1,0
110367,7,2,4,4,0,3,1,0
110368,6,1,4,4,0,3,1,0
110369,7,2,4,4,0,4,1,0
110371,7,1,4,4,1,3,1,0
110372,7,1,4,NULL,0,3,1,1
110373,6,2,4,4,0,3,1,0
110374,7,1,4,NULL,0,3,1,1
110375,6,1,4,4,0,4,1,0
110376,7,1,4,3,1,2,0,0
110377,7,2,4,NULL,1,3,1,1
110378,8,1,4,4,0,3,1,0
110379,6,1,4,4,0,4,1,0
110380,7,1,4,3,0,3,1,0
110381,7,2,4,4,0,3,1,0
110382,6,1,4,NULL,0,4,1,1
110383,6,1,4,4,0,3,1,0
110384,7,2,4,4,0,4,1,0
110385,7,1,4,4,1,4,1,0
110386,7,1,4,4,0,4,1,0
110387,6,2,4,4,0,3,1,0
110388,7,1,4,4,0,4,1,0
110389,8,1,4,NULL,0,2,0,1
110390,7,1,4,NULL,0,2,0,1
110391,7,2,4,3,0,3,1,0
110392,7,1,4,4,0,3,1,0
110394,6,2,4,NULL,1,3,1,1
110395,7,1,4,4,0,4,1,0
110396,6,2,4,4,0,4,1,0
110397,7,2,4,4,0,2,0,0
110398,7,2,4,NULL,0,4,1,1
110399,7,2,4,4,0,2,0,0
110400,6,2,4,NULL,0,4,1,1
110401,6,2,4,2,1,3,1,0
110402,7,1,4,4,0,4,1,0
110403,7,2,4,4,0,4,1,0
110404,6,2,4,NULL,1,3,1,1
110405,6,1,4,4,0,3,1,0
110406,6,1,4,4,0,4,1,0
110407,6,2,4,4,1,3,1,0
110408,6,2,4,4,0,3,1,0
110409,8,1,4,NULL,1,2,0,1
110410,7,1,4,4,0,3,1,0
110411,7,1,4,4,1,3,1,0
110412,7,1,4,4,0,3,1,0
110413,6,2,4,4,1,3,1,0
110414,6,1,4,4,0,4,1,0
110415,6,1,4,4,0,4,1,0
110416,7,1,4,4,0,2,0,0
110417,6,1,4,4,1,3,1,0
110418,7,1,4,4,0,4,1,0
110419,6,1,4,4,0,3,1,0
110420,6,1,4,NULL,1,3,1,1
110422,6,2,4,3,0,3,1,0
110423,7,1,4,NULL,0,4,1,1
110424,8,1,5,NULL,0,3,1,1
110425,8,1,5,4,0,4,1,0
110426,8,1,5,4,0,3,1,0
110427,8,1,5,NULL,1,3,1,1
110428,7,1,5,4,1,3,1,0
110429,7,2,5,4,0,3,1,0
110430,7,1,5,4,0,4,1,0
110431,8,1,5,4,0,3,1,0
110432,8,1,5,4,0,3,1,0
110433,8,1,5,4,0,2,0,0
110434,7,2,5,NULL,1,2,0,1
110435,7,1,5,4,1,4,1,0
110437,8,2,5,4,0,4,1,0
110438,7,2,5,4,0,4,1,0
110439,8,1,5,4,0,2,0,0
110440,8,1,5,3,1,2,0,0
110441,8,1,5,NULL,0,4,1,1
110442,7,1,5,2,1,2,0,0
110443,8,1,5,4,0,4,1,0
110444,8,1,5,4,0,4,1,0
110445,7,1,5,3,0,3,1,0
110446,7,1,5,3,1,2,0,0
110447,8,1,5,4,0,4,1,0
110448,8,1,5,3,0,3,1,0
110450,8,2,5,4,0,4,1,0
110451,8,1,5,NULL,0,3,1,1
110452,8,1,5,NULL,0,2,0,1
110454,7,1,5,NULL,0,3,1,1
110455,8,1,5,NULL,0,2,0,1
110456,7,2,5,4,1,3,1,0
110457,8,1,5,4,0,4,1,0
110458,8,1,5,4,0,4,1,0
110459,7,2,5,4,1,2,0,0
110460,7,1,5,4,0,3,1,0
110461,8,1,5,3,0,4,1,0
110462,7,1,5,NULL,0,3,1,1
110464,7,2,5,4,1,3,1,0
110465,7,2,5,4,0,4,1,0
110466,8,1,5,3,0,3,1,0
110467,7,1,5,NULL,0,3,1,1
110468,8,1,5,4,0,4,1,0
110470,7,2,5,NULL,0,4,1,1
110472,8,2,6,NULL,0,3,1,1
110474,8,1,6,3,0,4,1,0
110475,8,2,6,4,0,3,1,0
110476,8,1,6,4,0,3,1,0
110477,9,1,6,4,0,4,1,0
110478,8,2,6,NULL,1,2,0,1
110479,8,2,6,2,0,3,1,0
110480,9,1,6,4,0,4,1,0
110481,8,2,6,4,0,4,1,0
110482,9,2,6,3,1,3,1,0
110483,8,2,6,4,0,3,1,0
110484,8,1,6,4,0,3,1,0
110485,8,1,6,4,0,4,1,0
110487,8,2,6,NULL,1,4,1,1
110488,8,1,6,3,0,2,0,0
110489,8,2,6,3,1,3,1,0
110490,9,2,6,3,0,3,1,0
110491,8,2,6,NULL,0,4,1,1
110492,8,1,6,4,0,4,1,0
110493,9,1,6,NULL,1,3,1,1
110494,9,1,6,NULL,1,3,1,1
110495,8,1,6,4,0,3,1,0
110496,8,2,6,4,0,4,1,0
110497,8,1,6,4,0,3,1,0
110498,9,1,6,NULL,1,3,1,1
110499,8,2,6,NULL,0,3,1,1
110500,9,1,6,NULL,0,3,1,1
110501,8,2,6,4,0,3,1,0
110502,9,1,6,NULL,1,3,1,1
110503,8,1,6,4,1,3,1,0
110504,8,2,6,NULL,0,3,1,1
110505,8,2,6,NULL,1,3,1,1
110506,9,1,6,3,0,4,1,0
110507,8,2,6,NULL,1,2,0,1
110508,9,1,6,4,0,4,1,0
110509,9,2,6,4,0,4,1,0
110510,8,2,6,3,1,3,1,0
110511,9,2,6,4,0,2,0,0
110512,8,1,6,4,0,4,1,0
110513,9,1,6,NULL,1,3,1,1
110514,8,2,6,NULL,0,4,1,1
110515,9,2,6,4,0,4,1,0
110516,8,1,6,4,0,4,1,0
110517,8,2,6,3,1,3,1,0
110518,8,2,6,3,0,3,1,0
110519,9,2,6,4,0,4,1,0
110520,9,2,6,NULL,0,3,1,1
110521,8,1,6,4,0,4,1,0
110522,9,1,6,NULL,0,2,0,1
110523,8,2,6,NULL,0,3,1,1
110525,8,1,6,3,1,3,1,0
110526,9,1,7,4,0,3,1,0
110527,9,2,7,NULL,1,3,1,1
110528,10,2,7,NULL,0,2,0,1
110529,9,2,7,3,0,4,1,0
110530,10,1,7,4,0,2,0,0
110533,9,1,7,4,0,4,1,0
110534,9,1,7,4,0,3,1,0
110535,9,1,7,4,0,4,1,0
110536,9,2,7,NULL,0,4,1,1
110537,9,2,7,4,1,4,1,0
110538,9,2,7,2,0,3,1,0
110540,9,2,7,NULL,0,3,1,1
110541,9,2,7,4,0,3,1,0
110542,9,2,7,NULL,0,4,1,1
110543,10,2,7,4,0,4,1,0
110544,9,2,7,NULL,0,3,1,1
110545,9,2,7,NULL,0,3,1,1
110546,10,1,7,4,0,3,1,0
110547,9,2,7,NULL,0,4,1,1
110548,9,2,7,4,0,4,1,0
110549,9,1,7,4,1,3,1,0
110550,9,1,7,NULL,1,2,0,1
110551,9,2,7,NULL,0,3,1,1
110552,9,2,7,4,1,4,1,0
110553,9,2,7,3,0,3,1,0
110554,10,2,7,4,0,3,1,0
110555,9,1,7,NULL,0,3,1,1
110556,9,2,7,2,0,3,1,0
110557,9,1,7,NULL,1,4,1,1
110558,9,1,7,4,0,3,1,0
110559,10,2,7,NULL,1,4,1,1
110560,10,1,7,4,0,3,1,0
110561,9,1,7,4,1,3,1,0
110562,9,2,7,NULL,1,3,1,1
110563,9,1,7,NULL,1,4,1,1
110564,9,1,7,4,0,2,0,0
110565,9,1,7,4,1,3,1,0
110566,10,1,7,4,0,3,1,0
110567,10,1,7,2,0,2,0,0
110568,9,2,7,4,0,4,1,0
110569,9,2,7,4,0,3,1,0
110570,9,2,7,4,0,4,1,0
110571,9,2,7,3,1,2,0,0
110572,9,1,7,NULL,1,2,0,1
110573,9,1,7,3,0,2,0,0
110574,10,2,7,NULL,1,2,0,1
110575,10,2,7,4,0,4,1,0
110576,10,2,7,4,0,4,1,0
110577,10,2,7,4,0,3,1,0
110578,9,1,7,4,0,4,1,0
110579,9,1,7,NULL,0,4,1,1
110580,4,2,1,3,0,4,1,0
110581,3,1,1,4,1,3,1,0
110583,3,1,1,4,0,3,1,0
110584,3,1,1,3,0,2,0,0
110586,3,1,1,4,0,4,1,0
110587,3,2,1,4,1,4,1,0
110588,3,2,1,3,0,4,1,0
110589,3,1,1,4,0,4,1,0
110590,3,1,1,4,0,2,0,0
110591,3,1,1,4,0,4,1,0
110592,3,1,1,4,0,3,1,0
110593,3,1,1,4,1,3,1,0
110594,3,1,1,4,0,4,1,0
110595,4,1,1,3,0,3,1,0
110596,3,2,1,4,1,3,1,0
110597,4,1,1,4,1,3,1,0
110598,4,1,1,4,0,4,1,0
110599,3,1,1,4,0,3,1,0
110600,3,1,1,4,0,3,1,0
110602,4,2,1,2,1,4,1,0
110603,3,2,1,4,1,3,1,0
110604,4,1,1,4,1,3,1,0
110606,4,1,1,3,1,4,1,0
110607,3,1,1,4,0,4,1,0
110608,4,2,1,4,1,2,0,0
110609,3,2,1,4,0,3,1,0
110610,3,2,1,4,1,3,1,0
110611,4,1,1,4,0,2,0,0
110612,3,1,1,4,1,2,0,0
110613,4,1,1,4,0,3,1,0
110614,3,1,1,4,0,3,1,0
110616,3,2,1,3,0,2,0,0
110617,4,2,1,4,0,3,1,0
110618,5,1,1,3,0,4,1,0
110623,4,1,1,3,1,3,1,0
110624,3,1,1,4,1,4,1,0
110625,3,1,1,NULL,1,2,0,1
110626,3,2,1,4,0,3,1,0
110628,3,1,1,4,1,3,1,0
110629,3,1,1,4,0,3,1,0
110630,3,1,1,4,0,3,1,0
110632,4,2,1,4,0,4,1,0
110635,4,2,1,3,0,2,0,0
110638,3,2,1,4,0,4,1,0
110639,3,1,1,3,1,3,1,0
110640,4,2,2,4,0,3,1,0
110641,4,2,2,4,0,4,1,0
110643,4,2,2,NULL,0,2,0,1
110644,5,1,2,4,0,3,1,0
110645,4,2,2,3,0,4,1,0
110647,4,1,2,4,0,3,1,0
110648,5,2,2,4,0,3,1,0
110649,5,1,2,4,0,4,1,0
110650,4,2,2,4,0,4,1,0
110651,4,2,2,4,0,3,1,0
110652,4,1,2,4,0,4,1,0
110653,4,1,2,4,1,4,1,0
110654,4,1,2,3,0,3,1,0
110655,4,2,2,4,0,4,1,0
110656,5,1,2,4,1,4,1,0
110657,5,2,2,4,0,3,1,0
110658,5,2,2,4,0,3,1,0
110659,4,2,2,4,0,3,1,0
110660,6,1,2,3,0,3,1,0
110662,4,1,2,4,0,4,1,0
110664,4,1,2,4,0,4,1,0
110665,4,1,2,4,0,4,1,0
110666,4,2,2,2,1,4,1,0
110667,5,1,2,4,0,4,1,0
110671,5,1,2,4,0,3,1,0
110673,5,2,2,4,0,4,1,0
110675,4,1,2,4,0,3,1,0
110678,5,1,2,3,0,3,1,0
110679,4,1,2,4,1,3,1,0
110680,4,1,2,4,1,3,1,0
110682,4,2,2,2,0,4,1,0
110684,6,2,3,4,0,4,1,0
110685,6,1,3,4,0,2,0,0
110686,5,2,3,4,0,4,1,0
110687,5,2,3,4,0,3,1,0
110688,5,2,3,4,0,3,1,0
110689,5,1,3,4,0,4,1,0
110690,5,1,3,4,0,4,1,0
110691,5,2,3,3,0,3,1,0
110692,6,2,3,3,0,3,1,0
110693,5,2,3,4,0,2,0,0
110694,5,2,3,4,0,3,1,0
110695,9,2,3,4,1,4,1,0
110696,5,1,3,4,1,3,1,0
110697,6,2,3,4,0,4,1,0
110698,6,2,3,3,1,3,1,0
110699,6,2,3,4,0,4,1,0
110700,5,2,3,4,0,4,1,0
110701,6,2,3,NULL,0,4,1,1
110702,5,1,3,4,0,3,1,0
110703,5,1,3,3,0,3,1,0
110704,5,2,3,3,1,4,1,0
110705,5,2,3,4,0,3,1,0
110706,7,2,3,4,0,4,1,0
110707,4,1,3,3,0,3,1,0
110708,6,1,3,4,0,3,1,0
110709,6,2,3,4,1,3,1,0
110710,7,2,3,4,1,4,1,0
110711,5,2,3,2,1,3,1,0
110712,5,1,3,3,0,3,1,0
110713,5,2,3,4,0,4,1,0
110717,6,2,3,4,0,4,1,0
110718,6,1,3,4,0,3,1,0
110719,5,2,3,4,0,2,0,0
110720,6,2,3,1,1,2,0,0
110721,5,2,3,4,0,2,0,0
110722,6,2,3,4,0,3,1,0
110723,5,1,3,4,0,3,1,0
110724,6,1,4,4,0,4,1,0
110725,7,1,4,3,0,2,0,0
110726,6,2,4,3,0,3,1,0
110727,8,2,4,3,1,3,1,0
110728,7,1,4,4,0,2,0,0
110729,7,2,4,3,0,4,1,0
110730,6,2,4,4,1,4,1,0
110731,7,2,4,2,1,3,1,0
110732,7,1,4,4,0,3,1,0
110733,6,2,4,3,1,1,0,0
110734,6,1,4,4,1,3,1,0
110735,7,2,4,4,0,4,1,0
110736,7,2,4,1,0,3,1,0
110737,6,2,4,2,0,2,0,0
110738,6,1,4,4,1,1,0,0
110739,6,2,4,NULL,1,3,1,1
110740,7,2,5,3,1,3,1,0
110741,8,1,5,4,0,3,1,0
110743,8,2,5,4,1,4,1,0
110744,7,2,5,3,0,2,0,0
110745,8,1,5,4,0,4,1,0
110748,8,2,5,4,0,4,1,0
110749,7,1,5,3,0,4,1,0
110750,8,2,5,3,0,3,1,0
110751,8,2,5,3,0,4,1,0
110752,7,1,5,4,0,4,1,0
110753,9,2,6,4,0,2,0,0
110754,7,1,5,NULL,0,3,1,1
110755,8,2,5,4,0,3,1,0
110758,9,2,6,4,0,2,0,0
110760,8,1,6,NULL,0,3,1,1
110761,9,1,6,4,1,1,0,0
110762,9,2,7,NULL,1,4,1,1
110763,4,2,2,4,0,4,1,0
110764,5,2,2,NULL,0,4,1,1
110765,4,2,2,3,0,4,1,0
110766,4,2,2,4,1,4,1,0
110767,4,2,2,3,0,3,1,0
110768,5,1,2,4,0,4,1,0
110769,5,2,2,3,0,3,1,0
110770,4,1,2,4,0,4,1,0
110771,4,2,2,4,1,3,1,0
110772,4,1,2,4,0,4,1,0
110773,4,1,2,4,0,4,1,0
110774,5,1,2,4,0,4,1,0
110775,4,1,2,3,0,3,1,0
110776,4,2,2,3,1,3,1,0
110777,5,2,2,4,0,3,1,0
110778,5,1,2,4,0,4,1,0
110779,5,1,2,4,0,3,1,0
110780,5,1,2,4,0,3,1,0
110781,4,1,2,4,0,4,1,0
110782,4,2,2,3,0,3,1,0
110783,4,1,1,3,0,4,1,0
110784,4,2,1,4,0,3,1,0
110785,4,1,1,4,0,4,1,0
110786,4,1,1,4,0,3,1,0
110787,3,2,1,4,0,4,1,0
110788,4,1,1,3,0,4,1,0
110789,3,2,1,4,0,3,1,0
110790,4,2,1,4,1,3,1,0
110791,3,1,1,4,0,3,1,0
110792,3,2,1,4,0,3,1,0
110793,3,2,1,4,0,4,1,0
110794,4,1,1,4,0,3,1,0
110795,4,2,1,4,0,4,1,0
110796,4,2,1,3,0,3,1,0
110797,3,2,1,4,0,4,1,0
110798,3,2,1,4,1,2,0,0
110799,4,1,1,4,0,3,1,0
110800,4,1,1,4,0,3,1,0
110801,4,1,1,4,0,3,1,0
110802,4,2,1,4,0,4,1,0
110803,4,2,1,2,0,4,1,0
110804,4,2,1,3,0,3,1,0
110805,5,1,1,4,0,1,0,0
110806,6,1,3,4,0,3,1,0
110807,6,2,3,4,0,4,1,0
110808,6,1,3,NULL,1,1,0,1
110809,5,2,3,2,0,2,0,0
110810,6,2,3,4,0,2,0,0
110812,6,1,3,4,0,2,0,0
110813,6,2,3,4,0,4,1,0
110814,5,1,3,4,1,4,1,0
110815,6,2,3,3,0,3,1,0
110817,5,2,3,4,0,3,1,0
110819,6,1,3,4,0,3,1,0
110822,6,1,3,4,0,3,1,0
110823,5,1,3,3,0,2,0,0
110824,6,1,3,4,0,4,1,0
110825,5,1,3,4,0,4,1,0
110827,5,1,3,4,0,4,1,0
110828,6,1,3,4,0,4,1,0
110829,6,1,3,4,0,3,1,0
110830,6,2,4,3,0,3,1,0
110831,7,2,4,3,1,4,1,0
110832,6,2,4,3,0,4,1,0
110833,6,1,4,3,0,3,1,0
110834,6,2,4,4,0,3,1,0
110835,6,2,4,4,1,3,1,0
110836,7,2,4,3,1,3,1,0
110837,7,2,4,4,0,4,1,0
110838,6,1,4,3,0,1,0,0
110839,7,2,4,4,0,3,1,0
110840,7,2,4,2,0,3,1,0
110841,6,2,4,4,1,2,0,0
110842,6,2,4,3,1,3,1,0
110843,6,2,4,4,0,4,1,0
110844,6,1,4,2,1,2,0,0
110845,6,1,4,4,1,4,1,0
110846,7,1,4,4,0,4,1,0
110848,6,2,4,NULL,1,4,1,1
110849,7,1,4,3,0,3,1,0
110850,6,2,4,4,0,3,1,0
110852,8,1,5,4,0,4,1,0
110853,8,1,5,3,0,1,0,0
110854,9,1,5,4,0,3,1,0
110855,7,2,5,4,0,3,1,0
110856,7,2,5,4,0,3,1,0
110857,7,2,5,3,0,4,1,0
110858,8,1,5,NULL,0,3,1,0
110859,7,2,5,4,0,4,1,0
110860,7,1,5,3,0,4,1,0
110861,8,2,5,NULL,1,2,0,1
110862,7,2,5,4,0,3,1,0
110863,7,2,5,3,0,2,0,0
110864,8,2,5,4,0,4,1,0
110865,7,1,5,4,0,3,1,0
110866,7,1,5,4,0,3,1,0
110867,8,2,5,4,0,4,1,0
110868,8,1,5,3,0,3,1,0
110869,7,2,5,2,1,3,1,0
110871,7,2,4,3,1,4,1,0
110872,8,1,5,4,0,3,1,0
110873,7,2,5,4,0,4,1,0
110875,8,2,6,NULL,0,3,1,0
110876,8,2,6,4,1,4,1,0
110877,10,1,6,NULL,0,3,1,1
110878,8,2,6,4,0,4,1,0
110879,8,2,6,3,1,3,1,0
110880,8,1,6,2,0,3,1,0
110881,8,2,6,4,0,3,1,0
110882,9,1,6,4,1,3,1,0
110883,8,2,6,4,1,4,1,0
110884,8,2,6,4,0,4,1,0
110885,9,1,6,4,1,4,1,0
110886,9,2,6,NULL,0,4,1,1
110887,8,1,6,3,1,1,0,0
110888,9,2,6,NULL,1,3,1,1
110890,8,2,6,4,1,1,0,0
110891,8,1,6,2,1,1,0,0
110892,10,1,7,NULL,1,3,1,1
110893,9,1,6,NULL,0,3,1,1
110894,9,2,6,3,0,4,1,0
110895,9,2,6,NULL,1,3,1,1
110897,8,2,6,NULL,1,3,1,1
110898,9,1,6,4,1,3,1,0
110899,8,1,6,NULL,0,2,0,1
110901,9,2,7,4,0,3,1,0
110902,10,1,7,4,0,3,1,0
110903,9,2,7,3,0,3,1,0
110904,10,2,7,4,0,3,1,0
110905,9,2,7,4,0,4,1,0
110906,10,1,7,3,0,3,1,0
110907,10,2,7,4,0,2,0,0
110908,9,2,7,NULL,0,4,1,1
110909,10,1,7,NULL,1,4,1,1
110910,9,1,7,NULL,1,3,1,1
110912,10,1,7,NULL,0,3,1,1
110913,9,2,7,NULL,0,3,1,1
110914,10,2,7,NULL,0,3,1,1
110915,9,2,7,NULL,0,2,0,1
110916,10,2,7,4,0,4,1,0
110918,9,1,7,NULL,0,2,0,1
110919,10,2,7,NULL,1,1,0,1
110921,10,1,7,3,0,4,1,0
110922,9,2,7,3,0,3,1,0
110923,9,2,7,4,0,4,1,0
110924,9,1,7,4,0,4,1,0
110925,7,1,4,3,0,3,1,0
110926,7,1,4,3,0,3,1,0
110927,7,1,4,4,0,3,1,0
110928,7,1,4,3,0,4,1,0
110930,7,1,4,4,0,4,1,0
110933,7,2,4,3,0,3,1,0
110934,7,2,4,3,1,4,1,0
110935,8,1,4,3,1,2,0,0
110936,7,2,4,3,0,4,1,0
110937,7,1,4,NULL,1,3,1,1
110938,7,2,4,4,0,4,1,0
110939,7,1,4,4,0,3,1,0
110940,7,2,4,4,0,4,1,0
110941,6,1,4,4,0,4,1,0
110942,6,2,4,4,0,4,1,0
110943,7,1,4,4,1,2,0,0
110944,7,1,4,4,0,4,1,0
110945,7,1,4,3,0,3,1,0
110946,7,1,4,NULL,0,3,1,1
110947,7,2,4,4,0,4,1,0
110949,6,2,4,4,0,4,1,0
110950,7,2,4,4,1,3,1,0
110951,7,2,4,4,1,3,1,0
110952,6,1,4,4,0,3,1,0
110953,7,1,4,3,1,3,1,0
110954,7,2,4,4,0,3,1,0
110956,7,1,4,4,0,4,1,0
110957,7,1,4,4,0,4,1,0
110958,7,2,4,4,0,4,1,0
110960,6,1,3,4,0,4,1,0
110961,6,1,3,3,1,3,1,0
110962,6,2,3,4,0,4,1,0
110964,6,2,3,3,1,3,1,0
110965,5,2,3,3,0,3,1,0
110968,5,2,3,3,0,4,1,0
110969,7,2,3,3,0,3,1,0
110970,6,1,3,3,0,2,0,0
110972,5,1,3,4,1,4,1,0
110973,6,2,3,4,0,4,1,0
110974,6,2,3,4,0,4,1,0
110975,5,2,3,4,0,4,1,0
110976,6,1,3,4,0,4,1,0
110977,6,1,3,4,0,4,1,0
110978,6,1,3,4,0,4,1,0
110979,6,2,3,4,0,4,1,0
110980,5,1,3,3,0,2,0,0
110981,6,2,3,4,0,4,1,0
110982,6,2,3,4,1,4,1,0
110983,5,1,3,3,0,2,0,0
110984,5,2,3,4,0,4,1,0
110985,6,1,3,4,0,3,1,0
110987,6,2,3,4,0,4,1,0
110989,4,1,1,4,0,3,1,0
110990,4,1,1,NULL,0,2,0,1
110991,3,1,1,4,1,4,1,0
110992,4,1,1,4,1,4,1,0
110993,4,2,1,4,0,4,1,0
110994,3,2,1,4,1,4,1,0
110995,4,2,1,3,0,2,0,0
110996,4,2,1,4,0,3,1,0
110997,4,1,1,4,1,4,1,0
110998,4,2,1,4,0,2,0,0
110999,4,1,1,4,1,4,1,0
111000,4,2,1,4,1,4,1,0
111001,4,2,1,4,0,4,1,0
111002,4,1,1,4,1,4,1,0
111003,3,2,1,4,0,3,1,0
111005,4,1,1,4,1,3,1,0
111006,3,1,1,4,1,2,0,0
111007,4,2,1,2,0,3,1,0
111008,3,1,1,4,0,4,1,0
111010,3,1,1,4,0,4,1,0
111011,4,2,1,4,0,3,1,0
111012,5,2,1,4,0,3,1,0
111013,4,2,1,4,1,3,1,0
111015,3,1,1,3,0,3,1,0
111016,3,2,1,3,1,3,1,0
111017,4,1,1,NULL,1,2,0,1
111019,4,1,1,4,0,4,1,0
111020,6,2,4,4,1,3,1,0
111021,6,2,4,3,0,2,0,0
111022,6,1,4,4,0,4,1,0
111023,6,2,4,4,1,2,0,0
111024,6,2,4,4,1,2,0,0
111025,6,1,4,4,0,4,1,0
111026,6,1,4,4,1,4,1,0
111027,6,2,4,4,1,4,1,0
111028,6,1,4,4,1,3,1,0
111029,6,1,4,4,0,2,0,0
111030,6,1,4,4,1,2,0,0
111031,6,1,4,4,1,4,1,0
111032,7,2,4,3,1,2,0,0
111033,6,1,4,4,1,3,1,0
111034,7,1,4,4,0,2,0,0
111035,7,2,4,4,0,4,1,0
111036,6,2,4,NULL,1,3,1,1
111037,8,2,5,3,1,3,1,0
111038,8,2,5,NULL,1,4,1,1
111039,8,2,5,3,0,3,1,0
111040,8,2,5,NULL,0,3,1,1
111041,8,2,5,4,0,4,1,0
111042,7,2,5,4,0,4,1,0
111043,8,1,5,4,0,3,1,0
111044,6,2,4,3,0,3,1,0
111045,7,2,4,4,1,4,1,0
111046,7,2,4,4,1,3,1,0
111047,6,1,4,4,0,3,1,0
111048,6,2,4,NULL,1,2,0,1
111049,7,1,4,3,1,2,0,0
111050,7,1,4,NULL,0,2,0,1
111052,7,2,5,2,1,4,1,0
111053,7,2,5,NULL,0,3,1,1
111054,8,1,5,4,0,3,1,0
111055,7,1,5,3,1,2,0,0
111056,7,2,5,NULL,0,3,1,1
111058,7,2,5,4,0,2,0,0
111059,7,2,5,3,0,3,1,0
111060,7,1,5,NULL,1,2,0,1
111061,7,1,5,3,1,4,1,0
111062,7,2,5,3,1,2,0,0
111063,7,2,5,4,1,4,1,0
111064,9,1,6,4,0,4,1,0
111065,9,2,5,2,0,4,1,0
111067,8,2,5,4,1,3,1,0
111069,8,2,5,3,0,4,1,0
111070,3,1,4,3,0,3,1,0
111071,8,2,7,NULL,1,3,1,1
111072,8,2,5,NULL,0,3,1,1
111073,7,2,4,NULL,1,4,1,1
111074,6,1,4,4,0,4,1,0
111075,7,2,4,4,0,4,1,0
111076,7,1,4,4,1,2,0,0
111077,7,1,4,4,0,3,1,0
111078,7,2,4,2,0,4,1,0
111079,6,1,4,4,0,4,1,0
111080,9,2,7,4,0,4,1,0
111082,6,2,4,NULL,1,4,1,1
111083,7,1,4,4,0,3,1,0
111084,7,1,4,NULL,0,3,1,1
111085,6,2,4,3,0,3,1,0
111086,6,1,4,4,0,3,1,0
111087,7,2,4,4,0,4,1,0
111088,7,2,4,2,0,3,1,0
111089,6,1,4,NULL,1,1,0,1
111091,6,1,4,NULL,1,3,1,1
111093,6,2,4,4,0,4,1,0
111094,6,2,4,4,0,4,1,0
111095,7,2,4,3,0,4,1,0
111097,6,2,4,4,0,4,1,0
111098,7,1,4,4,1,4,1,0
111099,6,2,4,NULL,1,3,1,1
111102,7,1,5,4,0,4,1,0
111103,7,1,5,4,0,4,1,0
111104,7,2,5,NULL,0,3,1,1
111107,7,2,5,4,1,4,1,0
111108,8,2,5,3,0,2,0,0
111111,7,1,5,4,0,2,0,0
111114,7,1,5,NULL,0,2,0,1
111115,8,1,5,3,1,2,0,0
111116,7,1,5,3,1,4,1,0
111117,7,1,5,4,0,4,1,0
111118,8,2,5,4,0,3,1,0
111119,7,1,5,NULL,1,2,0,1
111120,8,2,5,4,0,4,1,0
111121,8,1,5,3,0,3,1,0
111122,7,2,5,4,1,2,0,0
111123,8,1,5,4,0,1,0,0
111124,8,2,5,4,0,4,1,0
111125,9,2,6,NULL,1,2,0,1
111126,9,1,5,4,0,4,1,0
111127,8,2,5,4,0,2,0,0
111130,8,1,5,3,0,2,0,0
111131,10,2,6,3,1,4,1,0
111132,8,2,6,4,0,3,1,0
111133,8,1,6,4,0,3,1,0
111134,8,1,6,4,1,4,1,0
111135,8,1,6,3,0,3,1,0
111136,9,1,6,3,0,2,0,0
111137,10,1,7,4,0,4,1,0
111138,8,1,6,NULL,1,2,0,1
111139,8,2,6,4,1,3,1,0
111141,9,2,6,4,0,4,1,0
111142,9,2,6,4,0,3,1,0
111143,10,2,7,4,1,4,1,0
111144,9,2,7,4,1,2,0,0
111146,8,1,6,3,1,1,0,0
111147,9,1,6,4,0,4,1,0
111151,9,1,6,4,0,4,1,0
111152,10,1,7,4,0,3,1,0
111153,10,1,7,4,0,4,1,0
111154,9,2,7,4,1,4,1,0
111155,7,1,5,4,0,2,0,0
111156,10,1,7,4,1,4,1,0
111159,10,2,7,4,1,4,1,0
111160,9,1,7,4,0,3,1,0
111161,9,1,7,4,0,1,0,0
111164,9,1,7,4,0,3,1,0
111165,9,2,7,NULL,0,3,1,1
111166,9,1,7,4,1,4,1,0
111167,10,2,7,4,1,4,1,0
111169,10,1,7,4,0,4,1,0
111170,10,2,7,3,0,3,1,0
111171,10,1,7,4,0,4,1,0
111172,9,1,7,4,0,1,0,0
111173,11,2,7,4,1,4,1,0
111174,9,2,7,NULL,1,2,0,1
111175,10,2,7,3,0,4,1,0
111176,9,1,7,4,0,3,1,0
111177,9,2,7,2,1,3,1,0
111178,9,2,7,4,0,3,1,0
111179,10,1,7,4,0,2,0,0
111180,9,1,7,4,1,3,1,0
111181,10,1,7,4,0,3,1,0
111184,7,2,4,2,0,4,1,0
111185,7,2,4,4,0,4,1,0
111186,6,1,4,4,0,4,1,0
111187,6,2,4,4,0,4,1,0
111188,7,2,4,3,0,3,1,0
111189,7,1,4,4,0,3,1,0
111190,7,1,4,4,0,3,1,0
111191,6,2,4,3,1,2,0,0
111192,7,2,4,4,1,4,1,0
111193,6,1,4,4,0,3,1,0
111194,7,1,4,4,0,4,1,0
111195,7,2,4,NULL,1,3,1,1
111196,6,2,4,4,0,4,1,0
111197,6,2,4,3,0,3,1,0
111198,6,1,4,4,0,4,1,0
111199,6,1,4,4,0,4,1,0
111200,7,1,4,4,0,4,1,0
111201,8,2,5,4,0,3,1,0
111203,8,1,6,4,0,2,0,0
111204,8,1,5,4,1,4,1,0
111205,8,1,5,4,0,3,1,0
111206,1,2,6,4,1,4,1,0
111207,7,1,5,4,1,1,0,0
111208,7,2,5,4,0,3,1,0
111209,8,2,5,3,0,3,1,0
111210,8,2,6,3,0,2,0,0
111211,7,2,5,3,0,4,1,0
111212,7,2,5,4,0,4,1,0
111215,9,2,6,4,1,3,1,0
111217,9,1,6,4,0,1,0,0
111218,9,2,6,NULL,0,3,1,1
111219,9,2,6,4,0,3,1,0
111220,9,2,6,4,0,4,1,0
111222,9,1,6,4,0,4,1,0
111223,9,2,6,3,0,3,1,0
111224,8,2,6,2,0,3,1,0
111225,8,2,6,NULL,0,3,1,1
111226,9,1,6,4,0,4,1,0
111227,9,2,6,4,0,3,1,0
111228,8,2,6,NULL,1,4,1,1
111229,8,1,6,3,0,2,0,0
111230,9,1,6,3,0,3,1,0
111232,9,1,7,NULL,0,3,1,1
111233,10,1,7,4,0,3,1,0
111235,10,2,7,4,0,4,1,0
111236,10,2,7,NULL,0,3,1,1
111237,9,1,7,NULL,0,3,1,1
111238,9,2,7,4,1,4,1,0
111239,10,2,7,4,0,1,0,0
111241,10,1,7,4,1,2,0,0
111243,9,1,7,4,0,4,1,0
111244,9,1,7,4,1,3,1,0
111245,10,1,7,4,0,4,1,0
111247,10,1,7,NULL,1,3,1,1
111248,10,1,7,4,0,1,0,0
111250,6,1,4,4,0,4,1,0
111251,8,1,4,3,0,3,1,0
111252,7,1,4,4,0,4,1,0
111253,8,1,4,4,0,4,1,0
111254,7,1,4,4,0,3,1,0
111255,8,1,4,3,0,4,1,0
111256,7,1,4,4,0,4,1,0
111257,7,1,4,3,1,4,1,0
111259,7,1,4,3,1,2,0,0
111260,8,1,4,4,0,3,1,0
111261,7,1,4,3,0,3,1,0
111262,8,1,5,4,0,4,1,0
111263,9,1,5,NULL,1,4,1,1
111264,8,1,5,4,0,2,0,0
111265,8,1,5,4,0,4,1,0
111266,8,1,5,3,0,3,1,0
111267,8,1,5,NULL,0,2,0,1
111268,8,1,5,NULL,0,4,1,1
111269,8,1,5,4,0,4,1,0
111270,8,1,5,3,0,4,1,0
111271,8,1,5,4,0,3,1,0
111272,8,1,5,NULL,0,2,0,1
111273,9,1,6,3,0,3,1,0
111274,9,1,6,NULL,1,4,1,1
111275,10,1,6,4,0,3,1,0
111276,9,1,6,4,0,4,1,0
111277,10,1,6,3,0,3,1,0
111278,9,1,6,3,0,2,0,0
111279,9,1,6,3,0,3,1,0
111282,10,1,6,NULL,0,2,0,1
111283,10,1,6,4,0,2,0,0
111284,10,1,6,4,0,3,1,0
111285,9,1,6,NULL,0,2,0,1
111286,8,1,4,4,0,2,0,0
111287,6,1,4,4,0,4,1,0
111288,8,1,4,NULL,0,4,1,1
111289,7,1,4,4,0,4,1,0
111291,8,1,4,NULL,1,3,1,1
111294,7,1,4,3,0,2,0,0
111296,8,1,4,NULL,0,4,1,1
111297,8,1,4,4,0,4,1,0
111298,6,1,4,4,0,3,1,0
111299,8,1,4,3,1,3,1,0
111300,9,1,5,3,1,3,1,0
111301,8,1,5,NULL,0,2,0,1
111302,8,1,5,NULL,1,2,0,1
111303,8,1,5,4,0,3,1,0
111304,9,1,5,4,0,3,1,0
111305,8,1,5,4,0,3,1,0
111306,8,1,5,NULL,1,3,1,1
111307,8,1,5,4,0,3,1,0
111308,8,1,5,NULL,0,3,1,1
111309,8,1,5,4,0,4,1,0
111310,8,1,5,4,0,4,1,0
111311,9,1,6,NULL,0,4,1,1
111312,10,1,6,NULL,0,3,1,1
111313,9,1,6,4,0,3,1,0
111314,9,1,6,NULL,0,3,1,1
111315,9,1,6,3,0,3,1,0
111316,9,1,6,NULL,0,3,1,1
111317,9,1,6,3,0,2,0,0
111318,9,1,6,4,0,3,1,0
111319,9,1,6,3,0,3,1,0
111320,9,1,6,3,0,4,1,0
111321,10,1,6,NULL,0,2,0,1
111322,9,1,6,4,0,2,0,0
111325,4,2,1,3,1,3,1,0
111329,4,1,1,4,1,3,1,0
111330,3,1,1,4,1,2,0,0
111331,4,2,1,4,1,3,1,0
111332,4,1,1,4,0,4,1,0
111333,4,2,1,4,0,4,1,0
111334,4,2,1,3,1,4,1,0
111335,3,2,1,4,1,4,1,0
111336,4,2,1,NULL,1,2,0,1
111337,4,2,1,4,0,4,1,0
111338,4,2,1,4,1,3,1,0
111339,3,1,1,NULL,1,3,1,1
111342,4,2,2,4,0,3,1,0
111343,5,1,2,3,1,3,1,0
111344,4,2,2,4,0,4,1,0
111345,5,2,2,NULL,1,3,1,1
111347,5,2,2,3,1,3,1,0
111348,5,2,2,NULL,1,4,1,1
111349,5,1,2,3,0,3,1,0
111350,5,2,2,NULL,1,3,1,1
111351,5,2,2,3,1,2,0,0
111352,6,1,3,4,0,4,1,0
111354,6,2,3,NULL,1,2,0,1
111358,5,1,3,3,1,3,1,0
111360,5,2,3,NULL,1,2,0,1
111364,5,1,3,4,0,4,1,0
111365,7,1,3,NULL,1,3,1,1
111366,8,1,6,1,1,2,0,0
111367,10,1,6,4,0,4,1,0
111368,10,1,6,4,0,4,1,0
111369,9,2,6,4,1,3,1,0
111370,9,1,6,4,1,3,1,0
111371,9,1,6,NULL,1,1,0,1
111373,9,2,6,4,1,2,0,0
111374,9,1,6,4,0,3,1,0
111375,8,1,6,NULL,0,1,0,1
111378,9,1,6,NULL,1,4,1,1
111379,9,1,6,3,1,3,1,0
111381,8,1,6,NULL,0,2,0,1
111382,10,1,6,3,1,4,1,0
111383,8,1,6,4,0,3,1,0
111384,9,2,6,4,1,4,1,0
111385,9,2,6,NULL,1,2,0,1
111387,8,1,6,3,0,3,1,0
111388,9,1,6,NULL,0,3,1,1
111389,9,1,6,NULL,0,2,0,1
111390,10,1,6,NULL,0,4,1,1
111391,1,1,6,1,0,1,0,0
111392,9,1,6,NULL,1,3,1,1
111393,8,2,6,4,0,4,1,0
111394,10,1,7,4,0,4,1,0
111395,9,2,6,NULL,1,4,1,1
111396,10,1,7,NULL,0,2,0,1
111397,10,2,7,NULL,1,4,1,1
111398,9,1,7,NULL,0,4,1,1
111399,10,1,7,4,0,4,1,0
111400,10,2,7,4,1,3,1,0
111401,10,1,7,NULL,0,2,0,1
111402,9,1,7,3,0,3,1,0
111403,9,2,7,4,0,3,1,0
111404,9,1,7,4,0,3,1,0
111405,10,1,7,4,1,4,1,0
111406,10,2,7,NULL,0,1,0,1
111407,9,1,7,NULL,1,3,1,1
111408,10,1,7,3,0,3,1,0
111409,9,2,7,NULL,0,4,1,1
111410,10,1,7,4,0,1,0,0
111411,10,2,7,NULL,1,3,1,1
111412,10,1,7,3,0,2,0,0
111413,10,1,7,4,0,4,1,0
111414,9,1,7,4,0,3,1,0
111415,9,1,7,NULL,0,4,1,1
111417,9,1,7,4,0,3,1,0
111418,10,2,7,4,1,1,0,0
111419,10,2,7,NULL,1,3,1,1
111420,10,1,7,4,0,3,1,0
111421,10,2,7,NULL,0,4,1,1
111422,9,2,7,NULL,0,4,1,1
111423,9,2,7,NULL,0,3,1,1
111424,9,2,7,4,1,4,1,0
111425,10,2,7,4,0,4,1,0
111426,10,1,7,NULL,1,4,1,1
111427,10,1,7,4,1,4,1,0
111428,9,2,7,4,0,4,1,0
111431,4,1,1,NULL,1,4,1,1
111432,3,2,1,4,0,4,1,0
111433,3,2,1,NULL,1,1,0,1
111434,4,2,1,4,0,3,1,0
111436,4,1,1,4,1,4,1,0
111437,3,2,1,4,0,4,1,0
111438,3,1,1,4,1,4,1,0
111439,4,1,1,4,0,4,1,0
111440,4,1,1,4,0,2,0,0
111441,4,2,1,4,0,3,1,0
111442,4,1,1,4,0,4,1,0
111443,4,1,1,4,1,4,1,0
111444,5,1,2,NULL,0,1,0,1
111445,5,1,2,4,0,4,1,0
111446,5,2,2,3,0,4,1,0
111449,4,1,2,NULL,1,3,1,1
111450,4,1,2,4,0,4,1,0
111452,5,1,2,4,1,4,1,0
111454,5,1,2,2,1,2,0,0
111455,4,1,2,NULL,1,4,1,1
111457,4,2,2,4,0,3,1,0
111458,6,2,3,3,1,3,1,0
111459,5,2,3,3,0,3,1,0
111460,6,2,3,3,1,2,0,0
111461,6,1,3,4,0,2,0,0
111463,6,2,3,4,0,4,1,0
111466,6,1,3,3,1,2,0,0
111467,5,2,3,4,0,4,1,0
111468,6,2,3,1,1,3,1,0
111469,6,1,3,3,0,4,1,0
111470,8,2,5,3,0,3,1,0
111471,6,1,4,4,1,3,1,0
111473,6,1,4,NULL,0,1,0,1
111474,7,2,4,3,0,3,1,0
111475,6,1,4,4,1,2,0,0
111476,8,1,4,NULL,1,4,1,1
111477,7,1,4,3,1,3,1,0
111478,7,2,5,4,1,2,0,0
111479,8,1,5,4,0,2,0,0
111480,8,1,5,4,0,3,1,0
111481,9,1,5,4,1,3,1,0
111482,8,1,5,4,1,3,1,0
111483,1,2,7,NULL,1,1,0,1
111484,9,2,6,3,1,3,1,0
111485,9,2,6,3,0,3,1,0
111486,9,2,6,4,0,3,1,0
111487,8,2,5,3,1,4,1,0
111488,1,2,7,4,0,4,1,0
111489,9,2,6,4,0,3,1,0
111490,8,1,5,4,0,4,1,0
111491,9,1,6,NULL,1,3,1,1
111492,10,1,6,4,0,4,1,0
111493,9,2,6,NULL,0,3,1,1
111494,10,2,7,3,0,4,1,0
111495,9,2,6,NULL,0,4,1,1
111497,8,1,5,4,0,3,1,0
111499,9,1,6,NULL,0,3,1,1
111500,8,2,6,4,0,4,1,0
111501,9,1,7,NULL,0,4,1,1
111502,9,2,7,4,1,4,1,0
111504,8,2,5,4,0,3,1,0
111505,9,2,6,4,0,3,1,0
111506,8,1,6,3,0,4,1,0
111507,9,2,6,NULL,0,4,1,1
111508,7,2,5,3,0,4,1,0
111509,9,1,6,4,0,4,1,0
111512,5,1,2,3,0,4,1,0
111513,5,1,2,3,0,2,0,0
111516,5,1,2,2,0,3,1,0
111517,5,1,2,4,0,4,1,0
111518,5,2,2,4,0,3,1,0
111522,4,1,2,4,1,2,0,0
111526,4,1,2,4,1,3,1,0
111528,4,2,2,NULL,0,4,1,1
111530,4,2,2,4,0,4,1,0
111531,5,1,2,4,1,4,1,0
111532,5,1,2,NULL,1,3,1,1
111533,4,1,2,4,0,2,0,0
111534,4,2,2,4,0,3,1,0
111536,5,2,2,4,0,1,0,0
111537,5,1,2,3,1,2,0,0
111538,4,1,2,4,0,4,1,0
111539,5,1,2,4,1,2,0,0
111542,5,1,2,4,0,2,0,0
111543,4,2,2,2,0,3,1,0
111544,5,2,2,4,0,4,1,0
111546,5,2,2,3,1,3,1,0
111547,5,1,2,4,1,4,1,0
111549,4,1,2,NULL,0,3,1,1
111551,5,1,2,4,0,3,1,0
111552,3,1,2,4,0,4,1,0
111553,6,2,3,4,1,3,1,0
111556,6,2,3,4,0,4,1,0
111557,6,1,3,4,0,3,1,0
111562,6,2,3,3,0,4,1,0
111563,6,2,3,3,1,3,1,0
111569,5,1,3,3,0,3,1,0
111570,6,1,3,4,0,3,1,0
111575,6,1,3,4,0,4,1,0
111576,5,1,3,4,0,3,1,0
111581,6,2,3,NULL,1,3,1,1
111582,5,2,2,4,1,3,1,0
111583,4,2,2,4,0,4,1,0
111585,5,2,2,4,0,4,1,0
111587,6,2,3,NULL,1,3,1,1
111588,5,1,2,4,0,3,1,0
111589,5,1,2,3,0,3,1,0
111590,5,2,2,3,1,3,1,0
111591,4,2,2,4,0,4,1,0
111592,5,1,3,4,0,2,0,0
111593,6,2,3,4,1,3,1,0
111594,6,2,3,4,0,3,1,0
111596,6,2,3,4,1,3,1,0
111597,5,1,3,4,0,3,1,0
111598,5,2,3,4,0,3,1,0
111599,6,1,3,3,0,2,0,0
111600,5,2,3,4,0,3,1,0
111601,5,1,3,4,0,4,1,0
111602,5,2,3,NULL,1,3,1,1
111603,6,1,3,4,0,4,1,0
111604,5,2,3,4,0,4,1,0
111605,6,1,3,NULL,1,4,1,1
111606,6,2,3,4,0,4,1,0
111607,5,2,3,4,0,4,1,0
111608,5,1,3,NULL,0,2,0,1
111609,6,1,3,4,1,4,1,0
111610,5,1,3,4,0,3,1,0
111611,7,2,4,4,0,4,1,0
111612,6,1,4,3,0,3,1,0
111613,7,2,4,3,1,2,0,0
111614,7,2,4,3,0,3,1,0
111615,7,1,4,4,0,4,1,0
111617,7,1,4,3,0,2,0,0
111618,7,2,4,4,1,4,1,0
111619,7,1,4,4,0,4,1,0
111620,7,1,4,3,0,3,1,0
111621,7,2,4,4,0,1,0,0
111622,8,1,4,NULL,0,2,0,1
111623,7,1,4,3,1,4,1,0
111624,6,1,4,4,0,3,1,0
111625,7,2,4,2,0,3,1,0
111626,6,2,4,2,0,4,1,0
111627,7,1,4,4,1,4,1,0
111628,8,2,4,NULL,0,3,1,1
111629,7,2,4,NULL,1,2,0,1
111631,7,2,4,NULL,1,2,0,1
111632,7,1,4,4,0,3,1,0
111633,7,1,4,4,1,3,1,0
111634,7,2,4,4,1,3,1,0
111635,6,1,4,4,0,4,1,0
111636,7,2,4,4,0,3,1,0
111637,6,1,4,4,0,4,1,0
111638,6,2,4,3,0,4,1,0
111639,7,2,4,4,1,3,1,0
111643,7,1,4,4,1,2,0,0
111644,6,2,4,NULL,1,3,1,1
111646,7,1,4,4,0,2,0,0
111647,6,2,4,4,0,2,0,0
111649,7,2,4,3,0,4,1,0
111650,6,2,4,4,0,3,1,0
111651,6,2,4,4,1,4,1,0
111652,7,2,4,4,0,4,1,0
111653,7,1,4,4,0,3,1,0
111654,6,1,4,3,0,4,1,0
111655,7,2,4,4,1,3,1,0
111658,7,1,4,3,0,3,1,0
111659,7,1,4,NULL,1,3,1,1
111660,7,2,4,3,0,3,1,0
111662,7,1,4,4,0,4,1,0
111663,7,1,4,4,1,4,1,0
111664,7,1,5,NULL,0,2,0,1
111665,8,1,5,4,0,4,1,0
111666,8,2,5,NULL,0,3,1,1
111667,7,1,5,4,1,3,1,0
111668,8,1,5,4,0,3,1,0
111669,8,1,5,3,1,4,1,0
111670,4,1,3,NULL,1,1,0,1
111671,8,1,5,4,0,4,1,0
111672,7,1,5,4,1,4,1,0
111673,7,2,5,4,0,3,1,0
111674,7,1,5,4,0,4,1,0
111675,8,1,5,4,0,2,0,0
111677,8,2,5,1,0,2,0,0
111678,8,1,5,NULL,1,3,1,1
111679,8,1,5,2,0,4,1,0
111680,7,1,5,4,0,3,1,0
111681,9,1,6,3,0,2,0,0
111683,8,1,6,4,0,4,1,0
111684,7,2,5,4,1,3,1,0
111685,8,2,5,4,0,3,1,0
111686,7,1,5,4,0,3,1,0
111687,7,2,5,4,0,3,1,0
111689,8,1,5,4,1,3,1,0
111690,8,2,5,3,0,3,1,0
111691,6,1,5,4,0,4,1,0
111692,7,1,5,4,0,4,1,0
111693,8,2,5,4,0,4,1,0
111694,8,2,5,NULL,0,1,0,1
111695,8,1,5,4,0,4,1,0
111696,8,2,5,NULL,1,3,1,1
111697,8,1,5,3,0,4,1,0
111698,7,1,5,4,0,4,1,0
111699,8,1,5,4,0,4,1,0
111700,8,1,5,4,1,4,1,0
111701,7,2,5,4,0,3,1,0
111702,8,1,5,4,0,2,0,0
111703,8,2,5,NULL,0,2,0,1
111704,8,2,5,NULL,0,2,0,1
111705,8,1,5,NULL,0,4,1,1
111706,8,2,5,NULL,1,3,1,1
111707,8,1,5,3,1,2,0,0
111708,7,1,5,4,0,3,1,0
111709,8,1,5,4,0,4,1,0
111710,7,2,5,3,0,3,1,0
111711,8,2,5,4,0,4,1,0
111712,10,2,7,4,0,3,1,0
111713,10,1,7,NULL,0,3,1,1
111714,9,1,7,4,0,4,1,0
111715,10,1,7,4,0,4,1,0
111716,10,1,7,NULL,1,3,1,1
111717,11,2,7,NULL,0,3,1,1
111718,10,1,7,4,0,4,1,0
111719,11,1,7,NULL,0,4,1,1
111720,9,1,7,3,0,4,1,0
111721,10,2,7,3,0,4,1,0
111722,10,1,7,NULL,0,4,1,0
111723,10,2,7,NULL,0,3,1,1
111724,10,1,7,4,0,4,1,0
111725,11,1,7,4,0,3,1,0
111726,10,2,7,NULL,1,3,1,1
111727,10,1,7,NULL,0,3,1,1
111728,10,1,7,4,0,3,1,0
111730,10,1,7,NULL,1,1,0,1
111731,10,2,7,4,0,4,1,0
111732,9,1,7,NULL,1,3,1,1
111733,9,2,7,4,0,3,1,0
111734,10,2,7,3,0,4,1,0
111735,10,1,7,3,0,3,1,0
111736,9,1,7,4,0,4,1,0
111737,11,1,7,NULL,1,2,0,1
111738,9,1,7,4,0,3,1,0
111739,9,2,7,NULL,0,3,1,1
111740,10,2,7,NULL,1,3,1,1
111741,10,1,7,NULL,1,3,1,1
111742,11,2,7,NULL,0,2,0,1
111744,10,2,7,NULL,1,1,0,1
111745,9,1,7,4,0,4,1,0
111746,10,1,7,NULL,0,2,0,1
111747,9,2,7,NULL,0,4,1,1
111748,9,1,7,3,0,3,1,0
111750,9,2,7,NULL,1,4,1,1
111751,10,2,7,NULL,0,3,1,1
111752,10,1,7,NULL,1,3,1,1
111754,10,1,7,4,0,4,1,0
111756,9,1,7,NULL,0,4,1,1
111758,10,1,7,NULL,1,2,0,1
111759,10,2,7,NULL,0,2,0,1
111760,9,2,7,NULL,0,4,1,1
111761,10,1,7,NULL,1,4,1,1
111762,10,2,7,3,0,4,1,0
111763,10,1,7,3,0,3,1,0
111764,10,1,7,4,1,2,0,0
111765,9,2,7,NULL,1,3,1,1
111766,9,2,7,4,0,4,1,0
111767,10,1,7,4,0,3,1,0
111769,3,2,1,3,1,4,1,0
111771,3,2,1,3,0,4,1,0
111773,4,2,1,3,1,4,1,0
111774,3,2,1,4,0,4,1,0
111776,4,2,1,4,0,4,1,0
111777,4,1,1,4,0,4,1,0
111778,3,2,1,3,1,3,1,0
111779,4,1,1,4,0,2,0,0
111780,4,1,1,4,0,3,1,0
111781,3,1,1,4,0,2,0,0
111782,4,1,1,4,0,4,1,0
111783,4,2,1,4,0,4,1,0
111784,4,1,1,4,1,4,1,0
111786,3,2,1,4,0,4,1,0
111787,3,1,1,4,0,3,1,0
111788,3,1,1,4,1,3,1,0
111789,3,1,1,4,1,3,1,0
111790,3,2,1,4,0,4,1,0
111791,5,1,2,2,1,2,0,0
111792,5,1,2,4,0,4,1,0
111795,4,2,2,4,0,3,1,0
111796,5,2,2,3,0,4,1,0
111798,5,1,2,4,1,4,1,0
111800,4,1,2,4,0,3,1,0
111801,4,2,2,3,1,3,1,0
111804,5,2,2,2,0,4,1,0
111805,5,1,2,4,0,3,1,0
111806,4,1,2,4,0,2,0,0
111807,4,2,2,4,0,3,1,0
111808,4,2,2,3,1,3,1,0
111809,6,2,3,3,1,3,1,0
111810,5,2,3,4,0,3,1,0
111811,5,2,3,4,0,4,1,0
111812,6,2,3,4,0,4,1,0
111813,5,2,3,2,0,3,1,0
111814,6,2,3,3,0,3,1,0
111815,5,2,3,4,1,4,1,0
111816,5,2,3,3,1,2,0,0
111817,6,1,3,4,0,4,1,0
111818,6,2,3,3,0,2,0,0
111820,5,1,3,4,1,3,1,0
111821,6,2,3,4,0,4,1,0
111822,6,1,3,4,1,3,1,0
111823,5,1,3,4,0,3,1,0
111824,5,2,3,4,0,4,1,0
111825,5,1,3,3,0,2,0,0
111826,6,2,3,4,0,4,1,0
111827,5,2,3,4,0,4,1,0
111829,5,2,3,NULL,0,2,0,1
111830,5,2,3,4,0,3,1,0
111831,6,1,3,3,0,3,1,0
111832,5,1,3,3,0,3,1,0
111833,5,2,3,4,0,3,1,0
111834,10,1,7,NULL,0,4,1,1
111835,9,2,7,4,0,3,1,0
111836,9,2,7,3,0,3,1,0
111837,9,2,6,NULL,1,2,0,1
111838,10,2,7,4,0,3,1,0
111839,9,2,6,4,0,3,1,0
111840,10,1,7,4,0,3,1,0
111841,10,2,7,3,0,3,1,0
111842,9,1,7,3,0,3,1,0
111843,10,1,7,NULL,0,3,1,1
111844,9,2,6,4,0,2,0,0
111845,9,1,7,2,0,2,0,0
111846,9,2,6,3,0,3,1,0
111847,8,1,5,NULL,0,4,1,1
111848,9,1,7,NULL,1,4,1,1
111849,9,2,6,NULL,1,3,1,1
111850,8,2,6,3,0,3,1,0
111851,9,2,7,4,0,4,1,0
111853,8,2,6,NULL,0,4,1,1
111854,8,2,5,4,1,2,0,0
111855,7,1,5,3,0,3,1,0
111856,9,2,6,NULL,1,3,1,1
111857,8,2,5,4,0,3,1,0
111858,7,1,5,3,0,3,1,0
111859,10,1,7,NULL,0,3,1,1
111861,9,1,6,4,0,3,1,0
111862,10,2,7,3,1,3,1,0
111863,8,1,5,4,1,4,1,0
111864,10,1,7,NULL,0,2,0,1
111866,8,1,5,4,0,4,1,0
111867,7,1,5,4,0,3,1,0
111868,9,1,6,NULL,0,3,1,1
111869,8,2,5,2,0,2,0,0
111870,10,2,7,NULL,1,3,1,1
111871,8,1,5,NULL,0,3,1,1
111872,8,2,5,3,0,3,1,0
111873,8,2,5,NULL,1,2,0,1
111874,10,1,7,NULL,0,3,1,1
111875,9,1,7,NULL,1,2,0,1
111876,9,2,6,3,0,3,1,0
111877,8,2,6,NULL,0,3,1,1
111878,9,1,7,NULL,0,4,1,1
111879,10,1,7,NULL,0,3,1,1
111880,9,2,6,3,0,4,1,0
111881,9,1,6,NULL,0,2,0,1
111882,9,2,6,4,0,4,1,0
111883,10,1,7,4,0,3,1,0
111884,9,2,6,4,1,3,1,0
111885,9,2,7,4,0,4,1,0
111886,10,1,7,NULL,1,3,1,1
111887,7,2,5,3,0,2,0,0
111889,7,1,5,4,0,4,1,0
111890,10,1,7,NULL,1,3,1,1
111891,9,1,6,NULL,1,1,0,1
111892,9,1,7,NULL,1,4,1,1
111893,9,2,7,2,0,3,1,0
111894,8,1,5,NULL,0,4,1,1
111895,8,1,5,3,0,3,1,0
111896,8,1,5,4,0,3,1,0
111897,8,2,5,4,0,4,1,0
111898,8,2,6,4,0,3,1,0
111899,9,1,6,NULL,1,1,0,1
111900,8,1,6,4,0,3,1,0
111901,8,2,5,NULL,0,4,1,1
111902,10,2,7,4,0,4,1,0
111903,10,1,7,3,0,3,1,0
111904,8,1,5,3,0,3,1,0
111905,7,1,5,NULL,0,3,1,1
111906,9,2,7,NULL,0,2,0,1
111907,8,1,6,NULL,0,3,1,1
111908,9,2,6,4,0,4,1,0
111909,7,2,5,4,1,3,1,0
111910,8,2,5,NULL,0,3,1,1
111911,8,2,5,4,0,4,1,0
111912,8,2,5,4,0,3,1,0
111913,10,2,7,4,0,4,1,0
111914,7,1,6,NULL,0,4,1,1
111915,7,2,5,2,1,3,1,0
111916,10,1,7,4,0,4,1,0
111917,8,2,6,4,0,3,1,0
111918,10,1,7,4,0,4,1,0
111919,8,2,5,NULL,0,4,1,1
111920,10,2,7,2,0,3,1,0
111922,9,1,6,4,0,3,1,0
111923,8,2,6,3,0,4,1,0
111924,8,2,6,2,0,2,0,0
111925,8,1,6,4,1,3,1,0
111926,7,2,5,NULL,0,3,1,1
111927,8,1,6,NULL,0,3,1,1
111928,7,2,5,NULL,0,4,1,1
111929,8,2,5,4,0,4,1,0
111930,7,2,5,NULL,0,4,1,1
111931,8,2,5,3,0,3,1,0
111932,7,1,5,4,0,4,1,0
111933,8,2,5,4,0,4,1,0
111934,7,1,5,NULL,1,2,0,1
111935,9,1,6,4,0,3,1,0
111936,9,2,7,NULL,1,4,1,1
111937,7,2,5,3,0,3,1,0
111938,10,1,7,3,0,3,1,0
111939,9,1,6,4,0,4,1,0
111940,8,2,5,4,0,3,1,0
111941,7,2,5,NULL,0,4,1,1
111942,10,1,7,NULL,1,4,1,1
111943,9,2,6,NULL,1,4,1,1
111944,9,2,7,NULL,1,2,0,1
111945,10,2,7,4,0,4,1,0
111946,9,1,6,4,0,3,1,0
111947,8,1,6,NULL,0,2,0,1
111948,9,2,6,NULL,0,3,1,1
111949,10,2,7,NULL,1,3,1,1
111950,9,2,7,NULL,0,3,1,1
111951,8,1,5,NULL,1,2,0,1
111952,7,2,5,NULL,0,4,1,1
111953,8,1,6,4,0,4,1,0
111954,8,2,5,4,0,4,1,0
111955,8,1,5,NULL,1,3,1,1
111956,9,2,6,NULL,0,3,1,1
111957,8,2,5,NULL,0,3,1,1
111958,10,1,7,NULL,0,3,1,1
111959,10,1,7,3,0,2,0,0
111960,10,1,7,NULL,0,2,0,1
111961,10,2,7,NULL,0,3,1,1
111962,3,2,1,4,0,3,1,0
111963,3,1,1,4,0,3,1,0
111964,4,1,1,NULL,1,4,1,1
111965,4,1,1,2,1,2,0,0
111966,3,1,1,4,0,4,1,0
111967,3,2,1,3,1,3,1,0
111968,4,1,1,4,0,3,1,0
111969,4,1,1,4,0,4,1,0
111970,4,2,1,4,1,4,1,0
111971,4,2,1,4,0,3,1,0
111972,3,2,1,4,0,3,1,0
111973,4,1,1,4,1,3,1,0
111974,4,2,1,4,0,3,1,0
111975,3,1,1,4,0,4,1,0
111976,3,2,1,3,0,3,1,0
111977,4,1,1,4,0,4,1,0
111978,3,2,1,4,1,4,1,0
111979,4,1,1,4,1,4,1,0
111980,3,2,1,4,0,3,1,0
111982,3,2,1,4,0,4,1,0
111983,5,1,1,4,0,4,1,0
111984,3,1,1,3,1,2,0,0
111985,5,2,2,NULL,1,3,1,1
111986,3,1,1,4,0,4,1,0
111989,3,1,1,4,0,4,1,0
111991,3,2,1,4,0,4,1,0
111993,4,2,1,4,0,3,1,0
111994,4,1,1,NULL,1,2,0,1
111995,3,1,1,4,1,2,0,0
111996,4,2,1,4,1,3,1,0
111997,4,2,1,3,0,2,0,0
111998,4,2,1,3,1,3,1,0
112000,4,1,1,4,0,4,1,0
112002,4,2,1,4,0,2,0,0
112003,3,2,1,4,0,3,1,0
112004,3,2,1,4,0,3,1,0
112005,3,1,1,4,0,4,1,0
112006,3,1,1,4,0,3,1,0
112007,4,1,1,4,1,4,1,0
112008,4,2,1,3,1,4,1,0
112009,3,2,1,4,1,3,1,0
112010,4,2,1,4,0,4,1,0
112012,4,2,2,4,0,4,1,0
112013,4,2,2,4,1,3,1,0
112014,5,2,2,4,1,3,1,0
112015,4,2,2,4,1,3,1,0
112016,4,1,2,4,0,3,1,0
112017,5,1,2,2,1,2,0,0
112018,5,1,2,3,1,3,1,0
112019,5,2,2,4,1,3,1,0
112020,5,1,2,3,0,2,0,0
112021,5,2,2,4,0,4,1,0
112022,4,1,2,4,0,3,1,0
112024,5,1,2,3,0,1,0,0
112025,5,1,2,3,0,4,1,0
112026,4,2,2,4,0,3,1,0
112027,5,1,2,4,0,3,1,0
112028,5,2,2,2,0,4,1,0
112029,4,1,2,4,1,3,1,0
112031,6,2,2,NULL,0,3,1,1
112032,5,2,2,NULL,0,2,0,1
112033,5,2,2,3,1,4,1,0
112034,4,2,2,3,1,3,1,0
112035,5,1,2,NULL,1,3,1,1
112036,5,1,2,4,0,3,1,0
112037,4,2,2,4,1,4,1,0
112038,4,2,2,3,1,2,0,0
112039,5,1,2,4,0,3,1,0
112040,5,2,2,NULL,0,2,0,1
112042,7,1,3,NULL,1,4,1,1
112043,5,2,3,3,0,3,1,0
112044,6,1,3,3,1,2,0,0
112045,6,1,3,NULL,1,2,0,1
112046,6,1,3,4,0,4,1,0
112047,5,2,3,NULL,1,3,1,1
112048,6,2,3,3,0,3,1,0
112049,6,2,3,NULL,0,1,0,1
112050,5,2,3,3,1,2,0,0
112051,6,1,3,4,1,3,1,0
112052,6,2,3,NULL,1,3,1,1
112054,6,1,3,NULL,1,1,0,1
112055,6,1,3,4,0,3,1,0
112056,5,1,3,NULL,1,2,0,1
112057,6,1,3,NULL,1,2,0,1
112058,5,2,3,NULL,1,3,1,1
112059,6,2,3,2,0,3,1,0
112060,5,1,3,4,0,4,1,0
112061,5,2,3,2,1,2,0,0
112062,6,2,3,3,0,2,0,0
112063,7,2,3,3,1,3,1,0
112064,6,1,3,3,1,2,0,0
112065,6,2,3,NULL,0,2,0,1
112066,5,2,3,3,1,3,1,0
112067,5,1,3,3,0,2,0,0
112068,6,1,3,NULL,1,1,0,1
112069,6,1,3,3,1,4,1,0
112070,6,2,3,3,0,4,1,0
112071,6,1,3,4,0,2,0,0
112072,5,2,3,4,0,4,1,0
112073,5,2,2,4,0,4,1,0
112074,5,1,3,4,0,4,1,0
112075,10,2,7,2,0,3,1,0
112076,9,2,7,4,0,4,1,0
112077,9,2,7,3,0,3,1,0
112078,10,2,7,3,0,2,0,0
112079,10,2,7,4,0,4,1,0
112080,10,2,7,4,0,4,1,0
112081,10,2,7,4,0,4,1,0
112082,9,2,7,4,0,3,1,0
112084,10,2,7,4,0,4,1,0
112085,9,2,7,4,0,3,1,0
112086,9,2,7,3,0,4,1,0
112088,10,2,7,4,0,3,1,0
112089,9,1,7,4,0,2,0,0
112091,9,1,7,4,1,4,1,0
112093,6,2,2,4,1,4,1,0
112094,5,1,2,4,1,3,1,0
112095,5,2,2,4,0,4,1,0
112098,5,2,2,2,0,3,1,0
112100,5,1,2,NULL,1,3,1,1
112101,5,1,2,4,0,4,1,0
112102,4,2,2,3,0,2,0,0
112104,6,1,2,4,1,4,1,0
112105,4,2,2,NULL,0,3,1,1
112106,6,1,2,4,1,3,1,0
112107,5,2,2,NULL,1,2,0,1
112109,6,2,2,NULL,1,4,1,1
112110,4,1,2,4,0,4,1,0
112111,5,1,2,NULL,1,2,0,1
112114,4,1,2,4,1,3,1,0
112116,5,1,2,2,1,2,0,0
112120,5,1,2,3,0,2,0,0
112121,4,1,2,4,1,2,0,0
112122,5,1,2,2,1,2,0,0
112123,4,1,2,2,1,1,0,0
112124,5,1,2,NULL,1,4,1,0
112125,5,1,2,3,0,3,1,0
112127,6,1,2,2,0,3,1,0
112128,5,1,2,3,1,4,1,0
112129,5,1,2,NULL,0,4,1,1
112130,5,1,3,4,0,1,0,0
112132,5,2,3,NULL,0,2,0,1
112133,6,1,3,4,1,4,1,0
112134,6,2,3,4,0,4,1,0
112135,6,2,3,4,0,4,1,0
112137,5,1,3,2,1,2,0,0
112138,6,1,3,NULL,0,3,1,1
112140,6,1,3,3,0,3,1,0
112141,7,1,3,3,0,4,1,0
112142,6,2,3,2,1,2,0,0
112143,6,2,3,4,1,3,1,0
112144,6,2,3,4,1,3,1,0
112145,5,2,3,NULL,1,2,0,1
112146,6,2,3,4,0,3,1,0
112147,6,1,3,4,0,4,1,0
112148,6,2,3,4,0,4,1,0
112149,6,1,3,3,0,2,0,0
112150,5,2,3,4,0,3,1,0
112151,6,1,3,4,1,3,1,0
112152,5,1,3,4,1,3,1,0
112153,6,2,3,3,0,4,1,0
112154,7,2,4,3,0,3,1,0
112155,7,1,4,3,1,2,0,0
112156,7,2,4,4,1,4,1,0
112157,7,1,4,4,1,3,1,0
112158,7,1,4,4,0,4,1,0
112159,6,2,4,1,1,1,0,0
112160,7,1,4,3,0,3,1,0
112161,7,1,4,NULL,1,3,1,1
112162,7,2,4,1,1,4,1,0
112163,7,1,4,NULL,1,2,0,1
112164,7,2,4,4,1,4,1,0
112166,7,1,4,3,0,3,1,0
112167,7,1,4,3,0,3,1,0
112168,7,1,4,4,0,3,1,0
112170,6,1,4,4,1,3,1,0
112171,7,1,4,4,0,2,0,0
112172,7,1,4,4,0,4,1,0
112173,7,2,4,3,0,4,1,0
112175,6,2,4,4,0,4,1,0
112176,7,1,4,4,0,4,1,0
112177,8,1,5,4,0,4,1,0
112178,8,1,5,4,0,4,1,0
112179,7,2,5,NULL,1,4,1,1
112180,8,2,5,4,0,3,1,0
112181,7,2,5,4,1,3,1,0
112183,7,2,5,3,0,3,1,0
112184,8,2,5,NULL,0,2,0,1
112185,8,2,5,NULL,1,2,0,1
112186,8,2,5,3,1,3,1,0
112187,7,2,5,2,0,3,1,0
112188,8,1,5,3,0,3,1,0
112190,8,1,5,NULL,0,4,1,1
112191,8,2,5,NULL,1,3,1,1
112192,8,1,5,NULL,0,4,1,1
112193,9,2,5,NULL,0,3,1,1
112194,7,1,5,4,0,4,1,0
112195,7,2,5,4,0,3,1,0
112196,7,2,5,NULL,0,2,0,1
112197,9,1,6,NULL,0,4,1,1
112199,8,2,5,NULL,0,3,1,1
112200,8,1,5,4,0,4,1,0
112201,8,2,5,NULL,0,2,0,1
112202,8,1,5,3,0,2,0,0
112203,7,1,5,NULL,1,3,1,1
112204,8,2,5,4,1,3,1,0
112205,9,1,6,NULL,1,3,1,1
112206,8,2,5,NULL,0,4,1,1
112207,8,1,5,4,1,3,1,0
112208,7,1,5,4,0,3,1,0
112209,8,2,5,NULL,1,1,0,1
112210,8,1,5,NULL,0,2,0,1
112211,8,2,5,NULL,1,4,1,1
112212,8,1,5,4,0,3,1,0
112213,7,2,5,NULL,0,4,1,1
112215,8,2,5,4,0,4,1,0
112216,9,2,6,NULL,0,4,1,1
112217,9,1,6,NULL,0,4,1,1
112219,9,1,6,NULL,1,3,1,1
112220,9,2,6,4,0,4,1,0
112221,9,2,6,4,0,4,1,0
112222,8,1,6,4,0,4,1,0
112223,10,1,7,3,1,3,1,0
112225,8,1,6,3,1,4,1,0
112226,9,2,6,NULL,0,3,1,1
112227,9,2,6,NULL,0,2,0,1
112228,8,1,6,3,0,3,1,0
112229,9,2,6,2,0,4,1,0
112230,9,1,6,4,0,4,1,0
112231,8,1,6,3,1,2,0,0
112232,9,1,6,3,0,3,1,0
112233,10,1,7,NULL,0,1,0,1
112234,8,1,6,NULL,0,4,1,1
112235,10,2,6,4,0,4,1,0
112237,9,2,6,NULL,0,3,1,1
112238,10,1,7,NULL,1,4,1,1
112239,9,2,6,NULL,0,4,1,1
112240,3,1,1,4,0,3,1,0
112241,4,1,1,3,0,3,1,0
112242,4,1,1,4,1,4,1,0
112243,3,2,1,3,0,4,1,0
112244,4,2,1,4,0,3,1,0
112245,4,1,1,4,1,3,1,0
112246,4,1,1,4,0,4,1,0
112247,4,1,1,4,0,4,1,0
112248,4,2,1,4,0,4,1,0
112249,4,2,1,4,0,3,1,0
112250,4,2,1,4,0,3,1,0
112251,3,1,1,4,0,3,1,0
112252,3,1,1,4,0,3,1,0
112253,3,1,1,4,0,2,0,0
112254,4,2,1,4,0,4,1,0
112255,3,1,1,4,0,4,1,0
112257,3,1,1,4,0,4,1,0
112258,4,1,1,4,0,3,1,0
112259,3,2,1,4,0,3,1,0
112260,3,2,1,4,0,4,1,0
112261,4,1,1,4,0,1,0,0
112262,3,1,1,4,0,4,1,0
112263,4,2,1,4,1,3,1,0
112264,3,1,1,4,0,4,1,0
112265,3,1,1,3,0,3,1,0
112266,3,1,1,4,0,3,1,0
112268,4,2,1,3,0,2,0,0
112269,3,2,1,3,0,4,1,0
112270,4,1,1,4,0,4,1,0
112271,4,2,1,4,0,4,1,0
112273,3,2,1,4,0,4,1,0
112274,3,2,1,4,0,3,1,0
112275,4,1,1,4,1,3,1,0
112276,4,1,1,4,1,4,1,0
112277,3,1,1,4,0,4,1,0
112278,3,2,1,3,1,3,1,0
112279,4,1,1,4,0,4,1,0
112280,3,1,1,2,1,4,1,0
112281,4,2,1,4,0,4,1,0
112282,4,1,1,4,1,4,1,0
112283,4,1,1,4,1,3,1,0
112284,4,2,1,4,0,4,1,0
112285,4,1,1,4,0,4,1,0
112286,3,2,1,4,0,4,1,0
112287,3,1,1,3,0,3,1,0
112288,3,1,1,4,0,4,1,0
112289,4,1,2,4,0,2,0,0
112290,4,1,2,3,1,3,1,0
112292,5,2,2,4,0,4,1,0
112293,4,1,2,4,0,3,1,0
112294,4,2,2,4,0,3,1,0
112295,4,1,2,4,0,4,1,0
112296,5,2,2,3,1,3,1,0
112298,4,2,2,4,0,4,1,0
112300,4,1,2,4,0,3,1,0
112301,4,1,2,3,0,3,1,0
112302,4,1,2,4,0,4,1,0
112303,5,1,2,3,1,3,1,0
112304,5,2,2,4,1,4,1,0
112305,4,1,2,4,1,3,1,0
112306,5,1,2,4,0,3,1,0
112307,4,1,2,4,1,4,1,0
112308,4,2,2,4,0,4,1,0
112309,5,1,2,4,0,2,0,0
112310,5,1,2,4,0,3,1,0
112311,5,1,2,3,0,4,1,0
112312,4,2,2,4,0,4,1,0
112313,4,1,2,3,0,4,1,0
112314,5,2,2,4,0,4,1,0
112315,4,2,2,3,0,3,1,0
112316,4,2,2,4,1,4,1,0
112317,4,2,2,4,0,3,1,0
112318,5,2,2,3,0,3,1,0
112319,5,1,2,NULL,0,4,1,1
112320,5,2,2,4,0,4,1,0
112321,4,1,2,4,0,4,1,0
112322,5,2,2,4,0,3,1,0
112323,5,1,2,3,0,3,1,0
112324,5,2,2,4,1,3,1,0
112326,4,1,2,4,0,4,1,0
112327,4,1,2,4,0,2,0,0
112328,5,1,2,4,0,3,1,0
112330,5,1,2,4,0,4,1,0
112332,5,2,2,4,0,3,1,0
112334,5,2,2,4,0,4,1,0
112335,4,1,2,4,0,4,1,0
112336,4,1,2,4,1,4,1,0
112337,4,2,2,4,0,4,1,0
112338,4,1,2,4,1,4,1,0
112340,5,2,3,4,0,2,0,0
112341,6,1,3,4,0,4,1,0
112342,6,1,3,4,1,3,1,0
112343,5,2,3,4,0,4,1,0
112344,5,1,3,3,0,3,1,0
112346,5,1,3,4,0,4,1,0
112347,6,2,3,3,0,3,1,0
112348,5,1,3,4,0,4,1,0
112349,5,2,3,4,0,4,1,0
112351,5,1,3,4,0,4,1,0
112352,5,2,3,4,0,3,1,0
112353,6,1,3,4,0,3,1,0
112355,6,1,3,4,0,4,1,0
112357,6,1,3,3,0,4,1,0
112358,6,2,3,2,0,4,1,0
112359,6,1,3,4,0,4,1,0
112360,5,1,3,4,0,3,1,0
112361,6,1,3,4,0,4,1,0
112362,5,1,3,NULL,0,3,1,1
112363,5,1,3,4,0,4,1,0
112364,6,1,3,4,0,3,1,0
112365,6,1,3,4,0,4,1,0
112366,6,1,3,4,0,3,1,0
112367,5,2,3,3,0,4,1,0
112368,6,2,3,4,1,4,1,0
112369,5,1,3,4,1,3,1,0
112370,6,2,3,4,0,4,1,0
112371,6,2,3,4,0,4,1,0
112372,5,1,3,4,0,4,1,0
112373,6,2,3,4,0,3,1,0
112374,6,2,3,4,0,4,1,0
112375,6,1,3,4,0,3,1,0
112377,6,2,3,3,1,3,1,0
112378,6,1,3,4,0,3,1,0
112379,6,2,3,4,0,3,1,0
112381,4,1,1,4,0,4,1,0
112382,4,1,1,4,0,4,1,0
112383,4,2,1,4,0,4,1,0
112384,4,1,1,4,1,3,1,0
112385,4,2,1,3,1,2,0,0
112386,4,2,1,3,1,1,0,0
112387,4,2,1,4,0,3,1,0
112388,3,2,1,4,0,4,1,0
112389,4,2,1,4,0,3,1,0
112390,4,2,1,4,0,4,1,0
112391,4,1,1,4,1,4,1,0
112392,4,2,1,4,0,3,1,0
112393,4,1,1,4,0,4,1,0
112394,3,2,1,3,0,3,1,0
112396,4,2,1,4,0,3,1,0
112397,4,1,1,4,0,4,1,0
112401,4,2,1,4,0,4,1,0
112402,11,2,2,NULL,1,4,1,1
112403,3,2,1,4,0,4,1,0
112404,5,1,2,4,0,3,1,0
112405,3,2,1,4,1,4,1,0
112406,4,2,1,4,0,3,1,0
112407,4,2,1,4,0,4,1,0
112408,4,2,1,4,1,3,1,0
112409,4,2,1,4,0,4,1,0
112411,4,1,2,4,0,3,1,0
112412,5,2,2,4,0,4,1,0
112413,5,1,2,NULL,1,3,1,1
112414,5,2,2,2,0,4,1,0
112415,5,1,2,3,0,4,1,0
112416,5,1,2,4,0,3,1,0
112417,4,1,2,4,0,3,1,0
112418,5,2,2,3,0,4,1,0
112419,5,2,2,3,0,4,1,0
112420,5,1,2,4,0,4,1,0
112421,4,1,2,4,0,4,1,0
112422,5,2,2,4,0,3,1,0
112423,5,2,2,4,0,4,1,0
112424,4,1,1,4,0,3,1,0
112425,4,2,1,4,0,4,1,0
112426,3,2,1,4,0,3,1,0
112427,4,1,1,4,0,3,1,0
112428,4,1,1,2,0,2,0,0
112430,5,1,2,3,0,4,1,0
112431,4,2,1,4,0,4,1,0
112432,4,2,1,4,0,3,1,0
112433,4,2,1,4,0,4,1,0
112434,4,1,1,4,0,3,1,0
112436,4,2,1,4,0,3,1,0
112439,4,2,1,4,0,3,1,0
112441,4,1,1,4,0,4,1,0
112442,4,2,1,4,0,3,1,0
112444,4,2,1,4,0,4,1,0
112445,4,1,1,4,0,3,1,0
112446,4,1,1,3,0,4,1,0
112447,3,2,1,4,0,4,1,0
112448,4,2,1,4,0,4,1,0
112449,4,2,1,4,0,3,1,0
112450,4,2,1,4,0,4,1,0
112452,3,1,1,4,1,2,0,0
112453,4,2,1,2,1,3,1,0
112454,4,2,1,4,1,3,1,0
112455,4,2,1,4,0,4,1,0
112458,4,1,1,4,0,3,1,0
112459,3,1,1,4,0,4,1,0
112460,3,2,1,4,0,3,1,0
112461,4,1,1,3,1,3,1,0
112462,3,2,1,3,1,4,1,0
112463,4,1,1,4,0,3,1,0
112464,5,1,1,4,0,4,1,0
112465,4,1,1,4,0,4,1,0
112466,4,1,1,4,0,4,1,0
112467,4,2,1,4,0,4,1,0
112468,4,2,1,3,0,4,1,0
112469,3,2,1,4,1,3,1,0
112470,3,2,1,3,0,3,1,0
112471,4,2,1,4,0,4,1,0
112473,5,2,2,4,0,4,1,0
112474,5,2,2,4,0,3,1,0
112476,5,2,2,4,0,4,1,0
112477,5,2,2,4,0,4,1,0
112478,4,1,2,4,0,3,1,0
112479,5,2,2,4,0,4,1,0
112480,5,2,2,3,0,3,1,0
112482,5,1,2,4,0,3,1,0
112483,5,1,2,3,1,3,1,0
112484,1,2,8,NULL,1,1,0,1
112485,4,2,2,4,0,3,1,0
112486,5,1,2,2,0,3,1,0
112487,5,2,2,4,1,4,1,0
112488,4,1,2,4,0,2,0,0
112489,5,1,2,4,0,3,1,0
112490,5,1,2,2,0,2,0,0
112492,5,1,2,3,0,3,1,0
112493,5,1,2,3,0,4,1,0
112494,4,1,2,4,0,3,1,0
112495,5,2,2,4,0,4,1,0
112496,5,2,2,2,0,3,1,0
112497,5,1,2,4,0,3,1,0
112498,5,2,2,4,0,3,1,0
112499,5,1,2,3,0,3,1,0
112500,5,2,2,4,0,4,1,0
112501,5,2,2,2,1,3,1,0
112502,5,2,2,4,0,4,1,0
112504,5,2,2,4,1,4,1,0
112505,5,2,2,4,0,4,1,0
112506,4,2,2,3,0,3,1,0
112507,4,2,2,3,0,3,1,0
112508,5,2,2,4,0,4,1,0
112509,5,2,2,4,0,2,0,0
112511,5,2,2,4,0,3,1,0
112513,5,1,2,3,0,4,1,0
112514,4,1,2,4,0,4,1,0
112515,6,1,3,3,0,3,1,0
112516,6,1,3,4,0,4,1,0
112517,5,2,3,2,1,2,0,0
112518,6,2,3,4,1,4,1,0
112519,6,2,3,4,0,3,1,0
112520,6,1,3,1,0,3,1,0
112521,6,1,3,4,0,3,1,0
112522,6,2,3,4,0,3,1,0
112523,6,1,3,3,0,3,1,0
112524,6,1,3,4,0,4,1,0
112525,6,1,3,3,0,4,1,0
112526,6,2,3,3,0,3,1,0
112527,5,2,3,3,0,3,1,0
112528,5,2,3,NULL,0,3,1,1
112529,5,1,3,3,0,3,1,0
112530,6,2,3,4,0,4,1,0
112531,5,2,3,4,0,3,1,0
112532,6,2,3,NULL,1,2,0,1
112533,6,2,3,4,0,3,1,0
112534,6,2,3,4,0,3,1,0
112535,6,1,3,4,0,4,1,0
112536,5,2,3,3,1,2,0,0
112537,6,1,3,4,1,3,1,0
112538,5,2,3,4,0,3,1,0
112539,6,2,3,4,0,3,1,0
112540,6,1,3,4,0,3,1,0
112541,6,2,3,4,0,1,0,0
112542,6,1,3,3,0,4,1,0
112543,6,1,3,4,1,4,1,0
112544,6,2,3,4,0,3,1,0
112546,5,2,3,3,1,3,1,0
112547,6,1,3,3,0,4,1,0
112550,5,2,3,4,0,3,1,0
112551,6,1,3,4,0,3,1,0
112552,6,1,3,4,0,4,1,0
112554,6,1,4,2,1,3,1,0
112555,6,1,4,4,1,3,1,0
112556,7,1,4,3,0,3,1,0
112557,7,1,4,3,0,2,0,0
112558,6,2,4,4,0,4,1,0
112559,6,2,4,NULL,1,3,1,1
112560,6,1,4,4,1,4,1,0
112561,6,1,4,2,0,4,1,0
112562,7,2,4,NULL,1,4,1,1
112563,7,2,4,4,0,4,1,0
112564,10,1,7,NULL,1,1,0,1
112565,7,1,4,3,0,3,1,0
112566,7,2,4,4,0,4,1,0
112567,7,1,4,4,1,4,1,0
112568,6,2,4,4,1,3,1,0
112569,6,1,4,2,1,3,1,0
112570,7,1,4,4,1,3,1,0
112571,7,1,4,4,1,3,1,0
112572,7,1,4,NULL,1,1,0,1
112573,7,1,4,4,0,4,1,0
112574,6,1,4,4,0,1,0,0
112575,7,1,4,4,1,4,1,0
112576,7,1,4,4,1,3,1,0
112577,7,2,4,NULL,1,2,0,1
112578,7,1,4,4,1,4,1,0
112579,7,1,4,4,0,3,1,0
112580,10,1,7,4,1,2,0,0
112581,6,1,4,3,1,2,0,0
112582,7,2,4,2,0,4,1,0
112583,6,2,4,3,1,3,1,0
112584,7,1,4,3,1,3,1,0
112585,7,1,4,4,1,2,0,0
112586,7,2,5,3,0,3,1,0
112588,7,2,5,3,0,3,1,0
112589,8,2,5,4,0,3,1,0
112591,8,2,5,3,1,3,1,0
112592,8,2,6,NULL,0,3,1,1
112593,8,2,5,3,0,4,1,0
112594,7,1,5,4,1,3,1,0
112595,7,1,5,3,0,4,1,0
112596,8,2,5,2,1,2,0,0
112597,7,1,5,3,0,2,0,0
112598,8,1,5,4,1,4,1,0
112599,8,2,5,4,0,3,1,0
112600,8,2,5,3,1,2,0,0
112601,7,2,5,4,1,4,1,0
112602,8,1,5,3,1,4,1,0
112604,8,2,5,NULL,1,4,1,1
112605,8,2,5,NULL,1,2,0,1
112606,8,1,5,4,0,3,1,0
112607,8,2,5,4,0,4,1,0
112608,8,2,5,4,0,3,1,0
112609,9,1,5,NULL,1,3,1,1
112610,8,2,5,3,1,2,0,0
112611,7,2,5,3,1,4,1,0
112612,7,1,5,NULL,1,3,1,1
112613,7,1,5,3,1,2,0,0
112614,7,2,5,3,1,3,1,0
112615,7,2,5,3,1,2,0,0
112616,8,1,5,4,1,2,0,0
112617,8,2,5,4,1,4,1,0
112618,8,2,5,NULL,1,3,1,1
112619,8,1,5,4,0,4,1,0
112621,7,1,5,4,1,4,1,0
112622,8,1,6,NULL,1,3,1,1
112623,8,1,5,4,1,3,1,0
112626,8,1,6,4,1,4,1,0
112627,8,2,6,NULL,1,3,1,1
112628,9,2,6,NULL,1,3,1,1
112629,9,1,6,NULL,1,3,1,1
112631,8,1,5,NULL,1,2,0,1
112632,8,2,6,NULL,0,4,1,1
112633,9,1,6,4,0,4,1,0
112634,8,1,6,NULL,0,4,1,1
112635,9,2,6,3,1,3,1,0
112637,9,2,6,3,0,4,1,0
112638,8,1,6,3,0,4,1,0
112639,9,1,6,NULL,0,4,1,1
112640,10,2,7,2,1,2,0,0
112641,8,1,5,4,1,2,0,0
112642,9,1,6,NULL,1,3,1,1
112643,9,1,6,3,0,2,0,0
112644,8,1,6,4,0,3,1,0
112645,9,1,6,3,0,3,1,0
112647,8,1,6,4,1,3,1,0
112648,9,2,6,4,1,4,1,0
112649,8,2,6,4,1,3,1,0
112650,8,1,6,3,1,4,1,0
112651,10,1,6,NULL,1,2,0,1
112652,8,1,6,NULL,0,3,1,1
112653,8,2,6,NULL,0,3,1,1
112654,8,2,6,NULL,1,3,1,1
112655,9,1,6,NULL,1,3,1,1
112656,10,1,7,3,0,3,1,0
112658,10,2,7,NULL,1,3,1,1
112659,10,1,7,2,0,1,0,0
112660,10,2,7,4,0,4,1,0
112661,9,1,7,NULL,1,2,0,1
112662,9,2,7,NULL,1,4,1,1
112663,9,2,7,NULL,0,3,1,1
112664,9,1,7,4,1,3,1,0
112665,10,1,7,4,0,4,1,0
112666,10,1,7,3,0,3,1,0
112667,9,2,7,NULL,1,2,0,1
112669,9,2,7,NULL,0,3,1,1
112670,10,2,7,NULL,0,3,1,1
112672,9,2,7,NULL,0,2,0,1
112673,9,2,7,4,0,3,1,0
112674,10,1,7,NULL,0,1,0,1
112675,10,2,7,3,0,3,1,0
112677,10,1,7,3,1,1,0,0
112678,9,2,7,4,0,2,0,0
112679,9,2,7,2,0,3,1,0
112682,10,2,7,NULL,0,3,1,1
112683,10,2,7,4,0,3,1,0
112685,7,1,4,NULL,1,2,0,1
112686,7,1,4,4,1,3,1,0
112687,9,2,7,4,0,1,0,0
112688,10,1,7,NULL,0,3,1,1
112689,10,2,7,3,1,1,0,0
112690,9,2,7,NULL,1,2,0,1
112691,10,2,7,4,0,4,1,0
112692,7,1,5,4,1,3,1,0
112693,7,2,5,3,1,3,1,0
112695,8,2,5,NULL,1,3,1,1
112696,6,1,4,3,1,3,1,0
112697,10,1,7,4,0,4,1,0
112698,8,2,5,4,1,2,0,0
112699,9,1,5,4,0,2,0,0
112700,9,2,6,4,0,3,1,0
112701,7,2,4,4,1,3,1,0
112702,7,2,4,3,0,3,1,0
112703,8,2,6,4,0,4,1,0
112705,9,1,6,3,1,2,0,0
112706,7,2,4,4,1,3,1,0
112707,7,1,5,4,0,4,1,0
112708,6,1,4,3,1,3,1,0
112709,8,1,5,NULL,0,3,1,1
112710,8,1,5,3,0,3,1,0
112711,7,2,5,NULL,0,4,1,1
112712,7,1,4,NULL,0,3,1,1
112713,8,1,6,NULL,0,4,1,1
112714,6,2,4,NULL,1,3,1,1
112715,6,2,4,NULL,0,3,1,1
112716,6,2,4,NULL,1,3,1,1
112718,7,2,4,NULL,1,4,1,1
112719,8,1,5,3,1,3,1,0
112721,9,1,6,3,1,3,1,0
112722,8,1,6,NULL,0,2,0,1
112723,7,2,5,4,0,4,1,0
112725,9,2,7,4,0,4,1,0
112726,8,2,5,4,1,3,1,0
112727,6,2,4,4,1,4,1,0
112728,8,1,5,2,0,4,1,0
112729,7,2,5,4,0,3,1,0
112730,6,1,4,4,1,4,1,0
112731,7,1,4,4,0,3,1,0
112732,6,1,4,3,0,3,1,0
112733,8,1,6,4,0,3,1,0
112734,6,2,4,NULL,1,2,0,1
112735,7,1,4,NULL,1,2,0,1
112736,6,1,4,NULL,0,2,0,1
112738,8,1,5,NULL,1,4,1,1
112739,8,1,5,4,1,4,1,0
112740,8,2,6,3,0,4,1,0
112742,9,1,6,4,1,3,1,0
112743,8,1,5,4,1,4,1,0
112745,8,1,6,4,0,3,1,0
112746,7,1,5,4,0,4,1,0
112747,6,1,4,3,0,4,1,0
112748,6,1,4,4,0,4,1,0
112749,8,1,4,4,0,1,0,0
112750,5,1,4,NULL,1,2,0,1
112751,8,1,5,3,1,3,1,0
112752,8,1,5,3,1,2,0,0
112753,10,1,6,NULL,1,4,1,1
112754,7,1,4,3,1,4,1,0
112756,7,1,5,4,0,3,1,0
112758,9,1,6,3,0,4,1,0
112760,8,1,5,2,1,4,1,0
112761,6,1,4,4,0,3,1,0
112762,9,1,6,NULL,0,4,1,1
112763,8,1,6,4,0,3,1,0
112764,8,1,5,4,0,4,1,0
112765,10,2,7,4,0,3,1,0
112766,9,1,6,3,0,3,1,0
112767,9,2,7,4,0,4,1,0
112768,9,2,7,4,0,4,1,0
112769,8,1,6,NULL,1,3,1,1
112770,8,1,6,4,0,2,0,0
112771,8,2,6,NULL,0,2,0,1
112773,9,1,6,4,0,3,1,0
112774,7,1,4,4,0,3,1,0
112777,7,1,4,4,0,4,1,0
112778,8,1,5,NULL,1,3,1,1
112779,6,1,4,3,0,3,1,0
112782,7,1,5,3,1,3,1,0
112784,9,2,7,NULL,0,4,1,1
112785,10,1,7,4,0,3,1,0
112786,7,2,5,3,1,2,0,0
112787,7,1,5,NULL,1,3,1,1
112788,6,2,4,4,0,3,1,0
112790,8,1,6,4,1,2,0,0
112791,10,1,7,4,1,3,1,0
112792,8,2,6,NULL,1,3,1,1
112793,10,1,7,4,1,4,1,0
112794,7,2,5,NULL,1,3,1,1
112795,9,2,7,4,0,3,1,0
112796,8,2,5,4,1,3,1,0
112797,8,2,6,NULL,0,3,1,1
112798,7,2,5,4,1,3,1,0
112799,7,1,6,NULL,0,4,1,1
112800,9,1,6,NULL,0,3,1,1
112801,8,2,6,NULL,0,3,1,1
112802,9,2,6,4,1,3,1,0
112803,9,2,7,NULL,0,3,1,1
112805,7,2,5,NULL,1,3,1,1
112806,10,1,7,4,0,3,1,0
112807,9,2,6,NULL,1,4,1,1
112808,6,2,4,4,0,4,1,0
112809,7,2,4,4,0,2,0,0
112810,7,1,4,4,0,3,1,0
112813,6,1,4,2,0,1,0,0
112815,7,2,4,4,1,4,1,0
112816,1,1,4,4,0,2,0,0
112817,8,2,4,4,0,4,1,0
112819,7,2,4,3,1,4,1,0
112820,7,2,4,4,1,2,0,0
112821,7,2,4,NULL,1,2,0,1
112822,6,2,4,4,0,3,1,0
112823,7,2,4,NULL,1,3,1,1
112824,7,2,4,NULL,0,4,1,1
112825,7,2,4,4,0,4,1,0
112826,7,2,4,4,1,4,1,0
112827,6,1,4,4,1,3,1,0
112828,7,1,4,NULL,1,2,0,1
112830,7,2,4,4,1,4,1,0
112832,6,2,4,NULL,1,3,1,1
112833,7,1,4,4,1,3,1,0
112834,8,2,4,4,0,4,1,0
112835,7,2,4,4,0,4,1,0
112836,6,1,4,4,0,3,1,0
112837,7,1,4,NULL,0,4,1,1
112838,7,2,4,4,1,4,1,0
112839,6,1,4,4,0,1,0,0
112842,7,2,4,4,1,3,1,0
112843,4,1,1,4,0,3,1,0
112844,3,2,1,4,0,4,1,0
112845,3,1,1,3,1,4,1,0
112847,4,2,1,4,0,4,1,0
112849,3,1,1,3,1,4,1,0
112850,4,2,1,NULL,1,3,1,1
112851,4,1,1,4,0,4,1,0
112852,3,1,1,4,0,2,0,0
112853,4,2,1,4,0,4,1,0
112854,4,2,1,3,0,4,1,0
112855,3,1,1,3,1,3,1,0
112856,3,2,1,2,1,3,1,0
112857,4,1,1,3,1,2,0,0
112858,4,2,1,4,1,3,1,0
112859,3,2,1,3,0,3,1,0
112860,4,2,1,4,0,3,1,0
112861,3,1,1,4,0,4,1,0
112862,4,2,1,3,1,3,1,0
112863,4,2,1,3,0,2,0,0
112864,5,1,1,3,1,4,1,0
112865,6,1,3,NULL,0,3,1,1
112866,6,1,3,3,0,3,1,0
112867,6,1,3,NULL,0,3,1,1
112868,6,2,3,4,1,3,1,0
112869,6,1,3,NULL,1,3,1,1
112870,6,2,3,4,0,3,1,0
112871,6,2,3,NULL,1,4,1,1
112872,6,1,3,4,0,4,1,0
112873,6,1,3,4,0,4,1,0
112874,6,1,3,NULL,0,3,1,1
112875,5,2,3,4,0,4,1,0
112876,6,2,3,4,1,3,1,0
112877,6,1,3,4,1,4,1,0
112878,6,2,3,3,1,4,1,0
112879,5,1,3,NULL,0,3,1,1
112880,5,1,3,NULL,1,3,1,1
112881,5,2,3,2,1,2,0,0
112882,5,1,3,3,1,2,0,0
112883,5,2,3,4,1,3,1,0
112884,5,2,2,3,0,3,1,0
112887,5,2,2,4,0,3,1,0
112889,5,1,2,4,1,3,1,0
112890,5,2,2,4,0,4,1,0
112891,4,1,2,4,0,3,1,0
112892,5,2,2,NULL,1,4,1,1
112893,5,1,2,4,1,3,1,0
112894,5,1,2,4,0,3,1,0
112896,5,1,2,4,0,4,1,0
112897,6,1,2,4,1,4,1,0
112898,5,1,2,4,0,4,1,0
112899,4,2,2,4,0,4,1,0
112900,5,2,2,2,0,3,1,0
112901,5,1,2,NULL,0,2,0,1
112902,5,1,2,4,0,2,0,0
112904,5,1,2,3,0,3,1,0
112905,4,2,2,3,0,3,1,0
112906,3,1,1,4,1,4,1,0
112907,4,1,1,4,1,4,1,0
112909,4,1,1,4,0,2,0,0
112911,3,1,1,4,0,2,0,0
112912,3,2,1,3,0,3,1,0
112913,4,2,1,3,1,3,1,0
112914,4,2,1,4,0,3,1,0
112915,4,2,1,3,1,4,1,0
112916,4,2,1,3,0,3,1,0
112917,4,2,1,NULL,0,4,1,1
112918,4,2,1,4,0,4,1,0
112919,3,2,1,4,0,3,1,0
112920,4,2,1,4,0,4,1,0
112921,4,1,1,4,0,4,1,0
112922,3,2,1,3,0,4,1,0
112924,3,2,1,3,1,3,1,0
112925,4,1,1,2,0,4,1,0
112926,4,1,1,3,0,4,1,0
112927,3,1,1,3,1,2,0,0
112928,5,1,2,4,0,2,0,0
112929,5,2,2,4,0,4,1,0
112930,5,2,2,3,1,3,1,0
112931,5,2,2,4,0,3,1,0
112932,4,2,2,4,0,4,1,0
112934,5,2,2,4,0,3,1,0
112935,4,1,2,4,1,2,0,0
112936,4,1,2,3,0,4,1,0
112938,4,1,2,4,0,3,1,0
112939,4,1,2,4,1,4,1,0
112940,4,2,2,4,0,3,1,0
112941,5,2,2,3,1,4,1,0
112942,5,2,2,4,1,4,1,0
112943,5,1,2,4,0,4,1,0
112944,5,2,2,2,0,3,1,0
112945,5,1,2,NULL,1,3,1,1
112946,5,1,2,4,0,4,1,0
112947,6,1,2,3,1,3,1,0
112948,4,2,2,4,0,2,0,0
112949,5,1,2,4,0,4,1,0
112950,6,1,3,NULL,1,4,1,1
112951,6,2,3,4,0,4,1,0
112952,6,1,3,3,0,3,1,0
112953,5,2,3,3,1,4,1,0
112954,5,1,3,4,0,2,0,0
112955,5,1,3,3,1,4,1,0
112956,6,2,3,3,0,2,0,0
112957,6,2,3,3,0,4,1,0
112958,6,1,3,3,0,4,1,0
112959,6,2,3,3,0,4,1,0
112960,6,1,3,4,0,4,1,0
112961,6,1,3,4,0,3,1,0
112962,6,2,3,NULL,0,3,1,1
112963,6,1,3,4,0,3,1,0
112964,6,2,3,4,1,3,1,0
112965,6,1,3,4,0,4,1,0
112966,5,1,3,4,0,4,1,0
112967,5,2,3,4,0,3,1,0
112968,6,1,3,3,1,3,1,0
112969,4,2,1,4,1,4,1,0
112971,4,2,1,4,0,4,1,0
112975,4,2,2,3,0,4,1,0
112976,4,2,2,3,1,3,1,0
112977,4,2,2,3,0,3,1,0
112978,5,2,2,3,1,4,1,0
112979,6,1,3,NULL,1,3,1,1
112980,6,2,3,4,1,3,1,0
112981,6,2,3,NULL,1,3,1,1
112982,6,1,3,3,0,3,1,0
112983,5,2,3,3,0,3,1,0
112984,6,2,3,3,0,4,1,0
112986,6,1,3,3,0,3,1,0
112988,5,2,3,3,0,4,1,0
112989,6,1,3,4,1,2,0,0
112990,6,2,3,1,1,4,1,0
112991,5,2,3,3,1,3,1,0
112992,7,1,3,4,1,4,1,0
112993,3,1,1,4,0,3,1,0
112995,4,2,1,4,1,4,1,0
112997,4,1,1,4,0,3,1,0
112998,4,1,1,4,0,3,1,0
112999,3,1,1,4,0,3,1,0
113000,4,2,1,4,0,4,1,0
113001,4,2,1,4,0,3,1,0
113003,5,2,1,4,0,3,1,0
113004,4,2,1,4,0,3,1,0
113005,3,2,1,4,0,4,1,0
113006,3,2,1,4,1,3,1,0
113007,4,2,1,4,0,4,1,0
113008,4,2,1,4,0,4,1,0
113009,4,2,1,4,0,1,0,0
113010,4,1,1,3,0,3,1,0
113011,4,1,1,4,0,3,1,0
113013,3,1,1,4,0,3,1,0
113014,4,2,1,4,0,3,1,0
113015,4,1,1,4,0,3,1,0
113016,3,2,1,4,1,3,1,0
113017,11,2,7,4,1,3,1,0
113019,3,2,1,3,0,4,1,0
113024,4,1,1,4,0,4,1,0
113026,4,2,1,4,0,3,1,0
113028,3,2,1,4,0,4,1,0
113029,4,2,1,4,0,4,1,0
113032,4,2,1,4,0,3,1,0
113035,3,2,1,4,0,2,0,0
113036,4,2,1,4,0,3,1,0
113037,3,2,1,3,1,3,1,0
113038,3,1,1,4,0,4,1,0
113039,4,1,1,4,0,4,1,0
113042,5,1,2,3,1,4,1,0
113043,5,1,2,3,0,3,1,0
113044,5,1,2,2,0,2,0,0
113045,4,1,2,4,0,4,1,0
113046,5,2,2,NULL,1,2,0,1
113047,5,2,2,4,0,3,1,0
113048,5,2,2,4,0,4,1,0
113049,5,2,2,4,0,3,1,0
113050,5,2,2,4,1,3,1,0
113052,4,2,2,3,0,4,1,0
113053,4,1,2,4,1,3,1,0
113054,5,1,2,4,0,1,0,0
113056,4,1,2,4,0,3,1,0
113057,4,2,2,3,1,3,1,0
113058,5,1,2,4,1,3,1,0
113060,5,1,2,4,0,4,1,0
113061,4,2,2,3,1,2,0,0
113062,5,2,2,4,0,4,1,0
113063,4,2,2,3,0,3,1,0
113064,5,1,2,4,0,3,1,0
113065,4,1,2,4,0,4,1,0
113068,4,2,2,4,0,4,1,0
113070,5,2,2,3,0,4,1,0
113071,6,1,3,4,0,4,1,0
113072,6,1,3,4,0,4,1,0
113073,6,1,3,3,0,3,1,0
113074,5,1,3,4,0,3,1,0
113075,6,1,3,2,0,3,1,0
113076,8,1,3,3,0,2,0,0
113077,6,1,3,4,0,2,0,0
113079,5,2,3,4,0,4,1,0
113080,5,1,3,3,0,4,1,0
113081,6,2,3,4,0,4,1,0
113083,6,1,3,2,0,3,1,0
113084,5,2,3,4,0,4,1,0
113085,6,1,3,4,0,4,1,0
113086,6,2,3,2,0,4,1,0
113088,6,1,3,4,1,4,1,0
113090,4,1,3,NULL,1,3,1,1
113091,5,2,4,4,1,3,1,0
113092,5,2,3,4,0,4,1,0
113093,6,2,3,3,0,3,1,0
113095,6,1,3,4,0,3,1,0
113096,6,2,3,4,1,4,1,0
113098,6,1,3,4,0,3,1,0
113099,5,2,3,4,0,2,0,0
113101,5,1,3,4,0,3,1,0
113102,5,1,3,4,0,3,1,0
113103,5,2,3,NULL,0,3,1,1
113104,6,2,3,4,0,3,1,0
113107,6,2,3,3,0,2,0,0
113109,6,1,3,4,0,4,1,0
113110,5,1,3,4,0,3,1,0
113111,6,1,3,4,1,4,1,0
113114,6,2,3,3,0,4,1,0
113115,6,1,3,4,0,4,1,0
113117,5,2,3,4,0,4,1,0
113118,1,2,7,NULL,0,4,1,1
113120,5,2,3,4,0,4,1,0
113122,5,2,3,3,0,3,1,0
113124,4,2,1,4,0,4,1,0
113127,4,1,1,4,1,3,1,0
113129,4,2,1,4,0,4,1,0
113131,4,1,1,4,0,3,1,0
113132,4,2,1,4,0,4,1,0
113135,4,1,1,4,1,3,1,0
113137,4,1,1,4,0,4,1,0
113138,5,1,2,4,1,4,1,0
113139,5,1,2,4,0,4,1,0
113140,5,1,2,4,1,4,1,0
113141,5,2,2,NULL,1,2,0,1
113142,5,2,2,4,0,3,1,0
113143,4,1,2,NULL,1,4,1,1
113144,6,1,2,3,0,3,1,0
113145,4,2,2,NULL,1,3,1,1
113146,5,2,2,2,1,4,1,0
113147,6,2,2,NULL,1,2,0,1
113148,5,2,2,3,1,4,1,0
113149,5,2,2,3,1,3,1,0
113150,5,1,2,4,1,3,1,0
113151,5,2,2,4,0,3,1,0
113152,6,1,2,4,0,3,1,0
113153,5,1,2,4,1,3,1,0
113154,6,2,3,4,0,4,1,0
113155,5,2,3,4,0,3,1,0
113156,6,1,3,NULL,0,3,1,1
113157,6,2,3,3,0,3,1,0
113158,5,1,3,4,0,3,1,0
113159,5,2,3,4,0,4,1,0
113160,7,2,3,4,1,3,1,0
113161,5,2,3,4,0,4,1,0
113162,5,2,3,4,1,3,1,0
113163,5,2,3,4,0,4,1,0
113164,5,2,3,NULL,1,3,1,1
113165,5,2,3,4,0,4,1,0
113166,5,1,3,4,0,4,1,0
113167,5,2,3,3,1,2,0,0
113168,6,2,3,NULL,0,3,1,1
113170,5,2,3,3,0,4,1,0
113171,6,2,3,NULL,1,1,0,1
113172,5,1,3,4,0,2,0,0
113173,5,2,3,3,0,2,0,0
113174,6,2,3,4,1,4,1,0
113176,5,1,3,4,1,2,0,0
113177,5,2,3,NULL,1,3,1,1
113178,6,1,3,4,0,3,1,0
113179,7,2,4,4,0,3,1,0
113180,7,2,5,3,1,2,0,0
113181,6,1,4,4,1,2,0,0
113182,7,2,4,4,1,3,1,0
113183,6,1,4,NULL,1,3,1,1
113184,7,1,4,4,0,4,1,0
113185,8,2,5,1,0,2,0,0
113186,6,2,4,4,1,4,1,0
113187,7,2,4,4,1,4,1,0
113189,6,2,4,NULL,1,3,1,1
113190,7,2,4,NULL,0,3,1,1
113191,7,1,4,NULL,0,4,1,1
113192,7,2,4,4,0,4,1,0
113195,7,2,4,NULL,1,4,1,1
113196,6,2,4,NULL,0,3,1,1
113199,7,1,4,4,1,3,1,0
113201,6,1,4,3,0,3,1,0
113202,7,2,4,NULL,1,2,0,1
113204,6,2,4,NULL,0,4,1,1
113205,6,2,4,NULL,0,4,1,1
113206,7,1,4,4,1,1,0,0
113208,6,2,4,4,0,4,1,0
113209,7,1,4,3,0,4,1,0
113210,7,2,4,4,0,4,1,0
113212,7,1,4,4,0,3,1,0
113213,6,1,4,2,0,3,1,0
113217,6,1,4,NULL,0,4,1,1
113218,6,2,4,3,0,4,1,0
113220,6,2,4,NULL,0,2,0,1
113221,6,1,4,4,0,4,1,0
113222,7,1,4,4,0,2,0,0
113223,7,2,4,NULL,1,4,1,1
113224,6,1,4,4,1,2,0,0
113225,6,1,4,NULL,1,4,1,1
113228,7,1,4,3,1,2,0,0
113229,8,1,4,NULL,0,3,1,1
113230,7,1,4,NULL,1,3,1,1
113233,6,2,4,3,1,3,1,0
113235,6,1,4,NULL,1,3,1,1
113236,6,1,4,3,0,4,1,0
113237,6,2,4,NULL,0,3,1,1
113238,7,1,4,3,1,2,0,0
113240,7,1,4,4,1,4,1,0
113241,6,1,4,3,0,3,1,0
113242,7,1,4,3,0,4,1,0
113243,7,2,4,NULL,1,3,1,1
113244,6,1,4,3,0,4,1,0
113245,8,2,6,4,0,4,1,0
113247,7,2,4,4,0,3,1,0
113248,7,2,4,NULL,1,4,1,1
113249,7,1,4,NULL,1,3,1,1
113250,7,1,4,3,0,3,1,0
113252,7,2,4,2,0,4,1,0
113255,7,2,4,3,0,3,1,0
113258,9,1,6,4,1,4,1,0
113259,6,1,4,4,0,4,1,0
113260,9,1,7,4,0,4,1,0
113263,6,1,4,4,1,3,1,0
113268,7,2,4,NULL,0,2,0,1
113271,11,2,7,NULL,1,2,0,1
113272,6,2,4,4,0,4,1,0
113274,6,2,4,3,0,4,1,0
113275,6,1,4,2,0,4,1,0
113278,4,2,1,4,0,4,1,0
113279,3,1,1,4,0,4,1,0
113280,4,1,1,4,0,3,1,0
113281,3,2,1,4,0,3,1,0
113282,3,2,1,3,0,3,1,0
113284,4,2,1,3,0,3,1,0
113285,3,2,1,2,1,3,1,0
113287,4,1,1,4,0,4,1,0
113288,4,2,1,4,0,4,1,0
113289,3,1,1,3,1,3,1,0
113290,4,2,1,4,0,4,1,0
113291,4,1,1,3,0,4,1,0
113292,3,2,1,4,1,3,1,0
113293,4,2,1,4,0,4,1,0
113294,5,1,1,4,0,4,1,0
113295,4,1,1,4,0,4,1,0
113296,4,2,1,4,1,1,0,0
113297,4,1,1,4,0,3,1,0
113298,3,1,1,4,0,2,0,0
113299,4,2,1,NULL,1,4,1,1
113300,4,1,1,3,0,2,0,0
113301,4,2,1,3,1,4,1,0
113302,5,1,2,4,0,4,1,0
113303,5,1,2,4,0,3,1,0
113304,4,2,2,4,0,4,1,0
113305,4,2,2,4,0,4,1,0
113306,4,1,2,4,0,4,1,0
113307,4,1,2,4,1,4,1,0
113308,5,1,2,3,0,3,1,0
113309,5,2,2,4,0,3,1,0
113310,5,1,2,4,1,3,1,0
113311,5,2,2,NULL,1,3,1,1
113312,4,2,2,1,0,4,1,0
113313,5,2,2,NULL,1,2,0,1
113314,4,1,2,4,0,4,1,0
113316,5,1,2,NULL,0,3,1,1
113318,5,1,2,2,0,2,0,0
113319,4,1,2,4,0,4,1,0
113320,5,2,2,4,0,3,1,0
113321,4,1,2,3,1,3,1,0
113322,4,2,2,4,0,3,1,0
113323,6,1,3,4,0,4,1,0
113324,6,2,3,4,0,4,1,0
113325,5,1,3,4,0,4,1,0
113326,5,2,3,4,1,4,1,0
113327,6,1,3,4,0,2,0,0
113328,6,2,3,4,1,4,1,0
113329,6,2,3,4,1,4,1,0
113330,6,2,3,3,1,4,1,0
113331,6,2,3,3,1,3,1,0
113332,5,2,3,3,0,3,1,0
113333,6,2,3,4,0,2,0,0
113334,6,1,3,4,0,3,1,0
113336,5,2,3,4,0,3,1,0
113337,6,2,3,4,0,4,1,0
113338,6,2,3,4,0,3,1,0
113339,5,1,3,NULL,1,3,1,1
113340,5,2,3,3,1,3,1,0
113341,6,1,3,3,0,4,1,0
113343,8,1,4,4,0,2,0,0
113344,6,2,4,4,0,3,1,0
113345,6,1,4,3,1,3,1,0
113346,6,1,4,4,0,3,1,0
113347,7,1,4,4,0,3,1,0
113348,6,2,4,4,0,3,1,0
113349,6,1,4,4,0,2,0,0
113350,6,1,4,4,1,4,1,0
113351,6,1,4,4,0,4,1,0
113352,7,1,4,4,0,3,1,0
113353,7,1,4,3,0,4,1,0
113354,7,2,4,4,0,3,1,0
113355,6,1,4,NULL,1,3,1,1
113356,7,1,4,4,0,3,1,0
113357,6,1,4,4,0,4,1,0
113359,7,1,4,3,0,3,1,0
113360,7,2,4,NULL,0,3,1,1
113361,6,2,4,3,0,3,1,0
113363,6,1,4,4,1,3,1,0
113364,7,2,4,4,0,4,1,0
113365,6,1,4,4,0,3,1,0
113366,7,1,4,3,1,2,0,0
113367,7,1,4,4,0,4,1,0
113368,11,2,7,4,0,2,0,0
113369,7,2,4,4,0,3,1,0
113370,7,1,4,1,0,4,1,0
113371,7,2,4,4,1,4,1,0
113372,6,2,4,4,0,4,1,0
113375,6,2,4,4,0,4,1,0
113376,7,2,4,4,0,4,1,0
113378,7,1,4,4,0,3,1,0
113379,7,2,4,4,0,3,1,0
113380,7,1,5,4,0,3,1,0
113381,7,2,5,NULL,1,4,1,1
113382,8,1,5,3,0,3,1,0
113384,7,2,5,4,1,4,1,0
113385,7,1,5,4,0,2,0,0
113386,8,2,5,2,0,3,1,0
113387,7,2,5,4,0,3,1,0
113388,8,2,5,NULL,1,4,1,1
113389,8,2,5,3,0,4,1,0
113390,7,2,5,2,0,2,0,0
113391,8,1,5,4,0,2,0,0
113392,9,1,5,4,0,4,1,0
113393,7,2,5,3,0,3,1,0
113394,8,2,5,3,0,3,1,0
113395,7,1,5,3,0,4,1,0
113396,8,1,5,4,0,4,1,0
113397,8,2,5,4,0,3,1,0
113398,7,2,5,4,0,4,1,0
113399,7,2,5,NULL,0,2,0,1
113400,8,2,5,NULL,0,2,0,1
113401,7,2,5,4,0,3,1,0
113402,8,2,5,NULL,1,2,0,1
113403,8,2,6,4,1,3,1,0
113405,7,1,4,3,1,4,1,0
113406,7,1,5,4,0,2,0,0
113407,6,2,4,NULL,1,3,1,1
113409,7,2,4,3,1,2,0,0
113410,7,2,4,NULL,0,2,0,1
113411,7,1,5,4,1,4,1,0
113412,7,1,4,3,0,4,1,0
113413,6,2,4,4,0,4,1,0
113414,9,1,5,3,0,4,1,0
113415,10,2,1,4,1,4,1,0
113416,7,2,4,4,0,4,1,0
113418,7,2,4,NULL,1,3,1,1
113419,7,1,4,2,1,4,1,0
113420,9,1,5,4,0,4,1,0
113422,7,2,4,4,0,4,1,0
113423,6,2,4,4,1,2,0,0
113427,7,2,4,NULL,0,2,0,1
113428,6,2,4,4,1,3,1,0
113430,8,2,5,NULL,1,3,1,1
113431,7,1,4,NULL,1,4,1,1
113433,7,1,4,4,0,4,1,0
113435,6,2,4,NULL,0,4,1,1
113436,7,2,4,3,0,4,1,0
113437,7,1,4,3,0,3,1,0
113438,7,2,4,3,0,3,1,0
113439,9,2,6,NULL,1,1,0,1
113440,7,2,4,3,1,4,1,0
113441,6,2,4,4,0,4,1,0
113442,7,2,4,4,0,3,1,0
113444,8,2,5,4,1,4,1,0
113445,7,1,4,NULL,0,3,1,1
113446,6,1,4,4,0,4,1,0
113448,7,2,5,2,0,3,1,0
113449,7,1,4,4,0,3,1,0
113450,7,1,4,3,0,3,1,0
113451,6,1,4,4,0,4,1,0
113452,7,1,5,NULL,0,3,1,1
113453,6,1,4,4,0,4,1,0
113454,6,2,4,4,1,3,1,0
113455,7,2,5,4,0,3,1,0
113456,7,1,5,3,0,3,1,0
113457,7,1,5,4,1,4,1,0
113458,6,2,4,4,0,4,1,0
113459,8,1,5,3,0,3,1,0
113461,8,1,5,4,1,4,1,0
113462,8,1,5,4,1,4,1,0
113463,7,2,5,3,0,3,1,0
113465,8,2,6,3,1,3,1,0
113466,8,1,5,4,0,3,1,0
113467,8,2,5,NULL,0,3,1,1
113468,8,1,5,3,1,2,0,0
113469,9,1,6,3,0,2,0,0
113470,8,1,5,4,1,4,1,0
113471,7,1,5,NULL,0,2,0,1
113472,7,1,5,4,1,3,1,0
113473,8,2,5,4,0,4,1,0
113474,8,2,5,NULL,1,3,1,1
113476,8,2,6,1,1,2,0,0
113477,8,1,5,3,0,3,1,0
113478,8,1,5,3,0,1,0,0
113479,8,2,5,NULL,1,3,1,1
113480,8,2,5,3,1,3,1,0
113481,7,2,5,NULL,1,3,1,1
113482,8,2,5,4,0,3,1,0
113483,9,2,6,4,0,4,1,0
113484,9,1,6,4,1,3,1,0
113485,1,1,8,NULL,0,4,1,1
113486,8,1,6,4,0,3,1,0
113487,1,1,8,NULL,0,1,0,1
113488,9,2,6,3,0,3,1,0
113489,9,1,6,NULL,1,3,1,1
113490,9,1,6,NULL,0,4,1,1
113491,8,2,6,4,0,4,1,0
113492,9,2,6,3,0,4,1,0
113493,9,1,6,3,0,2,0,0
113494,9,2,6,NULL,1,3,1,1
113495,8,2,6,3,0,3,1,0
113496,9,2,6,4,0,4,1,0
113497,8,1,6,3,0,3,1,0
113498,9,1,6,4,0,2,0,0
113499,8,2,6,NULL,1,1,0,1
113500,9,2,6,4,1,3,1,0
113501,9,1,6,3,0,2,0,0
113502,8,2,6,NULL,1,3,1,1
113503,9,2,6,4,0,2,0,0
113504,9,1,6,4,0,3,1,0
113505,10,2,7,4,0,3,1,0
113507,9,2,7,3,0,3,1,0
113508,9,1,7,4,0,3,1,0
113509,9,2,7,NULL,1,3,1,1
113510,9,2,7,4,0,3,1,0
113512,9,2,7,4,0,2,0,0
113513,9,2,7,NULL,0,3,1,1
113514,10,2,7,NULL,1,4,1,1
113515,9,2,7,NULL,1,3,1,1
113516,10,2,7,4,0,4,1,0
113517,9,1,7,NULL,1,3,1,1
113518,10,1,7,3,0,3,1,0
113520,9,2,7,4,0,3,1,0
113521,10,1,7,4,1,3,1,0
113522,10,2,7,NULL,1,4,1,1
113523,10,2,7,3,0,3,1,0
113524,9,1,7,4,0,2,0,0
113525,10,2,7,4,0,2,0,0
113526,10,2,7,NULL,0,4,1,1
113527,9,2,7,NULL,1,4,1,1
113528,10,1,7,4,0,3,1,0
113529,10,2,7,NULL,0,3,1,1
113530,10,2,7,4,0,3,1,0
113531,9,1,6,NULL,1,2,0,1
113532,9,1,7,4,0,3,1,0
113533,1,2,7,NULL,1,1,0,1
113535,10,2,7,NULL,0,4,1,1
113537,9,1,7,3,1,3,1,0
113538,9,1,7,NULL,0,2,0,1
113539,10,2,7,3,1,3,1,0
113540,9,2,7,3,0,3,1,0
113541,10,1,7,NULL,0,2,0,1
113542,9,1,7,3,0,3,1,0
113543,9,1,7,NULL,0,3,1,1
113544,9,2,7,4,0,4,1,0
113546,10,1,7,3,0,3,1,0
113547,9,2,7,NULL,1,2,0,1
113548,9,2,7,4,0,2,0,0
113549,10,1,7,4,0,3,1,0
113551,10,1,7,3,1,2,0,0
113552,10,1,7,NULL,0,3,1,1
113553,10,1,7,4,1,1,0,0
113555,9,2,6,3,1,2,0,0
113556,9,1,5,4,0,4,1,0
113557,8,1,5,NULL,1,3,1,1
113558,9,1,7,4,1,2,0,0
113560,9,2,6,NULL,1,4,1,1
113561,9,1,6,3,0,2,0,0
113562,8,1,6,NULL,1,4,1,1
113563,8,1,6,NULL,1,3,1,1
113564,8,2,6,4,0,4,1,0
113565,9,2,6,4,0,3,1,0
113566,7,2,5,4,0,4,1,0
113567,8,2,5,NULL,0,3,1,1
113568,9,1,6,NULL,1,2,0,1
113569,9,1,6,NULL,1,1,0,1
113570,7,1,4,NULL,1,3,1,1
113571,8,2,4,NULL,1,3,1,1
113572,9,2,7,NULL,0,3,1,1
113573,7,1,4,3,0,2,0,0
113574,10,1,7,4,0,4,1,0
113576,6,2,4,NULL,1,4,1,1
113577,8,1,6,NULL,1,3,1,1
113579,7,1,5,4,1,3,1,0
113580,8,2,4,3,0,2,0,0
113581,8,2,6,NULL,1,2,0,1
113582,7,1,4,NULL,1,3,1,1
113583,7,2,4,3,1,3,1,0
113584,7,1,4,3,1,3,1,0
113585,7,2,4,NULL,0,4,1,1
113586,7,2,4,3,0,3,1,0
113588,7,2,4,4,0,4,1,0
113589,8,2,4,4,1,2,0,0
113591,7,1,4,4,1,4,1,0
113592,6,2,4,4,0,3,1,0
113593,7,2,4,4,1,3,1,0
113594,8,2,6,NULL,1,3,1,1
113595,6,1,4,4,1,4,1,0
113596,8,1,5,NULL,0,4,1,1
113597,8,1,4,4,0,4,1,0
113599,9,1,5,4,0,3,1,0
113600,7,1,4,4,1,3,1,0
113601,8,2,6,4,0,4,1,0
113602,8,1,5,NULL,1,4,1,1
113603,9,1,6,4,1,4,1,0
113604,9,2,4,NULL,0,4,1,1
113605,9,2,6,4,1,4,1,0
113606,8,1,6,NULL,1,3,1,1
113607,7,1,4,NULL,1,3,1,1
113608,8,1,6,NULL,1,4,1,1
113610,8,2,5,3,1,3,1,0
113611,11,1,6,NULL,1,2,0,1
113612,9,2,5,2,0,3,1,0
113614,9,2,6,NULL,1,4,1,1
113615,7,2,4,NULL,1,2,0,1
113616,8,2,5,NULL,1,4,1,1
113618,6,2,4,NULL,0,3,1,1
113619,9,2,6,4,0,3,1,0
113621,8,1,5,4,0,3,1,0
113622,8,1,5,4,0,2,0,0
113623,9,1,6,4,0,2,0,0
113624,7,2,4,4,1,2,0,0
113625,8,1,5,3,1,3,1,0
113626,7,1,5,4,1,3,1,0
113627,8,2,5,4,1,3,1,0
113628,8,1,4,NULL,1,2,0,1
113629,7,2,4,2,1,4,1,0
113630,7,2,4,4,0,3,1,0
113631,6,2,4,3,0,3,1,0
113632,7,2,4,4,0,4,1,0
113633,7,1,4,NULL,1,3,1,1
113635,7,2,4,2,0,3,1,0
113636,7,1,4,NULL,1,2,0,1
113637,7,2,4,3,0,3,1,0
113639,8,1,4,NULL,1,4,1,1
113640,8,1,4,NULL,1,4,1,1
113642,6,2,4,NULL,1,2,0,1
113644,7,2,4,4,0,4,1,0
113645,6,2,4,4,0,4,1,0
113646,6,1,4,3,0,4,1,0
113647,6,2,4,NULL,0,4,1,1
113649,7,2,4,NULL,1,4,1,1
113650,7,2,4,NULL,0,1,0,1
113652,7,2,4,4,0,3,1,0
113653,8,1,4,NULL,0,4,1,1
113654,7,2,4,4,1,3,1,0
113656,6,2,4,NULL,1,4,1,1
113657,7,1,4,3,0,4,1,0
113658,6,2,4,NULL,0,4,1,1
113659,8,1,5,4,0,4,1,0
113662,9,1,5,2,0,2,0,0
113663,8,1,5,3,1,3,1,0
113664,7,2,5,3,1,3,1,0
113665,8,2,5,3,0,4,1,0
113666,9,2,4,4,0,4,1,0
113667,8,1,5,NULL,0,2,0,1
113670,7,1,5,4,0,2,0,0
113671,9,2,6,NULL,0,4,1,1
113675,9,2,5,NULL,0,4,1,1
113677,8,1,5,4,0,4,1,0
113681,9,1,6,3,1,2,0,0
113682,9,2,6,NULL,1,3,1,1
113683,9,1,6,4,1,3,1,0
113684,8,2,6,4,0,1,0,0
113685,10,2,7,3,1,4,1,0
113686,8,2,6,3,1,3,1,0
113687,9,1,6,NULL,1,3,1,1
113688,8,2,6,NULL,0,3,1,1
113690,9,1,6,NULL,1,4,1,1
113691,9,1,6,NULL,1,1,0,1
113692,9,2,6,3,0,3,1,0
113693,10,1,7,NULL,0,2,0,1
113694,9,2,6,NULL,1,2,0,1
113695,8,1,6,NULL,1,3,1,1
113696,9,1,6,4,0,4,1,0
113697,7,2,4,NULL,1,4,1,1
113698,10,1,7,NULL,1,3,1,1
113700,10,2,7,4,1,3,1,0
113701,10,2,7,4,0,4,1,0
113702,8,1,7,NULL,1,3,1,1
113703,10,1,7,3,0,2,0,0
113704,10,1,7,NULL,0,3,1,1
113705,10,2,7,NULL,0,3,1,1
113706,8,2,7,NULL,1,4,1,1
113707,9,1,7,3,0,3,1,0
113708,10,1,7,NULL,0,4,1,1
113709,10,1,6,4,0,3,1,0
113710,9,2,7,4,0,4,1,0
113712,8,2,5,3,0,4,1,0
113713,9,2,6,4,1,3,1,0
113714,9,2,6,3,1,3,1,0
113715,7,2,4,4,0,4,1,0
113716,7,2,5,NULL,1,3,1,1
113717,10,2,7,3,1,3,1,0
113718,7,1,4,NULL,0,4,1,1
113720,8,2,6,4,0,4,1,0
113721,7,1,4,NULL,0,3,1,1
113722,7,1,4,4,0,4,1,0
113723,7,2,5,NULL,0,3,1,1
113724,8,2,6,3,0,3,1,0
113725,8,2,5,NULL,1,4,1,1
113726,6,2,4,4,1,3,1,0
113727,6,2,4,4,0,3,1,0
113728,8,1,6,NULL,1,3,1,1
113729,6,2,4,4,0,4,1,0
113730,9,2,7,NULL,1,4,1,1
113731,8,2,6,NULL,0,3,1,1
113732,7,2,4,2,1,2,0,0
113733,6,1,4,4,0,4,1,0
113734,6,2,4,3,1,4,1,0
113735,7,2,4,4,1,3,1,0
113736,6,2,4,NULL,1,3,1,1
113737,7,1,4,1,0,1,0,0
113739,8,1,5,NULL,0,4,1,1
113740,7,1,5,4,1,4,1,0
113741,8,1,5,4,0,4,1,0
113743,8,2,5,3,0,4,1,0
113745,7,2,5,4,1,3,1,0
113746,9,2,6,2,0,2,0,0
113747,8,2,6,NULL,1,1,0,1
113748,9,1,6,NULL,1,2,0,1
113750,8,2,6,4,0,3,1,0
113751,9,2,6,4,0,4,1,0
113752,9,1,6,4,1,3,1,0
113753,9,1,6,3,1,3,1,0
113754,9,1,6,3,0,4,1,0
113755,9,1,6,4,0,2,0,0
113756,9,2,7,4,0,4,1,0
113757,9,2,7,NULL,0,4,1,1
113758,10,1,7,4,0,3,1,0
113759,10,1,7,4,0,4,1,0
113760,9,2,7,NULL,0,2,0,1
113761,9,1,7,NULL,1,3,1,1
113762,9,2,7,2,0,3,1,0
113763,9,2,7,3,1,4,1,0
113764,9,2,7,NULL,1,3,1,1
113765,6,2,4,NULL,1,2,0,1
113766,6,2,4,4,0,4,1,0
113767,7,1,4,4,1,2,0,0
113768,6,2,4,4,0,2,0,0
113769,8,2,5,NULL,1,3,1,1
113770,8,1,5,NULL,0,3,1,1
113771,7,2,5,4,0,3,1,0
113772,7,1,5,2,0,2,0,0
113773,8,1,5,4,1,4,1,0
113775,7,1,5,3,0,3,1,0
113776,7,1,5,NULL,1,3,1,1
113778,8,1,5,4,0,4,1,0
113779,7,2,5,NULL,0,3,1,1
113780,8,1,6,NULL,0,3,1,1
113782,10,1,6,3,1,3,1,0
113783,9,2,6,4,1,3,1,0
113784,8,2,6,3,1,4,1,0
113785,1,2,3,NULL,1,1,0,1
113786,9,1,6,NULL,0,3,1,1
113787,8,2,6,NULL,1,3,1,1
113788,8,2,6,NULL,1,3,1,1
113789,8,2,6,NULL,0,4,1,1
113790,8,1,6,4,1,4,1,0
113791,10,1,7,NULL,0,3,1,1
113792,10,1,7,NULL,1,4,1,1
113793,10,1,7,4,1,3,1,0
113794,9,2,7,NULL,0,3,1,1
113795,10,1,7,NULL,1,2,0,1
113796,10,2,7,NULL,0,4,1,1
113798,10,2,7,4,0,3,1,0
113799,10,2,7,NULL,0,4,1,1
113800,9,2,7,NULL,1,3,1,1
113801,10,1,7,4,1,2,0,0
113802,6,1,4,NULL,0,3,1,1
113803,7,1,4,NULL,0,3,1,1
113804,6,2,4,3,1,3,1,0
113805,6,1,4,3,0,3,1,0
113806,6,2,4,4,0,4,1,0
113807,7,2,4,2,0,3,1,0
113808,7,1,4,4,0,4,1,0
113809,6,1,4,4,0,3,1,0
113810,7,2,4,3,0,3,1,0
113811,7,2,4,4,0,3,1,0
113812,7,2,4,3,0,2,0,0
113814,7,2,4,4,0,2,0,0
113815,7,2,4,NULL,1,3,1,1
113816,6,2,4,4,0,3,1,0
113817,7,2,4,2,0,4,1,0
113818,8,1,4,4,0,3,1,0
113819,7,2,4,1,1,2,0,0
113821,7,2,4,2,0,4,1,0
113822,6,1,4,3,0,3,1,0
113823,7,1,4,4,1,4,1,0
113824,7,1,4,4,0,4,1,0
113825,7,2,4,3,0,3,1,0
113826,7,1,4,NULL,0,2,0,1
113827,7,2,4,4,0,3,1,0
113830,6,2,4,2,1,2,0,0
113832,6,2,4,3,1,4,1,0
113833,7,1,4,4,0,3,1,0
113834,6,1,4,NULL,0,3,1,1
113835,7,1,4,3,1,4,1,0
113836,6,1,4,NULL,0,2,0,1
113837,7,2,4,3,0,4,1,0
113838,7,1,4,4,0,3,1,0
113839,7,1,4,4,0,4,1,0
113840,7,1,4,3,0,3,1,0
113841,7,2,4,NULL,0,3,1,1
113842,6,1,4,4,0,3,1,0
113843,7,1,4,NULL,1,3,1,1
113844,7,2,4,4,0,4,1,0
113845,5,2,2,2,0,3,1,0
113846,5,2,2,4,0,2,0,0
113847,6,1,2,3,0,4,1,0
113848,5,1,2,4,0,3,1,0
113849,5,1,2,4,1,3,1,0
113850,5,1,2,4,1,4,1,0
113851,4,1,2,NULL,1,2,0,1
113852,5,1,2,4,1,2,0,0
113853,5,2,2,NULL,1,3,1,1
113855,6,2,2,2,1,3,1,0
113856,5,1,2,4,1,4,1,0
113857,5,1,2,4,1,2,0,0
113858,5,2,2,4,1,2,0,0
113859,4,1,2,4,0,3,1,0
113860,5,2,2,4,0,4,1,0
113862,4,1,2,NULL,1,3,1,1
113863,5,2,2,4,1,3,1,0
113864,6,1,2,4,0,3,1,0
113865,4,1,2,4,1,3,1,0
113866,5,1,2,3,1,2,0,0
113867,5,2,2,4,0,3,1,0
113868,4,2,2,4,0,3,1,0
113869,4,2,2,4,1,3,1,0
113870,5,1,2,3,1,2,0,0
113871,5,2,2,4,0,4,1,0
113872,4,1,2,4,0,4,1,0
113873,4,1,2,4,1,2,0,0
113874,4,2,2,4,0,3,1,0
113875,5,2,2,4,0,3,1,0
113876,6,1,2,4,0,3,1,0
113877,4,1,2,4,1,3,1,0
113878,4,1,2,4,0,4,1,0
113879,5,1,2,NULL,0,3,1,1
113881,6,1,3,4,0,4,1,0
113882,6,1,3,4,1,3,1,0
113884,6,1,3,4,0,3,1,0
113885,5,2,3,NULL,1,4,1,1
113886,6,2,3,3,0,4,1,0
113887,5,2,3,4,0,4,1,0
113888,5,1,3,NULL,1,4,1,1
113889,5,1,3,2,0,3,1,0
113890,7,1,3,4,1,3,1,0
113891,5,2,3,3,1,3,1,0
113892,7,2,3,4,0,3,1,0
113894,5,2,3,4,0,3,1,0
113895,6,1,3,4,0,3,1,0
113897,7,1,3,2,1,2,0,0
113898,6,2,3,NULL,1,2,0,1
113899,5,2,3,4,0,3,1,0
113900,6,2,3,4,0,4,1,0
113901,6,1,3,4,0,4,1,0
113902,6,1,3,4,0,4,1,0
113903,6,2,3,3,1,4,1,0
113904,5,2,3,NULL,1,3,1,1
113905,5,1,3,4,0,2,0,0
113906,6,1,3,4,1,4,1,0
113907,7,1,3,4,1,2,0,0
113908,6,2,3,4,0,3,1,0
113909,6,1,3,4,0,4,1,0
113910,6,2,3,3,0,4,1,0
113911,6,2,3,2,1,2,0,0
113912,6,2,3,4,0,3,1,0
113913,5,1,3,3,0,1,0,0
113914,6,1,3,4,0,4,1,0
113915,5,2,3,2,0,4,1,0
113916,6,2,3,4,1,2,0,0
113917,6,2,3,4,0,3,1,0
113918,6,1,3,4,0,3,1,0
113919,5,1,3,NULL,1,2,0,1
113920,6,1,3,NULL,0,2,0,1
113921,5,2,2,4,0,3,1,0
113922,5,1,2,4,0,3,1,0
113923,4,2,2,4,0,4,1,0
113924,4,2,2,3,0,3,1,0
113925,4,2,2,4,0,4,1,0
113926,5,1,2,1,0,1,0,0
113927,5,1,2,4,1,4,1,0
113928,5,2,2,4,0,2,0,0
113930,5,1,2,2,0,3,1,0
113931,4,2,2,4,0,4,1,0
113932,5,2,2,3,0,4,1,0
113933,5,1,2,4,0,2,0,0
113934,5,2,2,4,0,3,1,0
113935,4,2,2,4,0,4,1,0
113936,5,1,2,4,0,3,1,0
113937,4,1,2,4,0,4,1,0
113938,6,1,2,4,0,3,1,0
113939,5,1,2,3,1,2,0,0
113940,4,1,2,NULL,0,3,1,1
113941,5,1,2,4,0,3,1,0
113942,4,1,2,3,0,3,1,0
113943,5,1,2,3,0,2,0,0
113944,5,2,2,4,0,3,1,0
113945,5,2,3,3,1,4,1,0
113946,6,1,3,4,0,4,1,0
113947,5,1,3,3,0,2,0,0
113948,6,2,3,4,0,3,1,0
113949,5,1,3,4,0,4,1,0
113950,6,2,3,2,0,3,1,0
113951,5,2,3,3,0,3,1,0
113952,5,1,3,4,0,3,1,0
113953,5,1,3,3,1,2,0,0
113954,5,2,3,4,0,3,1,0
113956,6,1,3,3,0,4,1,0
113957,5,2,3,3,0,3,1,0
113958,6,2,3,4,0,3,1,0
113959,5,2,3,4,0,4,1,0
113960,5,2,3,4,0,3,1,0
113961,6,1,3,4,1,4,1,0
113962,5,2,3,4,1,3,1,0
113963,6,1,3,4,1,3,1,0
113964,6,2,3,NULL,0,3,1,1
113965,5,1,3,4,0,4,1,0
113966,6,1,3,4,0,3,1,0
113968,4,1,1,4,1,3,1,0
113970,4,1,1,4,0,3,1,0
113971,4,2,1,3,0,3,1,0
113972,4,2,1,4,0,3,1,0
113974,3,1,1,4,1,3,1,0
113975,3,2,1,4,0,4,1,0
113978,3,2,1,4,0,4,1,0
113979,4,1,1,4,0,4,1,0
113980,3,2,1,3,1,3,1,0
113981,4,2,1,4,0,3,1,0
113982,4,2,1,4,1,3,1,0
113983,3,1,1,4,0,2,0,0
113985,4,2,1,4,0,4,1,0
113986,5,2,2,2,0,2,0,0
113987,4,1,1,4,0,3,1,0
113988,4,1,1,3,0,4,1,0
113990,3,1,1,4,0,2,0,0
113991,3,2,1,4,1,3,1,0
113992,4,2,1,4,0,4,1,0
113994,3,2,1,4,0,3,1,0
113995,4,2,1,4,1,4,1,0
113996,3,1,1,4,0,2,0,0
113997,4,1,1,NULL,0,3,1,1
113998,4,1,1,4,0,4,1,0
113999,4,2,1,3,1,3,1,0
114000,4,2,1,4,0,4,1,0
114001,3,1,1,4,0,3,1,0
114002,3,1,1,4,1,3,1,0
114003,3,1,1,3,1,3,1,0
114004,4,2,1,4,0,3,1,0
114005,4,1,1,4,0,3,1,0
114007,4,1,1,4,0,1,0,0
114008,3,2,1,3,0,3,1,0
114009,4,2,1,4,0,4,1,0
114010,3,1,1,4,0,4,1,0
114011,3,2,1,4,0,4,1,0
114012,4,2,1,4,0,4,1,0
114013,3,2,1,4,0,4,1,0
114014,4,1,1,4,0,3,1,0
114015,4,2,1,4,0,4,1,0
114016,4,2,1,4,0,3,1,0
114017,3,2,1,4,0,4,1,0
114018,3,1,1,4,0,4,1,0
114019,4,1,1,NULL,1,2,0,1
114020,3,1,1,3,0,4,1,0
114021,4,2,1,4,0,3,1,0
114022,4,1,1,3,0,3,1,0
114023,4,1,1,4,0,4,1,0
114024,4,1,1,3,0,3,1,0
114025,4,1,1,4,0,4,1,0
114026,4,2,2,3,1,3,1,0
114027,4,2,2,4,1,4,1,0
114028,5,1,2,4,0,4,1,0
114029,5,1,2,4,0,4,1,0
114030,5,1,2,4,1,4,1,0
114031,5,1,2,4,1,3,1,0
114032,4,2,2,4,0,4,1,0
114033,4,2,2,4,0,3,1,0
114034,4,2,2,3,1,2,0,0
114035,4,2,2,4,0,4,1,0
114036,4,2,2,NULL,1,4,1,1
114037,5,2,2,4,0,4,1,0
114038,5,2,2,4,1,4,1,0
114039,5,1,2,4,0,4,1,0
114040,5,2,2,3,1,4,1,0
114041,4,2,2,NULL,0,4,1,1
114042,5,1,2,4,0,3,1,0
114043,5,1,2,NULL,1,2,0,1
114044,4,1,2,4,1,2,0,0
114045,5,1,2,4,0,4,1,0
114046,5,2,2,4,1,4,1,0
114047,5,1,2,4,0,3,1,0
114048,5,1,2,4,0,3,1,0
114049,6,1,3,4,0,4,1,0
114050,5,2,3,4,0,4,1,0
114051,6,1,3,NULL,1,4,1,1
114052,5,1,3,4,0,2,0,0
114053,5,1,3,4,1,3,1,0
114054,5,2,3,3,0,4,1,0
114055,6,2,3,4,0,4,1,0
114056,6,2,3,4,0,4,1,0
114057,6,1,3,3,1,2,0,0
114058,6,2,3,4,1,4,1,0
114059,6,2,3,3,1,4,1,0
114060,6,2,3,3,1,3,1,0
114061,6,2,3,3,0,3,1,0
114063,5,2,3,3,0,4,1,0
114064,6,2,3,4,0,3,1,0
114065,6,1,3,NULL,1,4,1,1
114066,5,1,3,4,0,4,1,0
114067,5,1,2,3,1,4,1,0
114068,5,2,2,4,0,4,1,0
114069,4,1,2,4,0,3,1,0
114070,5,2,2,2,1,3,1,0
114071,7,1,2,4,0,3,1,0
114072,5,1,2,4,0,2,0,0
114073,5,2,2,4,0,4,1,0
114074,5,1,2,NULL,1,3,1,1
114075,4,2,2,4,1,3,1,0
114076,5,1,2,4,0,4,1,0
114077,4,2,2,4,1,4,1,0
114078,5,1,2,4,0,4,1,0
114079,5,2,2,4,0,3,1,0
114080,4,1,2,4,1,3,1,0
114081,5,2,2,3,1,2,0,0
114082,5,2,2,4,0,4,1,0
114083,5,2,2,3,1,2,0,0
114084,4,1,2,4,0,4,1,0
114085,4,2,2,3,1,4,1,0
114086,5,1,2,NULL,1,2,0,1
114087,4,2,2,4,0,2,0,0
114088,5,2,2,4,0,3,1,0
114089,5,2,2,4,0,3,1,0
114090,5,1,2,3,0,4,1,0
114091,5,2,2,NULL,1,4,1,1
114092,5,2,2,NULL,1,3,1,1
114093,5,2,2,4,0,3,1,0
114094,5,1,2,4,1,3,1,0
114095,5,2,2,4,0,3,1,0
114096,4,2,2,4,0,3,1,0
114097,4,2,2,3,1,4,1,0
114098,6,2,2,4,0,4,1,0
114099,5,2,2,NULL,0,3,1,1
114100,5,2,2,3,0,2,0,0
114101,5,2,2,4,0,4,1,0
114102,5,2,2,4,1,4,1,0
114103,5,1,2,4,0,4,1,0
114104,4,2,1,4,0,4,1,0
114105,3,1,1,4,0,4,1,0
114108,4,1,1,4,1,2,0,0
114109,4,2,1,4,1,4,1,0
114110,3,1,1,4,1,3,1,0
114111,3,2,1,NULL,1,3,1,1
114112,4,1,1,4,0,2,0,0
114113,3,2,1,4,0,3,1,0
114114,4,2,1,3,0,3,1,0
114116,3,2,1,4,1,4,1,0
114117,4,2,1,4,0,4,1,0
114118,4,2,1,3,0,3,1,0
114119,4,2,1,NULL,1,3,1,1
114120,3,2,1,4,0,4,1,0
114121,4,2,1,4,1,3,1,0
114122,3,2,1,4,0,3,1,0
114123,3,2,1,4,0,4,1,0
114125,3,2,1,4,1,2,0,0
114126,4,1,1,2,0,4,1,0
114127,4,2,1,NULL,1,4,1,1
114128,4,1,1,4,1,4,1,0
114129,3,1,1,4,0,3,1,0
114130,3,2,1,4,1,3,1,0
114131,3,1,1,4,1,3,1,0
114132,3,2,1,4,0,3,1,0
114133,3,2,1,4,0,4,1,0
114134,4,2,1,4,0,2,0,0
114137,4,2,1,4,0,4,1,0
114138,3,2,1,3,0,4,1,0
114139,4,1,1,4,0,4,1,0
114140,4,1,1,3,0,2,0,0
114141,3,2,1,4,0,4,1,0
114142,4,1,1,4,0,4,1,0
114143,3,1,1,4,1,3,1,0
114144,3,2,1,4,0,3,1,0
114145,3,2,1,4,0,4,1,0
114146,4,1,1,4,0,3,1,0
114147,4,1,1,4,0,3,1,0
114148,4,2,1,NULL,0,1,0,1
114149,3,1,1,4,0,3,1,0
114150,4,1,1,4,0,3,1,0
114151,3,1,1,4,1,3,1,0
114152,3,2,1,4,0,4,1,0
114153,4,1,1,4,0,3,1,0
114156,4,2,1,4,0,4,1,0
114157,4,1,1,2,1,1,0,0
114158,4,1,1,4,0,4,1,0
114159,4,1,1,4,0,4,1,0
114161,4,1,1,4,0,4,1,0
114162,3,2,1,4,0,3,1,0
114163,5,1,2,3,0,4,1,0
114165,4,1,2,3,1,2,0,0
114166,5,2,2,4,0,4,1,0
114167,5,1,2,4,0,3,1,0
114168,4,1,2,3,0,4,1,0
114169,4,2,2,4,0,4,1,0
114170,5,2,2,3,0,3,1,0
114171,5,1,2,4,1,4,1,0
114172,5,2,2,4,0,3,1,0
114173,4,2,2,4,0,4,1,0
114174,5,1,2,4,0,3,1,0
114175,5,1,2,4,0,4,1,0
114176,4,1,2,4,0,3,1,0
114178,5,1,2,4,0,4,1,0
114179,4,1,2,3,0,3,1,0
114180,4,1,2,4,0,4,1,0
114181,5,2,2,4,1,4,1,0
114182,5,1,2,3,0,4,1,0
114184,5,1,2,3,1,4,1,0
114185,4,1,2,3,1,3,1,0
114186,4,2,2,4,0,2,0,0
114187,4,2,2,4,0,2,0,0
114188,4,2,2,NULL,1,2,0,1
114190,5,1,2,4,0,1,0,0
114191,5,2,3,2,0,3,1,0
114192,6,2,3,4,0,3,1,0
114194,5,1,3,4,0,4,1,0
114195,6,1,3,4,0,4,1,0
114196,6,2,3,NULL,1,4,1,1
114197,6,1,3,3,0,4,1,0
114198,7,2,3,3,0,4,1,0
114199,6,2,3,4,0,3,1,0
114200,5,2,3,2,0,4,1,0
114201,5,1,3,NULL,1,3,1,1
114202,5,2,3,4,0,4,1,0
114203,5,2,3,4,0,4,1,0
114204,6,2,3,NULL,0,3,1,1
114205,6,1,3,3,0,3,1,0
114206,6,1,3,4,1,3,1,0
114207,6,2,3,NULL,0,3,1,0
114208,6,2,3,4,0,4,1,0
114209,6,1,3,4,0,3,1,0
114210,6,2,3,4,0,3,1,0
114212,5,2,3,4,0,3,1,0
114214,7,1,3,4,0,4,1,0
114215,6,2,3,4,0,4,1,0
114216,5,1,3,4,0,3,1,0
114217,6,1,3,3,0,2,0,0
114218,5,2,3,4,1,4,1,0
114219,5,1,3,4,0,4,1,0
114220,6,1,3,4,1,4,1,0
114221,6,1,3,4,1,3,1,0
114222,6,1,3,4,0,2,0,0
114223,5,1,3,3,0,3,1,0
114224,6,2,3,4,1,4,1,0
114225,7,1,3,4,0,4,1,0
114226,5,2,3,2,1,4,1,0
114227,6,2,3,4,0,4,1,0
114228,7,1,3,NULL,1,2,0,1
114229,5,2,3,3,0,4,1,0
114230,6,2,3,3,1,2,0,0
114231,7,1,4,4,0,3,1,0
114233,6,2,4,3,0,4,1,0
114235,9,1,5,4,0,4,1,0
114239,7,1,4,4,0,4,1,0
114240,8,1,6,NULL,1,2,0,1
114241,6,2,4,4,0,4,1,0
114242,7,1,4,3,1,3,1,0
114243,7,1,4,NULL,1,1,0,1
114244,6,2,4,4,0,4,1,0
114245,7,1,4,4,0,3,1,0
114247,6,2,4,3,0,2,0,0
114248,7,1,4,4,1,3,1,0
114249,7,1,4,4,0,4,1,0
114251,7,2,4,NULL,1,2,0,1
114252,7,1,4,3,0,3,1,0
114253,7,1,4,4,0,4,1,0
114254,7,1,4,3,0,4,1,0
114255,8,1,4,NULL,1,3,1,1
114256,6,2,4,NULL,0,4,1,1
114257,7,1,4,3,0,2,0,0
114259,7,1,4,NULL,1,1,0,1
114260,7,2,4,4,0,4,1,0
114261,7,2,4,4,0,4,1,0
114262,7,2,4,NULL,0,4,1,1
114263,7,1,4,3,0,4,1,0
114264,7,1,5,3,1,4,1,0
114265,9,1,6,4,0,4,1,0
114266,8,1,5,NULL,1,2,0,1
114267,7,2,5,4,1,2,0,0
114268,8,1,5,3,0,2,0,0
114269,8,2,5,4,0,2,0,0
114270,7,2,4,4,0,4,1,0
114271,8,2,5,3,0,4,1,0
114272,8,1,5,3,0,3,1,0
114273,8,1,5,NULL,0,2,0,1
114274,8,1,6,NULL,1,4,1,1
114275,8,1,5,2,1,3,1,0
114276,7,2,5,3,1,3,1,0
114277,8,1,5,4,0,3,1,0
114278,9,1,5,2,1,2,0,0
114279,8,2,5,NULL,0,3,1,1
114281,7,1,5,4,1,3,1,0
114282,8,1,5,4,0,3,1,0
114283,8,1,5,4,0,4,1,0
114284,7,1,5,4,1,4,1,0
114285,8,1,5,4,0,4,1,0
114286,9,2,6,4,1,4,1,0
114287,8,2,5,NULL,1,3,1,1
114288,9,2,6,3,1,2,0,0
114289,8,1,5,NULL,1,2,0,1
114290,7,1,5,NULL,1,4,1,1
114291,7,2,5,4,0,4,1,0
114292,9,2,6,NULL,0,3,1,1
114293,9,1,6,3,0,4,1,0
114295,9,2,6,4,1,3,1,0
114297,9,1,6,3,1,4,1,0
114298,8,1,6,4,0,1,0,0
114299,8,1,6,3,0,3,1,0
114301,9,2,6,NULL,1,3,1,1
114302,9,1,6,4,0,4,1,0
114303,9,1,6,4,0,3,1,0
114304,9,2,6,4,1,4,1,0
114305,9,1,6,NULL,1,2,0,1
114306,8,2,6,NULL,1,3,1,1
114308,8,1,6,4,0,4,1,0
114309,9,2,6,NULL,1,2,0,1
114310,8,2,6,NULL,0,2,0,1
114311,8,1,6,3,0,3,1,0
114312,9,1,6,NULL,0,3,1,1
114314,8,2,6,4,0,3,1,0
114315,8,1,6,4,0,4,1,0
114316,10,1,6,NULL,1,1,0,1
114317,9,1,6,NULL,1,2,0,1
114318,8,1,6,NULL,1,2,0,1
114319,8,2,6,3,1,3,1,0
114320,9,2,6,NULL,1,2,0,1
114321,9,2,6,NULL,1,3,1,1
114322,10,2,7,4,0,3,1,0
114323,9,2,6,4,0,4,1,0
114324,10,2,7,4,0,4,1,0
114325,10,1,7,NULL,0,2,0,1
114326,8,2,6,4,0,4,1,0
114327,11,1,7,4,0,2,0,0
114328,10,2,7,4,0,4,1,0
114329,10,1,7,NULL,1,2,0,1
114330,9,1,6,NULL,1,3,1,1
114331,9,1,7,4,0,3,1,0
114332,9,1,6,NULL,0,2,0,1
114333,10,2,7,4,0,4,1,0
114334,8,1,6,4,1,3,1,0
114335,10,1,7,4,0,2,0,0
114336,9,1,7,2,1,2,0,0
114338,10,1,7,NULL,0,3,1,1
114339,9,2,7,4,0,4,1,0
114340,9,1,7,4,1,3,1,0
114341,9,2,7,NULL,0,4,1,1
114342,9,1,6,NULL,0,4,1,1
114343,9,2,7,3,0,4,1,0
114344,10,1,6,4,0,4,1,0
114345,10,2,7,2,1,2,0,0
114347,8,2,6,NULL,1,2,0,1
114348,9,1,7,4,1,2,0,0
114349,10,1,7,4,0,3,1,0
114351,9,2,7,NULL,0,3,1,1
114352,9,1,6,NULL,0,2,0,1
114353,9,2,6,4,1,4,1,0
114354,9,2,7,NULL,1,1,0,1
114355,10,1,7,4,0,2,0,0
114356,9,2,7,NULL,0,3,1,1
114357,10,1,6,3,1,3,1,0
114358,9,2,6,3,1,4,1,0
114359,9,2,6,4,0,4,1,0
114361,9,2,6,4,0,4,1,0
114362,11,1,7,NULL,0,2,0,1
114364,9,1,7,4,0,2,0,0
114366,10,1,7,NULL,1,1,0,1
114368,4,2,2,4,0,3,1,0
114369,5,2,2,3,0,3,1,0
114370,4,2,2,2,0,2,0,0
114371,4,2,2,4,0,4,1,0
114372,6,1,2,4,0,3,1,0
114373,4,2,2,4,1,3,1,0
114374,5,1,2,3,0,3,1,0
114375,5,2,2,4,0,4,1,0
114376,5,2,2,4,0,4,1,0
114377,4,1,2,4,0,4,1,0
114378,4,1,2,4,0,4,1,0
114379,5,1,2,4,0,4,1,0
114380,6,2,2,3,0,3,1,0
114381,4,2,2,4,0,4,1,0
114382,5,1,2,4,1,4,1,0
114383,6,1,3,4,0,4,1,0
114384,7,1,3,4,1,4,1,0
114385,6,2,3,4,0,4,1,0
114386,5,2,2,4,0,4,1,0
114387,6,2,3,4,1,4,1,0
114388,5,1,3,3,0,4,1,0
114389,6,1,3,3,0,3,1,0
114390,5,1,3,4,0,3,1,0
114391,6,2,3,3,0,3,1,0
114392,4,2,2,3,1,3,1,0
114393,6,1,3,4,1,4,1,0
114394,6,1,3,4,1,3,1,0
114395,5,1,3,4,0,3,1,0
114396,6,2,3,4,0,4,1,0
114397,5,2,3,4,0,4,1,0
114398,5,1,1,4,0,4,1,0
114399,3,2,1,NULL,1,3,1,1
114400,3,2,1,3,1,2,0,0
114401,3,2,1,4,0,3,1,0
114402,4,2,1,4,0,4,1,0
114403,5,2,1,2,0,2,0,0
114404,3,2,1,NULL,1,2,0,1
114405,4,1,1,NULL,0,4,1,1
114406,4,2,1,NULL,1,3,1,1
114407,4,2,1,4,1,3,1,0
114408,4,1,1,4,0,4,1,0
114409,5,2,2,4,0,4,1,0
114410,5,2,2,3,0,3,1,0
114411,5,2,2,NULL,0,1,0,1
114413,5,2,2,4,1,4,1,0
114414,5,1,2,3,1,4,1,0
114415,5,1,2,4,0,3,1,0
114416,6,1,2,4,0,4,1,0
114417,4,2,2,3,0,4,1,0
114418,5,1,2,4,0,4,1,0
114419,5,1,2,2,1,2,0,0
114420,4,1,2,4,0,3,1,0
114421,4,1,2,NULL,1,2,0,1
114422,4,2,2,4,0,4,1,0
114423,5,1,2,4,0,4,1,0
114424,4,1,2,4,0,4,1,0
114425,5,2,2,NULL,0,4,1,1
114426,4,1,2,NULL,1,3,1,1
114427,5,2,2,3,0,4,1,0
114428,5,2,2,3,0,3,1,0
114429,4,1,2,2,1,3,1,0
114430,5,2,2,NULL,1,4,1,1
114431,4,1,2,NULL,1,3,1,1
114432,6,2,3,NULL,0,3,1,1
114433,6,1,3,4,1,3,1,0
114434,5,2,3,3,0,4,1,0
114437,6,2,3,3,1,4,1,0
114439,6,1,3,NULL,1,2,0,1
114440,5,1,3,3,0,4,1,0
114441,5,2,3,NULL,1,1,0,1
114442,6,2,3,NULL,1,3,1,1
114444,6,2,3,NULL,0,2,0,1
114445,6,2,3,NULL,1,2,0,1
114446,7,2,3,4,1,4,1,0
114447,5,2,3,3,0,3,1,0
114449,5,1,3,NULL,1,1,0,1
114450,5,1,3,3,0,4,1,0
114452,5,2,3,NULL,0,4,1,1
114453,7,1,3,4,0,4,1,0
114454,6,2,3,4,1,3,1,0
114455,7,1,3,4,0,1,0,0
114457,6,2,4,4,0,4,1,0
114458,7,1,5,4,1,4,1,0
114459,7,1,4,4,0,2,0,0
114460,6,2,4,4,1,3,1,0
114461,7,1,4,4,0,4,1,0
114462,7,2,4,NULL,0,3,1,1
114463,6,2,4,NULL,1,3,1,1
114464,6,2,4,4,0,4,1,0
114465,6,2,4,4,0,3,1,0
114466,7,1,4,NULL,0,4,1,1
114467,6,2,4,4,0,3,1,0
114468,7,1,4,4,0,4,1,0
114469,7,1,4,4,0,4,1,0
114470,6,1,4,3,1,2,0,0
114472,7,2,4,4,0,4,1,0
114473,7,2,4,4,0,4,1,0
114474,6,2,4,NULL,0,3,1,1
114475,6,1,4,4,1,3,1,0
114477,6,2,4,4,0,4,1,0
114478,8,1,5,NULL,0,4,1,1
114479,8,1,5,NULL,0,2,0,1
114480,8,1,5,4,0,2,0,0
114481,7,1,5,4,0,4,1,0
114482,7,2,5,NULL,1,3,1,1
114483,7,2,5,3,0,3,1,0
114484,7,2,5,NULL,0,4,1,1
114485,8,1,5,4,1,4,1,0
114486,8,1,5,NULL,0,3,1,1
114488,7,1,5,4,0,3,1,0
114489,7,1,5,4,0,4,1,0
114490,7,1,5,4,0,4,1,0
114491,8,1,5,4,0,4,1,0
114492,8,1,5,4,0,2,0,0
114493,8,1,5,4,0,2,0,0
114494,7,1,5,NULL,1,3,1,1
114495,8,1,5,NULL,0,4,1,1
114496,7,2,5,3,1,3,1,0
114497,8,2,6,3,1,3,1,0
114498,9,2,6,3,1,3,1,0
114499,8,2,6,4,0,3,1,0
114500,8,2,6,3,0,3,1,0
114501,8,2,6,3,1,3,1,0
114502,8,2,6,4,0,3,1,0
114503,8,2,6,4,1,3,1,0
114504,10,1,7,3,0,3,1,0
114505,9,1,7,4,0,3,1,0
114506,9,1,7,3,0,3,1,0
114507,10,1,7,4,0,3,1,0
114510,9,1,7,NULL,1,3,1,1
114511,10,2,7,NULL,0,4,1,1
114512,9,2,7,4,0,4,1,0
114513,9,1,7,4,0,3,1,0
114514,9,2,7,2,0,4,1,0
114515,9,2,7,4,0,4,1,0
114516,9,2,7,NULL,1,3,1,1
114517,9,2,7,NULL,0,3,1,1
114518,10,1,7,NULL,1,4,1,1
114520,9,1,7,NULL,0,4,1,1
114521,9,1,7,3,0,3,1,0
114522,9,2,7,4,1,3,1,0
114523,9,1,7,4,0,3,1,0
114524,10,1,7,NULL,1,2,0,1
114525,8,1,4,4,0,4,1,0
114526,8,1,4,4,1,4,1,0
114528,7,2,4,4,0,4,1,0
114529,7,1,4,4,0,3,1,0
114530,7,2,4,4,0,3,1,0
114531,8,2,5,4,1,4,1,0
114532,7,1,4,4,0,4,1,0
114533,7,2,5,3,1,4,1,0
114534,7,1,4,NULL,0,2,0,1
114537,6,2,4,4,0,3,1,0
114539,7,2,4,4,0,4,1,0
114540,7,2,4,4,0,2,0,0
114541,6,1,4,4,0,4,1,0
114542,7,2,4,4,0,4,1,0
114543,7,1,4,3,0,4,1,0
114544,7,1,4,3,1,3,1,0
114545,8,2,4,NULL,1,1,0,1
114546,7,1,4,4,0,4,1,0
114547,7,2,4,4,1,4,1,0
114549,7,2,4,4,0,4,1,0
114550,7,2,4,4,1,2,0,0
114551,6,1,4,4,0,4,1,0
114552,7,1,4,3,0,4,1,0
114554,7,1,4,4,0,4,1,0
114555,7,2,4,4,1,2,0,0
114557,8,1,5,NULL,1,4,1,1
114558,8,1,5,4,0,3,1,0
114559,8,1,5,4,0,4,1,0
114560,7,2,5,4,0,4,1,0
114561,9,1,5,3,1,2,0,0
114562,8,2,5,3,1,4,1,0
114563,9,2,5,4,0,4,1,0
114564,8,1,5,NULL,0,2,0,1
114566,8,2,5,4,0,3,1,0
114567,7,1,5,2,1,2,0,0
114568,8,2,5,4,0,4,1,0
114569,8,1,5,NULL,1,2,0,1
114570,7,2,5,4,0,3,1,0
114571,8,1,5,4,1,4,1,0
114572,7,1,5,4,1,2,0,0
114573,8,1,5,3,1,3,1,0
114574,9,2,6,4,0,3,1,0
114576,8,2,6,4,0,4,1,0
114578,9,2,6,4,1,4,1,0
114579,8,1,6,4,0,3,1,0
114580,9,2,6,4,0,4,1,0
114581,9,1,6,4,0,4,1,0
114584,9,2,6,2,0,3,1,0
114585,9,2,7,4,0,3,1,0
114586,10,1,7,4,0,4,1,0
114587,10,2,7,NULL,1,2,0,1
114588,10,1,7,3,1,4,1,0
114589,11,1,7,4,0,4,1,0
114590,10,1,7,3,1,4,1,0
114591,9,2,7,NULL,1,1,0,1
114593,9,1,6,3,1,4,1,0
114594,10,1,7,NULL,1,2,0,1
114595,10,1,7,2,0,4,1,0
114596,3,1,1,4,0,3,1,0
114599,4,1,1,4,0,4,1,0
114601,4,1,1,4,0,3,1,0
114603,4,1,1,3,0,3,1,0
114604,4,1,1,4,0,2,0,0
114605,4,1,1,4,0,4,1,0
114606,3,1,1,4,1,2,0,0
114611,4,2,1,4,0,4,1,0
114613,3,1,1,4,0,4,1,0
114614,4,1,1,3,1,3,1,0
114616,4,2,1,4,0,3,1,0
114617,4,1,1,3,0,2,0,0
114618,3,1,1,3,1,3,1,0
114620,4,1,1,3,0,3,1,0
114621,4,2,1,4,1,4,1,0
114622,4,1,1,4,1,3,1,0
114623,4,1,1,4,0,3,1,0
114624,4,2,1,3,1,3,1,0
114626,4,2,1,4,0,4,1,0
114628,4,1,1,4,1,3,1,0
114629,4,2,1,3,1,2,0,0
114630,4,2,1,4,0,3,1,0
114631,5,2,2,3,1,4,1,0
114633,5,1,2,4,0,4,1,0
114634,5,1,2,4,1,4,1,0
114635,5,1,2,2,0,3,1,0
114637,5,2,2,3,0,3,1,0
114638,5,1,2,4,0,3,1,0
114639,5,1,2,4,0,4,1,0
114640,5,2,2,4,0,3,1,0
114641,4,1,2,4,0,4,1,0
114643,5,2,2,4,1,3,1,0
114644,5,1,4,4,0,4,1,0
114647,5,1,2,4,1,3,1,0
114653,5,1,2,4,0,3,1,0
114656,5,2,2,4,1,3,1,0
114657,5,1,2,4,0,3,1,0
114660,5,2,2,4,1,3,1,0
114663,4,2,2,3,0,3,1,0
114664,5,2,2,4,0,4,1,0
114666,5,2,2,4,0,4,1,0
114668,5,2,2,4,0,4,1,0
114669,5,1,2,4,1,4,1,0
114673,5,2,2,4,0,4,1,0
114678,6,2,3,4,1,3,1,0
114682,5,2,3,4,0,3,1,0
114683,5,2,3,4,0,4,1,0
114687,6,1,3,3,1,3,1,0
114691,6,2,3,3,1,1,0,0
114693,6,2,3,NULL,1,3,1,1
114694,6,2,3,3,1,3,1,0
114712,6,1,3,4,1,4,1,0
114714,6,2,3,NULL,1,4,1,1
114715,7,1,4,NULL,0,2,0,1
114716,6,1,4,NULL,0,3,1,1
114717,7,1,4,3,0,4,1,0
114718,8,1,4,4,0,1,0,0
114719,7,2,4,3,1,2,0,0
114720,7,2,4,NULL,1,4,1,1
114721,6,1,4,NULL,0,2,0,1
114722,6,2,4,NULL,1,1,0,1
114724,7,2,4,4,0,4,1,0
114725,7,1,4,NULL,1,2,0,1
114730,6,2,4,NULL,0,2,0,1
114732,7,1,4,4,1,4,1,0
114733,7,2,4,3,0,4,1,0
114734,7,2,4,NULL,1,3,1,1
114735,7,1,4,4,0,3,1,0
114736,6,2,4,2,1,3,1,0
114737,6,2,4,4,0,2,0,0
114738,6,2,4,4,0,4,1,0
114739,7,2,4,NULL,0,2,0,1
114740,8,2,5,NULL,0,3,1,1
114741,8,1,5,NULL,1,1,0,1
114742,8,2,5,NULL,1,4,1,1
114743,8,1,5,NULL,0,2,0,1
114744,8,1,5,4,0,3,1,0
114745,7,2,5,NULL,1,3,1,1
114747,7,1,5,4,0,4,1,0
114748,8,1,5,4,0,4,1,0
114749,7,1,5,NULL,1,1,0,1
114750,8,1,5,4,1,3,1,0
114751,8,1,5,NULL,1,2,0,1
114752,8,1,5,4,0,4,1,0
114754,8,1,5,4,0,3,1,0
114755,8,2,5,3,0,3,1,0
114756,9,2,5,4,1,3,1,0
114757,7,2,5,NULL,0,3,1,1
114758,9,2,6,3,1,3,1,0
114759,9,2,6,2,0,3,1,0
114760,8,2,6,NULL,0,3,1,1
114761,8,1,6,NULL,0,2,0,1
114762,9,2,6,4,0,1,0,0
114763,8,2,6,4,1,3,1,0
114764,9,2,6,NULL,1,3,1,1
114765,9,1,6,NULL,0,3,1,1
114767,9,2,6,4,0,2,0,0
114768,8,2,6,3,1,3,1,0
114769,9,1,6,4,0,3,1,0
114771,9,2,6,NULL,1,4,1,1
114772,8,2,6,NULL,0,3,1,1
114773,8,2,6,4,0,3,1,0
114774,10,1,6,2,1,4,1,0
114775,8,2,6,4,1,3,1,0
114776,9,2,6,4,1,2,0,0
114777,9,1,6,NULL,0,4,1,1
114778,8,1,6,4,1,1,0,0
114779,8,1,6,NULL,0,3,1,1
114780,8,1,6,3,1,3,1,0
114781,8,1,6,NULL,0,4,1,1
114782,9,1,6,NULL,0,2,0,1
114783,9,2,7,4,0,3,1,0
114784,10,1,7,NULL,1,4,1,1
114785,9,2,7,NULL,1,3,1,1
114788,10,1,7,3,0,3,1,0
114789,10,1,7,NULL,1,4,1,1
114790,10,1,7,3,1,3,1,0
114792,9,2,7,NULL,1,3,1,1
114796,9,1,7,3,0,3,1,0
114797,10,1,7,3,0,4,1,0
114798,10,2,7,NULL,1,4,1,1
114799,9,2,7,4,0,4,1,0
114802,10,1,7,NULL,1,3,1,1
114803,10,1,7,3,1,1,0,0
114804,9,1,7,4,0,4,1,0
114805,10,2,7,3,0,4,1,0
114806,9,2,7,4,0,4,1,0
114807,9,1,7,NULL,0,3,1,1
114808,9,1,7,NULL,0,3,1,1
114810,10,2,7,3,0,4,1,0
114811,9,2,7,3,0,3,1,0
114812,10,2,7,4,1,3,1,0
114813,9,2,7,NULL,1,4,1,1
114814,10,1,7,2,1,3,1,0
114815,10,2,7,3,1,3,1,0
114816,10,2,7,2,0,3,1,0
114819,9,2,7,3,0,3,1,0
114820,10,1,7,3,1,3,1,0
114821,9,2,7,4,0,2,0,0
114822,9,1,7,NULL,1,4,1,1
114823,10,2,7,NULL,1,3,1,1
114824,9,2,7,4,0,4,1,0
114825,10,1,7,3,1,2,0,0
114826,10,2,7,4,0,4,1,0
114827,9,1,7,NULL,1,3,1,1
114828,4,2,1,4,1,4,1,0
114829,5,1,1,4,0,4,1,0
114831,4,1,1,4,1,3,1,0
114834,3,2,1,4,0,4,1,0
114835,5,2,1,3,1,1,0,0
114836,3,2,1,2,0,4,1,0
114837,3,1,1,4,0,4,1,0
114838,4,1,1,3,1,4,1,0
114839,4,1,1,4,1,4,1,0
114840,3,1,1,4,0,3,1,0
114841,4,1,1,4,0,3,1,0
114842,4,2,1,4,0,3,1,0
114843,4,1,1,4,0,4,1,0
114844,4,2,1,4,0,4,1,0
114845,3,1,1,4,1,3,1,0
114847,4,2,1,4,0,3,1,0
114848,5,1,3,4,0,3,1,0
114849,5,2,3,4,0,3,1,0
114851,5,2,3,4,1,4,1,0
114852,4,2,2,4,0,4,1,0
114853,6,2,3,NULL,0,2,0,1
114854,6,2,3,4,0,4,1,0
114855,6,1,3,4,1,3,1,0
114856,6,2,3,NULL,1,4,1,1
114857,6,2,3,4,0,3,1,0
114858,6,1,3,3,1,4,1,0
114859,5,2,3,3,1,3,1,0
114861,5,1,3,NULL,1,2,0,1
114862,5,1,3,4,0,3,1,0
114863,5,1,3,4,1,4,1,0
114864,5,2,3,NULL,1,4,1,0
114865,5,1,3,4,1,4,1,0
114866,6,2,3,4,1,4,1,0
114868,6,1,2,3,0,3,1,0
114870,5,2,3,2,1,2,0,0
114871,4,1,2,4,0,4,1,0
114873,4,1,2,4,0,3,1,0
114875,4,2,2,NULL,1,2,0,1
114876,5,1,2,3,0,4,1,0
114877,5,2,2,3,1,3,1,0
114878,4,1,2,4,0,4,1,0
114881,8,1,4,4,1,3,1,0
114882,6,1,4,4,0,4,1,0
114883,7,1,4,NULL,0,2,0,1
114884,7,2,4,4,1,2,0,0
114885,6,2,4,3,0,3,1,0
114887,7,1,4,4,1,4,1,0
114888,7,1,4,4,1,2,0,0
114889,7,2,4,4,0,3,1,0
114890,7,1,4,4,0,3,1,0
114891,7,1,4,3,1,4,1,0
114892,7,2,4,NULL,1,3,1,1
114893,6,2,4,2,0,4,1,0
114894,7,2,4,4,0,3,1,0
114895,8,2,4,3,0,3,1,0
114896,8,2,4,NULL,1,3,1,1
114897,6,2,4,4,1,3,1,0
114898,7,2,4,4,1,3,1,0
114899,6,1,4,NULL,1,3,1,1
114900,7,1,5,4,0,4,1,0
114901,7,1,5,3,1,3,1,0
114902,8,2,5,3,0,1,0,0
114903,9,2,5,NULL,0,3,1,1
114904,7,2,5,4,0,1,0,0
114905,8,1,5,NULL,1,4,1,1
114906,7,1,5,NULL,1,4,1,1
114907,9,1,5,3,1,2,0,0
114908,8,2,5,NULL,1,4,1,1
114909,8,2,5,4,0,4,1,0
114910,7,2,5,NULL,0,2,0,1
114911,8,1,5,3,0,4,1,0
114912,8,1,5,4,0,2,0,0
114914,7,2,4,NULL,1,2,0,1
114915,7,2,5,3,0,2,0,0
114916,7,2,5,4,1,4,1,0
114917,9,1,5,4,0,3,1,0
114918,10,2,6,3,0,4,1,0
114920,10,1,7,3,0,3,1,0
114921,9,2,7,4,1,4,1,0
114922,9,1,6,3,1,4,1,0
114924,9,1,6,4,1,3,1,0
114925,9,2,6,4,0,4,1,0
114926,8,2,6,NULL,0,2,0,1
114927,9,2,6,NULL,1,3,1,1
114928,11,2,7,NULL,1,4,1,1
114930,10,1,7,4,0,1,0,0
114932,9,2,7,NULL,0,3,1,1
114933,10,1,7,4,0,4,1,0
114934,1,1,7,NULL,1,2,0,1
114935,10,1,7,4,0,3,1,0
114936,6,2,4,NULL,1,2,0,1
114937,9,1,7,4,0,2,0,0
114938,9,2,7,2,1,1,0,0
114939,10,1,7,NULL,0,3,1,1
114940,10,2,7,NULL,1,3,1,1
114941,9,1,7,4,0,4,1,0
114942,11,1,7,4,0,4,1,0
114943,10,2,7,NULL,0,2,0,1
114944,10,1,7,3,1,2,0,0
114945,10,1,7,NULL,0,3,1,1
114948,9,2,7,4,0,3,1,0
114950,9,1,7,NULL,1,4,1,1
114951,11,1,7,3,1,3,1,0
114952,11,1,7,4,1,3,1,0
114953,10,1,7,NULL,0,4,1,1
114957,4,1,2,2,1,2,0,0
114959,4,2,2,4,0,3,1,0
114960,5,2,2,4,0,4,1,0
114962,6,2,3,3,0,2,0,0
114963,6,1,3,3,0,2,0,0
114965,6,2,3,4,0,3,1,0
114966,5,2,2,4,0,4,1,0
114967,5,1,2,4,0,4,1,0
114968,4,2,2,4,0,3,1,0
114969,6,1,3,4,1,3,1,0
114971,4,2,2,NULL,0,2,0,1
114972,5,1,2,4,0,4,1,0
114973,5,2,2,4,0,4,1,0
114974,4,1,2,4,0,4,1,0
114975,5,1,2,4,0,2,0,0
114976,5,1,2,4,1,3,1,0
114977,5,2,2,4,0,3,1,0
114978,4,2,2,4,0,4,1,0
114979,5,2,2,4,0,4,1,0
114980,5,2,3,4,0,4,1,0
114981,6,2,3,NULL,0,2,0,1
114982,6,1,3,3,1,3,1,0
114983,5,2,2,2,1,4,1,0
114984,5,2,3,NULL,1,3,1,1
114985,5,2,3,4,0,4,1,0
114986,4,1,2,4,0,2,0,0
114987,5,2,3,4,0,4,1,0
114988,5,2,2,4,1,4,1,0
114990,5,1,2,4,1,4,1,0
114991,4,1,2,4,0,3,1,0
114992,5,1,3,NULL,0,1,0,1
114993,6,2,3,4,0,4,1,0
114995,6,2,3,NULL,0,3,1,1
114996,6,2,3,3,1,4,1,0
114997,6,2,3,4,0,3,1,0
114999,6,1,3,4,0,3,1,0
115001,5,2,3,3,0,4,1,0
115002,5,2,2,4,0,4,1,0
115003,5,2,2,2,1,3,1,0
115004,6,2,3,4,0,3,1,0
115005,6,1,3,4,0,3,1,0
115006,4,1,2,3,0,3,1,0
115007,6,1,3,3,1,2,0,0
115008,4,2,2,4,0,4,1,0
115009,5,2,3,4,0,4,1,0
115010,4,1,2,4,0,4,1,0
115011,4,2,2,3,1,1,0,0
115012,6,1,3,3,0,3,1,0
115013,5,2,2,4,0,3,1,0
115014,5,2,2,NULL,1,3,1,1
115015,5,2,2,3,1,3,1,0
115016,5,1,2,NULL,0,3,1,1
115017,4,2,2,4,0,4,1,0
115018,4,2,2,3,0,2,0,0
115019,5,2,2,3,0,3,1,0
115020,5,2,2,NULL,1,3,1,1
115021,6,1,2,4,0,4,1,0
115022,5,1,2,4,0,4,1,0
115023,6,2,3,3,0,2,0,0
115025,5,2,2,NULL,1,3,1,1
115026,4,2,2,3,0,2,0,0
115028,6,1,3,3,0,4,1,0
115029,6,1,2,4,0,3,1,0
115030,5,2,2,4,1,3,1,0
115031,5,2,2,3,1,4,1,0
115033,6,1,3,4,1,4,1,0
115034,5,2,2,4,0,4,1,0
115035,8,2,5,4,1,2,0,0
115036,6,2,4,4,0,4,1,0
115037,6,1,4,4,0,4,1,0
115038,7,2,4,4,0,4,1,0
115040,7,1,4,4,0,4,1,0
115042,7,2,4,4,0,4,1,0
115043,7,2,4,4,0,4,1,0
115044,7,1,4,4,0,3,1,0
115045,8,1,4,4,0,3,1,0
115046,7,1,4,3,0,3,1,0
115048,6,1,4,4,0,3,1,0
115049,8,2,4,NULL,0,3,1,1
115050,6,2,4,4,0,3,1,0
115051,8,2,4,NULL,0,4,1,1
115052,7,1,4,4,0,4,1,0
115053,8,2,4,2,0,4,1,0
115054,7,2,4,4,1,4,1,0
115055,7,2,4,4,0,4,1,0
115056,7,2,4,NULL,0,2,0,1
115057,8,1,5,3,1,2,0,0
115058,8,2,5,NULL,1,4,1,1
115059,8,2,5,NULL,1,3,1,1
115060,7,1,5,4,0,3,1,0
115062,7,2,5,3,1,3,1,0
115065,8,1,5,4,0,4,1,0
115066,10,1,7,4,0,4,1,0
115067,8,1,6,NULL,0,4,1,1
115068,8,2,6,4,1,4,1,0
115069,9,1,6,NULL,1,3,1,1
115070,8,2,6,4,1,4,1,0
115072,9,1,6,4,0,4,1,0
115073,9,1,5,2,0,2,0,0
115076,9,1,6,NULL,1,3,1,1
115077,10,1,6,4,0,3,1,0
115078,9,1,6,1,1,1,0,0
115079,9,1,6,4,0,4,1,0
115080,9,1,5,4,0,3,1,0
115081,10,1,6,4,0,4,1,0
115082,10,1,6,4,0,4,1,0
115083,4,2,1,3,0,4,1,0
115084,3,2,1,4,0,3,1,0
115085,4,1,1,4,0,3,1,0
115086,4,2,1,4,1,3,1,0
115087,4,1,1,4,1,4,1,0
115089,3,1,1,4,0,4,1,0
115090,3,1,1,4,0,4,1,0
115092,4,2,1,4,0,4,1,0
115093,3,1,1,3,1,3,1,0
115094,4,1,1,2,0,2,0,0
115095,4,1,1,4,0,4,1,0
115097,3,1,1,3,0,3,1,0
115100,4,2,1,4,0,3,1,0
115101,4,2,1,3,0,4,1,0
115102,4,1,2,NULL,1,4,1,1
115103,4,2,2,4,0,3,1,0
115104,5,2,2,4,0,4,1,0
115105,5,1,2,NULL,1,2,0,1
115106,4,2,2,4,0,4,1,0
115107,5,1,2,4,1,3,1,0
115109,4,2,2,3,0,3,1,0
115110,4,1,2,4,1,4,1,0
115111,5,2,2,4,0,4,1,0
115112,4,2,2,3,1,2,0,0
115113,4,1,2,4,0,4,1,0
115114,5,1,2,4,0,4,1,0
115115,5,1,2,4,1,4,1,0
115116,4,2,2,4,0,4,1,0
115117,4,2,2,4,1,3,1,0
115119,4,2,2,4,1,4,1,0
115120,4,2,2,2,1,4,1,0
115123,4,1,2,4,0,4,1,0
115124,4,2,2,4,1,4,1,0
115126,5,2,3,4,0,3,1,0
115130,6,2,3,4,1,3,1,0
115131,5,1,3,4,0,4,1,0
115132,5,2,2,4,0,4,1,0
115133,5,1,3,4,0,4,1,0
115134,5,1,3,NULL,1,3,1,1
115135,5,1,3,4,1,3,1,0
115136,5,1,3,4,1,4,1,0
115138,6,1,3,4,0,4,1,0
115139,5,1,3,4,1,3,1,0
115140,5,1,3,NULL,0,4,1,1
115141,5,2,3,NULL,0,2,0,1
115142,5,1,3,4,1,3,1,0
115143,5,2,3,4,0,3,1,0
115144,7,2,3,NULL,1,3,1,1
115145,6,2,3,4,0,4,1,0
115146,6,2,3,4,1,2,0,0
115147,4,2,1,4,0,3,1,0
115148,4,2,1,4,0,4,1,0
115149,3,2,1,3,0,3,1,0
115150,5,2,1,3,0,4,1,0
115151,3,2,1,4,0,4,1,0
115152,4,2,1,4,0,4,1,0
115153,4,1,1,3,0,3,1,0
115154,4,2,1,4,0,3,1,0
115155,4,1,1,3,0,2,0,0
115156,4,1,1,4,0,4,1,0
115157,4,1,1,4,0,4,1,0
115159,5,1,2,4,0,4,1,0
115160,5,2,2,4,0,4,1,0
115161,4,2,2,4,0,3,1,0
115163,4,2,2,3,1,4,1,0
115164,4,2,2,3,0,2,0,0
115165,5,2,2,2,0,2,0,0
115166,4,2,2,4,0,4,1,0
115168,5,1,2,3,0,3,1,0
115169,4,2,2,4,1,3,1,0
115170,5,1,2,4,0,4,1,0
115171,6,1,3,4,0,4,1,0
115173,5,1,3,4,0,3,1,0
115174,6,1,3,4,0,4,1,0
115175,6,1,3,4,0,4,1,0
115176,6,1,3,4,0,4,1,0
115177,6,1,3,4,0,4,1,0
115178,5,2,3,3,0,3,1,0
115179,6,1,3,4,0,4,1,0
115180,5,2,3,4,0,3,1,0
115182,6,1,4,4,0,4,1,0
115184,7,1,4,4,0,4,1,0
115185,8,2,5,NULL,1,4,1,1
115186,7,2,4,NULL,1,4,1,1
115187,7,1,4,4,0,4,1,0
115188,7,2,4,4,0,4,1,0
115189,7,2,4,4,0,3,1,0
115190,7,1,4,4,0,4,1,0
115191,7,1,4,NULL,0,2,0,1
115194,6,2,4,3,1,3,1,0
115196,7,1,4,NULL,0,3,1,1
115197,7,1,4,NULL,1,3,1,1
115198,7,1,4,4,0,4,1,0
115199,7,1,4,3,0,3,1,0
115204,7,2,4,4,0,3,1,0
115206,7,1,4,3,1,4,1,0
115207,7,1,4,3,0,3,1,0
115208,6,1,4,NULL,0,3,1,1
115209,6,2,4,4,0,4,1,0
115210,6,1,4,NULL,0,4,1,1
115211,6,2,4,4,0,4,1,0
115212,7,2,4,4,0,3,1,0
115213,6,1,4,4,1,3,1,0
115214,7,2,4,3,0,4,1,0
115215,7,2,4,4,0,4,1,0
115216,7,2,4,4,0,4,1,0
115217,6,1,4,4,0,4,1,0
115218,9,1,4,NULL,1,4,1,1
115219,7,2,4,NULL,0,2,0,1
115220,6,1,4,NULL,1,2,0,1
115221,8,1,4,4,1,3,1,0
115222,8,2,5,4,0,4,1,0
115223,6,2,4,3,0,2,0,0
115224,7,2,4,4,1,4,1,0
115225,6,2,4,NULL,0,3,1,1
115226,7,2,4,NULL,0,4,1,1
115227,7,1,4,4,1,4,1,0
115228,8,2,5,4,0,4,1,0
115229,7,2,5,4,0,3,1,0
115230,8,1,5,NULL,1,3,1,1
115231,7,2,5,4,0,3,1,0
115232,8,2,5,4,0,2,0,0
115233,8,1,5,3,0,4,1,0
115234,7,2,5,3,1,4,1,0
115235,7,2,5,4,0,4,1,0
115236,8,1,5,3,1,3,1,0
115237,8,2,5,3,0,2,0,0
115238,9,1,5,3,0,3,1,0
115240,7,2,5,4,1,3,1,0
115241,7,2,5,3,0,3,1,0
115242,8,2,5,NULL,0,3,1,1
115243,8,1,5,4,0,4,1,0
115244,7,2,5,4,0,3,1,0
115245,8,2,5,3,0,2,0,0
115246,8,2,5,2,0,2,0,0
115247,7,2,5,4,0,4,1,0
115248,8,2,5,3,0,3,1,0
115249,8,2,5,4,1,4,1,0
115250,8,2,5,3,0,4,1,0
115251,7,1,5,NULL,0,2,0,1
115252,9,1,5,NULL,1,2,0,1
115253,8,1,5,NULL,1,2,0,1
115254,8,2,5,4,1,3,1,0
115255,7,2,5,4,1,3,1,0
115258,7,1,5,3,0,2,0,0
115259,7,1,5,2,1,2,0,0
115260,7,2,5,3,0,2,0,0
115261,7,1,5,4,0,4,1,0
115262,7,1,5,NULL,1,3,1,1
115264,7,2,5,NULL,1,4,1,1
115265,6,1,4,4,1,4,1,0
115266,9,1,5,NULL,1,3,1,1
115267,8,1,5,3,0,4,1,0
115268,7,2,5,4,1,4,1,0
115269,8,1,5,3,0,2,0,0
115270,8,2,6,NULL,1,3,1,1
115271,8,2,6,4,0,4,1,0
115272,9,2,6,NULL,0,3,1,1
115273,9,2,6,4,0,3,1,0
115274,8,2,6,4,0,4,1,0
115275,9,1,6,4,0,4,1,0
115276,9,2,6,4,0,4,1,0
115277,8,2,6,NULL,0,3,1,1
115278,8,2,6,4,0,3,1,0
115279,8,2,6,NULL,0,4,1,1
115280,9,1,6,4,0,4,1,0
115281,8,2,6,3,1,4,1,0
115282,8,1,6,NULL,0,3,1,1
115283,8,2,6,4,0,4,1,0
115284,9,2,6,2,1,2,0,0
115285,9,1,6,4,0,3,1,0
115286,9,2,6,NULL,1,3,1,1
115287,8,2,6,4,0,3,1,0
115288,8,2,6,NULL,0,2,0,1
115289,9,2,6,3,0,3,1,0
115290,9,1,6,NULL,1,3,1,1
115291,8,1,6,3,0,2,0,0
115292,9,2,6,4,1,4,1,0
115293,8,2,6,2,1,3,1,0
115294,9,2,6,4,0,4,1,0
115295,9,2,6,4,0,2,0,0
115296,9,2,6,NULL,0,3,1,1
115297,8,2,6,3,0,3,1,0
115298,9,2,6,4,1,4,1,0
115299,8,1,6,4,0,4,1,0
115300,8,2,6,NULL,0,4,1,1
115301,9,2,6,NULL,1,3,1,1
115302,9,1,6,4,0,3,1,0
115303,9,1,6,NULL,0,4,1,1
115304,9,2,6,3,0,4,1,0
115305,9,1,6,4,0,3,1,0
115306,9,2,6,NULL,0,4,1,1
115307,9,2,6,3,0,2,0,0
115308,8,2,6,NULL,1,2,0,1
115309,8,2,6,NULL,0,3,1,1
115310,8,2,6,NULL,0,4,1,1
115312,9,2,6,3,0,3,1,0
115313,9,2,6,4,0,3,1,0
115314,8,2,6,4,0,4,1,0
115315,9,2,6,NULL,1,4,1,1
115316,8,2,6,NULL,1,3,1,1
115317,9,2,6,NULL,1,3,1,1
115318,9,2,7,NULL,0,3,1,1
115319,9,1,7,NULL,1,4,1,1
115320,9,2,7,NULL,0,4,1,1
115321,10,1,7,3,0,2,0,0
115322,10,2,7,NULL,0,4,1,1
115323,9,1,7,4,0,3,1,0
115324,9,2,7,NULL,0,4,1,1
115325,9,1,7,4,0,3,1,0
115326,9,2,7,NULL,1,3,1,1
115327,9,1,7,4,0,3,1,0
115328,10,1,7,4,0,4,1,0
115329,10,2,7,NULL,0,3,1,1
115330,10,1,7,NULL,0,1,0,1
115332,10,2,7,NULL,0,3,1,1
115333,10,2,7,NULL,0,2,0,1
115335,9,2,6,4,0,3,1,0
115336,8,2,6,NULL,1,3,1,1
115337,7,2,5,4,1,4,1,0
115338,10,1,7,4,0,3,1,0
115339,9,2,6,NULL,1,4,1,1
115340,7,2,5,NULL,1,3,1,1
115344,8,2,5,4,0,4,1,0
115345,9,2,6,3,0,3,1,0
115346,8,2,5,3,0,4,1,0
115347,10,1,7,NULL,0,4,1,1
115348,9,2,6,NULL,1,3,1,1
115349,8,1,6,3,0,4,1,0
115350,7,1,5,4,0,2,0,0
115352,8,2,6,2,1,4,1,0
115353,8,2,5,4,1,4,1,0
115354,3,1,1,4,1,3,1,0
115355,3,1,1,NULL,1,2,0,1
115357,3,2,1,4,0,4,1,0
115358,4,2,1,4,1,4,1,0
115359,4,1,1,4,0,2,0,0
115360,3,2,1,4,0,4,1,0
115361,3,1,1,4,0,3,1,0
115362,3,1,1,4,0,2,0,0
115363,4,2,1,4,0,3,1,0
115365,4,1,1,2,1,2,0,0
115366,4,2,1,4,1,3,1,0
115369,4,1,1,4,0,4,1,0
115370,3,1,1,4,1,4,1,0
115372,4,1,1,4,0,3,1,0
115373,4,1,1,4,1,3,1,0
115374,3,1,1,4,0,3,1,0
115375,3,1,1,3,0,3,1,0
115376,3,2,1,3,0,2,0,0
115377,3,1,1,4,1,3,1,0
115378,4,2,1,4,0,4,1,0
115379,3,2,1,4,0,3,1,0
115380,3,2,1,2,1,2,0,0
115381,3,2,1,NULL,1,3,1,1
115382,4,2,1,4,1,3,1,0
115384,3,2,1,3,1,4,1,0
115385,4,2,1,4,0,4,1,0
115386,3,1,1,4,1,3,1,0
115387,3,2,1,4,0,3,1,0
115389,3,1,1,4,0,3,1,0
115390,3,1,1,4,0,3,1,0
115391,4,1,1,4,0,4,1,0
115392,3,1,1,4,0,3,1,0
115393,3,1,1,3,0,3,1,0
115394,3,2,1,4,0,3,1,0
115395,3,2,1,4,0,4,1,0
115396,4,2,1,NULL,1,3,1,1
115397,4,2,2,4,0,4,1,0
115398,4,2,2,3,0,3,1,0
115399,4,1,2,4,1,3,1,0
115400,4,1,2,4,0,3,1,0
115401,4,1,2,4,0,3,1,0
115402,4,2,2,3,0,2,0,0
115404,5,1,2,4,0,4,1,0
115405,5,1,2,4,0,3,1,0
115406,4,1,2,3,0,4,1,0
115407,4,2,2,3,1,2,0,0
115408,4,2,2,4,0,3,1,0
115409,4,2,2,3,0,3,1,0
115411,4,1,2,4,0,3,1,0
115412,4,2,2,4,0,3,1,0
115413,5,1,2,3,0,4,1,0
115414,5,2,2,3,0,1,0,0
115415,5,2,2,2,1,2,0,0
115416,4,2,2,3,0,2,0,0
115417,5,2,2,3,0,2,0,0
115418,4,2,2,4,0,4,1,0
115420,4,1,2,4,0,3,1,0
115421,5,2,2,3,0,3,1,0
115422,5,1,2,4,0,4,1,0
115423,5,2,2,4,0,3,1,0
115424,4,1,2,4,1,4,1,0
115425,5,1,2,3,0,4,1,0
115426,5,2,3,4,0,3,1,0
115427,5,2,2,NULL,0,1,0,1
115428,4,2,2,4,1,3,1,0
115429,5,1,2,3,0,2,0,0
115430,5,2,2,4,0,3,1,0
115431,5,1,2,4,1,4,1,0
115433,5,1,2,4,0,3,1,0
115434,4,2,2,4,0,3,1,0
115436,5,2,2,4,0,3,1,0
115438,4,2,2,4,1,2,0,0
115439,6,1,2,NULL,0,4,1,1
115440,5,2,2,4,1,4,1,0
115441,5,1,2,4,0,4,1,0
115442,4,1,2,4,1,3,1,0
115443,5,2,2,3,1,3,1,0
115444,5,1,2,4,0,4,1,0
115446,4,2,2,NULL,0,3,1,1
115447,5,2,3,NULL,1,1,0,1
115448,6,2,3,2,0,3,1,0
115449,5,1,3,4,0,3,1,0
115450,6,2,3,4,0,1,0,0
115451,6,2,3,4,1,3,1,0
115452,5,1,3,3,1,3,1,0
115453,5,1,3,2,0,2,0,0
115454,6,1,3,3,0,3,1,0
115455,6,1,3,4,1,3,1,0
115456,5,2,3,4,0,4,1,0
115457,5,2,3,4,0,3,1,0
115458,6,1,3,4,0,3,1,0
115459,6,2,3,4,1,3,1,0
115460,5,1,3,4,0,3,1,0
115461,7,2,3,NULL,1,3,1,1
115462,5,1,3,4,1,2,0,0
115463,5,2,3,3,0,3,1,0
115465,5,2,3,3,0,3,1,0
115466,6,1,3,NULL,0,4,1,1
115467,6,2,3,4,0,4,1,0
115468,5,2,3,4,0,3,1,0
115469,5,2,3,4,1,4,1,0
115470,6,1,3,4,0,4,1,0
115471,5,2,3,3,1,3,1,0
115472,5,1,3,3,1,3,1,0
115473,6,1,3,4,0,4,1,0
115474,5,2,3,4,0,4,1,0
115475,6,2,3,3,1,3,1,0
115476,6,1,3,4,0,3,1,0
115477,5,2,3,4,0,4,1,0
115478,6,1,3,4,0,3,1,0
115479,6,1,3,3,1,2,0,0
115480,6,1,3,NULL,1,2,0,1
115481,5,2,3,4,0,4,1,0
115483,5,2,3,4,1,3,1,0
115484,5,1,3,4,0,4,1,0
115485,5,2,3,3,0,2,0,0
115486,5,2,3,NULL,0,4,1,1
115487,6,1,3,NULL,1,2,0,1
115488,5,1,3,4,0,3,1,0
115489,5,2,3,3,0,3,1,0
115490,5,1,3,4,0,4,1,0
115491,7,1,3,4,0,4,1,0
115492,6,1,3,4,0,4,1,0
115493,6,1,3,3,0,4,1,0
115494,5,1,3,4,1,3,1,0
115495,5,2,3,NULL,0,2,0,1
115496,5,1,3,NULL,1,3,1,1
115497,6,2,3,4,0,3,1,0
115498,5,1,3,4,0,4,1,0
115499,5,2,3,4,0,3,1,0
115500,5,1,3,3,0,4,1,0
115501,5,2,3,2,1,3,1,0
115503,6,2,3,NULL,1,3,1,1
115504,6,1,3,NULL,1,2,0,1
115506,6,1,3,NULL,1,2,0,1
115507,5,2,3,NULL,1,2,0,1
115508,6,2,4,4,0,4,1,0
115509,7,1,4,4,1,4,1,0
115510,6,2,4,4,1,3,1,0
115511,6,2,4,NULL,1,2,0,1
115512,8,2,5,NULL,0,4,1,1
115513,8,1,5,4,0,4,1,0
115514,9,2,5,3,1,3,1,0
115515,8,2,5,4,1,4,1,0
115516,7,1,5,4,0,3,1,0
115517,8,1,5,3,1,4,1,0
115518,8,2,5,4,0,4,1,0
115519,9,2,5,NULL,1,3,1,1
115520,8,2,5,4,0,4,1,0
115521,8,2,5,4,1,4,1,0
115522,9,2,5,4,1,2,0,0
115523,7,2,5,NULL,0,3,1,1
115524,7,2,5,4,1,4,1,0
115525,7,2,5,4,0,4,1,0
115526,9,1,6,4,0,4,1,0
115527,9,2,6,4,0,2,0,0
115528,9,2,6,2,1,3,1,0
115529,9,2,6,4,0,4,1,0
115530,9,2,6,3,1,3,1,0
115531,9,2,6,4,1,3,1,0
115532,9,2,6,2,1,4,1,0
115533,9,2,6,4,0,3,1,0
115534,8,2,6,2,1,3,1,0
115535,9,1,6,4,0,3,1,0
115536,9,2,6,4,0,4,1,0
115537,9,2,6,NULL,0,3,1,1
115538,9,1,6,4,1,4,1,0
115539,9,2,6,NULL,0,4,1,1
115540,10,1,7,3,0,3,1,0
115542,9,2,7,3,0,3,1,0
115543,10,1,7,4,0,3,1,0
115544,9,1,7,4,0,3,1,0
115545,10,2,7,NULL,1,3,1,1
115546,9,1,6,NULL,0,2,0,0
115547,9,2,7,4,1,3,1,0
115548,9,2,7,3,0,4,1,0
115549,10,1,7,4,0,3,1,0
115550,10,2,7,4,0,4,1,0
115551,9,2,7,4,0,4,1,0
115552,3,2,1,4,0,4,1,0
115553,4,1,1,2,0,4,1,0
115554,3,2,1,3,1,3,1,0
115555,3,2,1,4,0,3,1,0
115556,3,2,1,4,0,3,1,0
115557,3,2,1,3,0,4,1,0
115558,4,1,1,3,0,3,1,0
115559,4,2,1,3,0,1,0,0
115560,3,2,1,4,0,4,1,0
115563,3,2,1,4,1,3,1,0
115565,4,1,1,4,1,4,1,0
115566,5,2,1,NULL,1,2,0,1
115567,3,2,1,4,0,3,1,0
115568,3,2,1,2,1,1,0,0
115569,3,2,1,4,0,4,1,0
115570,4,1,1,4,0,3,1,0
115571,4,2,1,4,0,3,1,0
115572,3,1,1,4,0,3,1,0
115573,3,2,1,4,0,4,1,0
115574,4,2,1,NULL,1,3,1,1
115575,3,1,1,4,0,4,1,0
115576,3,2,1,4,0,3,1,0
115578,4,1,1,4,1,3,1,0
115579,3,1,1,4,0,3,1,0
115580,3,2,1,NULL,0,3,1,0
115581,4,2,1,3,0,3,1,0
115582,4,1,1,4,0,3,1,0
115583,3,2,1,4,0,4,1,0
115584,3,2,1,4,0,3,1,0
115585,3,2,1,4,1,4,1,0
115586,5,2,2,4,0,3,1,0
115587,4,2,2,4,0,4,1,0
115588,5,1,2,4,0,4,1,0
115589,4,2,2,4,0,4,1,0
115590,4,2,2,4,0,2,0,0
115591,4,2,2,4,1,3,1,0
115592,4,2,2,3,0,3,1,0
115593,5,2,2,3,1,3,1,0
115595,3,2,2,4,0,4,1,0
115596,4,2,2,4,0,3,1,0
115597,4,2,2,4,0,4,1,0
115598,4,2,2,4,0,4,1,0
115599,5,1,2,4,0,1,0,0
115600,4,2,2,3,0,3,1,0
115601,5,1,2,4,0,4,1,0
115602,4,2,2,3,1,3,1,0
115603,4,2,2,4,0,3,1,0
115604,5,2,2,4,0,4,1,0
115606,4,1,2,4,1,4,1,0
115607,5,2,2,4,0,4,1,0
115608,4,2,2,4,0,3,1,0
115609,5,2,2,4,0,3,1,0
115610,4,1,2,3,0,2,0,0
115611,5,2,2,4,0,3,1,0
115612,5,1,2,4,0,2,0,0
115613,4,1,2,4,0,4,1,0
115614,5,2,2,4,1,4,1,0
115616,4,2,2,4,1,3,1,0
115617,4,1,2,4,0,2,0,0
115618,5,2,2,NULL,1,3,1,1
115619,4,2,2,4,0,4,1,0
115620,4,2,2,4,1,2,0,0
115621,4,2,2,3,0,3,1,0
115622,6,1,3,4,0,3,1,0
115623,6,1,3,4,0,4,1,0
115624,5,1,3,4,0,4,1,0
115626,5,1,3,2,0,2,0,0
115627,5,1,3,4,0,3,1,0
115628,5,1,3,4,0,3,1,0
115630,6,1,3,4,0,1,0,0
115631,5,1,3,3,0,3,1,0
115632,5,1,3,4,0,4,1,0
115633,6,1,3,NULL,0,2,0,1
115634,6,1,3,4,0,4,1,0
115635,5,1,3,4,0,1,0,0
115636,5,1,3,4,0,1,0,0
115637,6,1,3,4,0,3,1,0
115639,7,2,3,4,0,1,0,0
115641,6,2,3,4,1,4,1,0
115642,6,2,3,4,1,2,0,0
115645,6,2,3,4,0,4,1,0
115647,6,2,3,4,0,4,1,0
115648,5,2,3,3,1,2,0,0
115649,6,2,3,4,0,3,1,0
115650,5,2,3,4,0,1,0,0
115651,6,2,3,3,1,1,0,0
115652,5,2,3,3,0,2,0,0
115653,6,2,3,4,1,4,1,0
115654,5,2,3,4,1,4,1,0
115656,5,2,3,4,1,4,1,0
115657,4,1,1,4,1,3,1,0
115660,3,2,1,3,0,2,0,0
115661,3,1,1,4,0,4,1,0
115662,4,2,1,4,1,3,1,0
115663,4,2,1,4,1,3,1,0
115664,3,2,1,2,0,4,1,0
115665,4,2,1,4,1,2,0,0
115666,3,2,1,4,1,3,1,0
115667,3,2,1,NULL,0,4,1,1
115668,3,2,1,4,0,3,1,0
115669,3,2,1,4,1,1,0,0
115670,3,2,1,4,0,4,1,0
115675,5,2,2,NULL,1,3,1,1
115676,5,1,2,3,0,3,1,0
115678,5,1,2,3,0,4,1,0
115679,4,1,2,4,0,4,1,0
115680,4,1,2,4,1,4,1,0
115682,5,1,2,4,1,3,1,0
115684,5,2,2,4,0,2,0,0
115685,4,1,2,4,0,3,1,0
115686,6,1,2,4,0,4,1,0
115687,5,2,3,2,0,3,1,0
115688,6,1,3,4,1,2,0,0
115689,5,2,3,3,0,4,1,0
115691,6,1,3,4,0,4,1,0
115692,5,2,3,4,0,4,1,0
115693,5,2,3,4,0,4,1,0
115694,5,1,3,NULL,1,3,1,1
115695,5,1,3,4,0,3,1,0
115697,5,2,3,4,0,3,1,0
115698,6,2,3,4,0,4,1,0
115699,5,2,3,NULL,1,4,1,1
115700,5,2,3,4,0,4,1,0
115701,5,2,3,4,0,2,0,0
115702,5,2,3,4,1,4,1,0
115703,5,2,3,3,0,3,1,0
115704,6,2,3,2,0,4,1,0
115705,5,2,3,4,0,3,1,0
115706,5,2,3,NULL,1,4,1,1
115707,5,2,3,4,0,4,1,0
115708,5,1,3,4,0,4,1,0
115709,5,2,3,3,1,4,1,0
115710,6,2,4,3,1,4,1,0
115712,6,2,4,4,0,2,0,0
115713,7,2,4,NULL,1,3,1,1
115714,6,2,4,4,0,3,1,0
115715,6,2,4,4,0,4,1,0
115716,7,2,4,4,0,3,1,0
115717,7,2,4,NULL,1,2,0,1
115718,6,1,4,NULL,0,2,0,1
115719,6,2,4,4,0,4,1,0
115720,7,1,4,3,1,2,0,0
115721,7,1,5,3,0,3,1,0
115722,6,2,4,4,0,4,1,0
115723,6,1,4,4,1,4,1,0
115724,7,1,4,4,1,4,1,0
115725,7,2,4,NULL,1,2,0,1
115726,6,1,4,3,1,2,0,0
115727,8,2,5,4,1,3,1,0
115728,7,2,5,4,0,4,1,0
115729,8,1,5,NULL,1,3,1,1
115730,7,1,5,4,0,3,1,0
115731,7,2,5,2,0,3,1,0
115732,7,2,5,1,0,3,1,0
115733,7,2,5,4,0,3,1,0
115735,8,1,5,NULL,1,3,1,1
115736,8,2,5,3,1,4,1,0
115737,7,2,5,4,1,2,0,0
115738,7,2,5,4,0,4,1,0
115740,8,1,5,4,1,3,1,0
115741,7,2,5,4,0,4,1,0
115742,7,2,5,NULL,1,2,0,1
115744,7,1,4,NULL,0,1,0,1
115745,9,1,5,3,0,3,1,0
115746,8,2,5,2,1,3,1,0
115747,7,1,5,4,0,4,1,0
115748,9,2,6,NULL,0,3,1,1
115749,9,1,6,NULL,0,3,1,1
115750,8,1,6,4,0,3,1,0
115751,9,1,6,NULL,1,2,0,1
115752,8,1,6,NULL,1,4,1,1
115753,9,1,6,NULL,1,3,1,1
115754,9,2,6,4,1,3,1,0
115755,8,2,6,NULL,1,4,1,1
115756,9,1,6,3,0,3,1,0
115757,10,1,6,4,1,3,1,0
115758,8,2,6,4,0,4,1,0
115759,9,1,6,4,1,4,1,0
115760,8,2,6,4,0,3,1,0
115761,8,1,6,4,0,4,1,0
115762,8,1,6,4,0,4,1,0
115763,9,2,6,3,1,4,1,0
115764,8,2,6,4,0,4,1,0
115765,8,2,6,4,0,4,1,0
115767,8,2,6,NULL,0,4,1,1
115768,8,1,6,4,1,3,1,0
115769,9,2,6,NULL,1,3,1,1
115770,9,2,6,2,0,3,1,0
115771,8,1,6,4,0,3,1,0
115772,8,2,6,3,0,4,1,0
115773,10,2,7,3,0,3,1,0
115774,10,2,7,4,0,4,1,0
115775,9,1,7,3,0,2,0,0
115776,10,2,7,NULL,0,3,1,1
115777,10,1,7,NULL,1,4,1,1
115778,9,1,7,3,0,2,0,0
115779,10,2,7,4,0,4,1,0
115780,9,2,7,NULL,1,3,1,1
115781,9,2,7,NULL,0,4,1,1
115782,10,2,7,4,0,4,1,0
115783,9,2,7,4,0,4,1,0
115784,9,2,7,4,0,4,1,0
115785,10,2,7,4,0,3,1,0
115786,10,1,7,NULL,0,2,0,1
115787,10,2,7,NULL,0,3,1,1
115788,9,2,7,4,0,4,1,0
115789,10,1,7,3,0,4,1,0
115790,9,1,7,4,0,3,1,0
115791,10,1,7,NULL,0,3,1,1
115792,9,2,7,4,1,3,1,0
115793,10,2,7,NULL,1,3,1,1
115794,10,1,7,2,1,2,0,0
115795,9,2,7,2,0,4,1,0
115796,10,1,7,NULL,0,3,1,1
115797,7,1,4,3,1,4,1,0
115798,6,2,4,4,0,4,1,0
115799,6,2,4,4,0,2,0,0
115800,6,1,4,NULL,0,4,1,1
115801,8,2,6,NULL,1,3,1,1
115802,6,1,4,2,1,4,1,0
115803,7,2,4,2,1,3,1,0
115804,6,1,4,NULL,1,2,0,1
115805,6,1,4,NULL,1,1,0,1
115806,6,1,4,4,1,4,1,0
115807,6,2,4,4,1,4,1,0
115808,7,1,4,4,0,4,1,0
115810,6,2,4,4,0,4,1,0
115811,7,2,4,NULL,1,2,0,1
115812,6,2,4,4,1,4,1,0
115813,6,2,4,2,1,3,1,0
115814,9,1,5,3,1,3,1,0
115815,6,1,4,NULL,1,3,1,1
115816,6,2,4,3,1,3,1,0
115818,6,1,4,3,0,4,1,0
115819,6,1,4,NULL,0,4,1,1
115820,6,1,4,NULL,1,2,0,1
115821,7,1,5,4,0,3,1,0
115822,7,1,5,4,0,4,1,0
115823,7,1,5,NULL,0,3,1,1
115824,7,1,5,4,1,3,1,0
115825,8,1,5,3,1,4,1,0
115826,7,1,5,4,1,4,1,0
115827,7,2,5,4,0,4,1,0
115828,7,1,5,3,0,2,0,0
115829,7,1,5,2,0,2,0,0
115830,7,1,5,3,0,3,1,0
115831,7,2,5,NULL,1,2,0,1
115832,8,1,5,NULL,1,1,0,1
115833,7,1,5,3,0,2,0,0
115834,9,1,6,4,0,3,1,0
115835,8,2,5,NULL,1,4,1,1
115836,7,2,5,4,1,3,1,0
115837,7,1,5,2,0,3,1,0
115839,7,1,5,4,1,4,1,0
115840,7,2,5,NULL,1,3,1,1
115841,7,1,5,3,1,3,1,0
115842,8,2,5,NULL,1,2,0,1
115844,8,2,6,NULL,0,4,1,1
115845,9,1,6,4,1,3,1,0
115847,8,2,6,3,1,3,1,0
115848,8,1,6,4,0,3,1,0
115849,9,2,6,3,1,2,0,0
115851,7,2,5,NULL,0,3,1,1
115852,8,1,5,NULL,1,2,0,1
115853,8,1,6,4,0,3,1,0
115857,8,1,6,3,1,3,1,0
115858,8,1,6,NULL,0,3,1,1
115859,10,2,7,NULL,1,4,1,1
115860,8,1,6,2,0,3,1,0
115861,7,2,5,NULL,1,4,1,1
115862,9,1,6,3,1,4,1,0
115863,9,1,7,4,0,4,1,0
115864,9,1,6,3,1,4,1,0
115865,7,1,5,4,0,3,1,0
115867,9,1,6,4,0,3,1,0
115868,8,2,6,NULL,1,4,1,1
115869,8,1,6,4,0,2,0,0
115870,9,1,6,4,0,3,1,0
115871,9,1,7,NULL,1,3,1,1
115872,9,2,7,4,0,4,1,0
115874,10,2,7,4,0,4,1,0
115875,10,2,7,4,1,4,1,0
115876,1,2,1,4,0,4,1,0
115877,9,2,7,NULL,0,3,1,1
115878,10,2,7,4,0,4,1,0
115879,10,1,7,4,0,3,1,0
115880,9,2,7,3,1,3,1,0
115881,9,2,7,4,0,3,1,0
115882,9,2,7,NULL,1,3,1,1
115883,10,1,7,NULL,0,3,1,1
115884,9,1,7,NULL,0,3,1,1
115885,10,1,7,3,0,3,1,0
115887,9,2,7,4,1,4,1,0
115888,9,1,7,3,0,2,0,0
115889,9,1,7,4,0,3,1,0
115891,9,1,7,4,1,3,1,0
115892,7,1,4,4,0,2,0,0
115894,7,2,4,4,0,3,1,0
115895,7,1,4,3,0,3,1,0
115896,9,1,5,NULL,0,3,1,1
115897,6,1,4,4,1,3,1,0
115898,6,2,4,4,0,3,1,0
115899,7,2,4,NULL,0,4,1,1
115900,7,1,4,4,0,2,0,0
115901,8,1,4,NULL,1,1,0,1
115902,8,1,4,NULL,0,2,0,1
115903,6,2,4,4,0,3,1,0
115904,7,2,4,3,0,3,1,0
115905,6,1,4,NULL,0,4,1,1
115906,8,1,5,NULL,1,3,1,1
115908,8,1,4,2,1,4,1,0
115909,8,1,5,4,0,4,1,0
115910,10,1,5,NULL,0,2,0,1
115911,7,2,5,4,0,3,1,0
115912,8,1,5,4,0,3,1,0
115915,9,1,4,4,0,4,1,0
115916,8,1,4,NULL,0,3,1,1
115917,8,1,5,4,0,3,1,0
115919,8,1,5,3,0,3,1,0
115920,8,2,5,NULL,0,3,1,1
115921,8,1,5,4,0,4,1,0
115922,9,1,5,2,1,1,0,0
115923,8,2,5,3,0,3,1,0
115924,7,1,5,3,0,2,0,0
115925,9,1,6,4,0,3,1,0
115926,10,1,7,2,0,2,0,0
115928,9,2,6,3,0,3,1,0
115929,8,1,6,3,0,2,0,0
115930,9,2,6,4,1,3,1,0
115931,9,2,6,4,1,4,1,0
115932,11,1,7,3,0,2,0,0
115933,9,1,6,4,0,4,1,0
115935,9,2,6,4,0,4,1,0
115937,9,2,7,4,1,4,1,0
115938,10,1,7,NULL,1,3,1,1
115939,11,2,7,NULL,1,3,1,1
115940,10,1,7,3,0,4,1,0
115941,10,2,7,3,0,3,1,0
115942,7,2,4,NULL,0,3,1,1
115943,7,1,4,4,0,3,1,0
115944,6,2,4,NULL,1,2,0,1
115945,7,1,4,3,0,1,0,0
115946,7,1,4,3,1,4,1,0
115947,7,2,4,4,1,2,0,0
115948,7,2,4,4,0,3,1,0
115949,7,1,4,3,0,3,1,0
115950,6,1,4,3,0,4,1,0
115951,6,2,4,4,0,4,1,0
115952,7,1,4,4,1,4,1,0
115953,6,1,4,NULL,1,2,0,1
115954,6,2,4,3,0,3,1,0
115955,6,2,4,4,1,4,1,0
115956,7,1,4,4,0,3,1,0
115957,6,1,4,3,0,4,1,0
115958,7,1,4,NULL,1,2,0,1
115959,8,1,4,4,1,3,1,0
115960,7,1,4,NULL,1,3,1,1
115961,7,2,4,3,0,4,1,0
115964,6,2,4,3,1,3,1,0
115965,7,1,4,NULL,0,4,1,1
115966,7,2,4,4,0,1,0,0
115967,7,1,4,NULL,1,4,1,1
115969,6,2,4,4,0,4,1,0
115970,6,1,4,4,0,3,1,0
115971,7,2,4,4,1,4,1,0
115972,7,2,4,4,1,4,1,0
115973,6,2,4,3,1,3,1,0
115974,7,1,4,4,0,3,1,0
115975,6,2,4,4,0,4,1,0
115977,7,1,5,4,0,2,0,0
115978,8,2,5,4,0,4,1,0
115979,7,2,5,4,0,2,0,0
115980,7,1,5,4,0,2,0,0
115981,8,2,5,NULL,0,3,1,1
115982,8,1,5,4,1,4,1,0
115983,7,1,5,4,0,4,1,0
115984,7,1,5,4,0,4,1,0
115985,7,1,5,4,0,4,1,0
115986,8,2,5,NULL,1,2,0,1
115988,8,2,5,4,0,3,1,0
115989,7,2,5,4,0,4,1,0
115992,8,2,5,2,1,3,1,0
115993,9,1,5,NULL,0,4,1,1
115994,7,1,5,4,0,3,1,0
115995,8,1,5,4,0,3,1,0
115996,7,2,5,3,1,1,0,0
115997,8,2,5,4,0,4,1,0
115998,8,1,5,4,0,4,1,0
115999,7,2,5,2,1,3,1,0
116000,8,1,5,4,0,2,0,0
116001,7,1,5,4,0,3,1,0
116002,8,1,5,NULL,1,3,1,1
116003,8,1,5,4,0,4,1,0
116004,8,2,5,2,0,4,1,0
116005,7,2,5,4,0,4,1,0
116006,8,1,5,4,1,2,0,0
116008,8,1,5,4,0,1,0,0
116009,7,1,5,4,0,4,1,0
116010,7,1,5,4,0,4,1,0
116011,7,1,5,4,0,4,1,0
116012,8,1,6,4,1,4,1,0
116013,8,2,6,4,0,3,1,0
116014,8,1,6,3,0,2,0,0
116015,9,2,6,NULL,0,3,1,1
116016,8,2,6,2,1,3,1,0
116017,8,2,6,4,0,4,1,0
116018,8,1,6,3,1,4,1,0
116019,9,2,6,4,0,4,1,0
116020,9,2,6,3,1,3,1,0
116021,9,1,6,4,0,3,1,0
116022,8,1,6,4,0,3,1,0
116023,8,1,6,4,1,3,1,0
116024,8,2,6,NULL,1,4,1,1
116026,8,1,6,NULL,1,3,1,1
116027,9,1,6,4,1,2,0,0
116028,9,2,6,4,0,4,1,0
116029,9,2,6,NULL,1,4,1,1
116030,9,1,6,4,0,4,1,0
116031,8,2,6,4,0,4,1,0
116032,9,1,6,4,0,2,0,0
116033,9,2,6,NULL,1,3,1,1
116035,9,2,6,4,0,3,1,0
116036,8,1,6,NULL,1,1,0,1
116039,9,1,6,4,1,4,1,0
116041,10,1,7,NULL,1,2,0,1
116042,9,1,7,4,0,4,1,0
116044,10,1,7,NULL,0,4,1,1
116045,9,1,7,NULL,1,2,0,1
116047,9,1,7,4,0,3,1,0
116048,9,2,7,2,0,3,1,0
116049,10,1,7,4,0,3,1,0
116050,9,2,7,NULL,0,3,1,1
116051,10,2,7,4,0,3,1,0
116052,10,1,7,4,0,4,1,0
116053,9,1,7,NULL,1,2,0,1
116054,4,2,1,4,1,4,1,0
116055,3,2,1,4,0,4,1,0
116056,3,2,1,4,1,3,1,0
116057,4,1,1,4,1,4,1,0
116058,4,2,1,4,0,3,1,0
116060,3,2,1,4,1,4,1,0
116061,4,1,1,3,0,3,1,0
116062,3,2,1,3,0,3,1,0
116063,4,1,1,4,0,3,1,0
116064,4,1,1,4,1,3,1,0
116065,3,1,1,4,1,3,1,0
116066,4,2,1,4,0,4,1,0
116067,5,2,1,4,0,4,1,0
116068,3,2,1,4,0,3,1,0
116069,3,1,1,4,1,3,1,0
116070,4,2,1,3,0,3,1,0
116071,4,1,1,4,0,3,1,0
116072,4,2,1,4,1,4,1,0
116073,3,2,1,4,1,4,1,0
116074,4,2,1,3,0,3,1,0
116075,4,2,1,4,0,3,1,0
116076,4,2,1,4,0,3,1,0
116078,4,2,1,4,0,4,1,0
116079,4,2,1,4,0,3,1,0
116080,4,2,1,3,0,3,1,0
116081,4,1,1,3,0,3,1,0
116083,3,2,1,4,1,3,1,0
116084,4,1,1,4,0,4,1,0
116085,4,2,1,4,0,3,1,0
116086,4,2,1,4,0,4,1,0
116087,4,2,1,4,0,2,0,0
116088,4,1,1,4,1,3,1,0
116089,4,2,1,4,1,4,1,0
116090,4,1,1,4,0,2,0,0
116091,4,1,1,4,0,4,1,0
116092,4,2,1,4,1,3,1,0
116093,4,1,1,4,0,3,1,0
116094,4,2,1,4,1,3,1,0
116095,4,1,1,4,0,4,1,0
116096,5,1,2,4,0,3,1,0
116097,5,2,2,4,0,3,1,0
116099,5,1,2,3,0,3,1,0
116102,4,2,2,NULL,1,3,1,1
116103,4,2,2,4,0,3,1,0
116104,5,2,2,3,1,4,1,0
116105,5,1,2,NULL,0,2,0,1
116106,5,1,2,4,1,2,0,0
116108,4,2,2,4,0,4,1,0
116109,5,1,2,4,1,3,1,0
116110,4,2,2,NULL,0,4,1,1
116111,5,2,2,4,0,4,1,0
116112,5,1,2,4,1,3,1,0
116113,5,1,2,4,0,3,1,0
116114,5,2,2,NULL,1,3,1,1
116115,5,2,2,3,0,4,1,0
116116,4,2,2,4,0,4,1,0
116117,5,2,2,NULL,1,4,1,1
116118,5,1,2,4,0,4,1,0
116119,5,2,2,4,0,4,1,0
116120,6,2,2,NULL,1,2,0,1
116121,4,1,2,4,1,3,1,0
116122,5,1,2,NULL,0,3,1,1
116123,5,1,2,4,0,4,1,0
116124,5,1,2,NULL,1,3,1,1
116125,5,2,2,4,0,4,1,0
116126,4,1,2,3,0,3,1,0
116127,5,2,2,4,0,4,1,0
116128,5,2,2,3,0,3,1,0
116129,5,2,2,4,1,4,1,0
116130,5,2,2,4,0,2,0,0
116131,6,1,2,4,1,3,1,0
116132,5,2,2,4,0,3,1,0
116133,5,2,2,4,0,3,1,0
116134,6,2,3,4,1,3,1,0
116135,6,1,3,4,1,4,1,0
116136,5,1,3,4,0,3,1,0
116137,7,2,3,NULL,1,3,1,1
116138,6,2,3,4,0,4,1,0
116139,5,2,3,4,0,3,1,0
116140,5,2,3,4,1,3,1,0
116141,6,2,3,NULL,1,1,0,1
116142,7,1,3,4,0,3,1,0
116143,5,1,3,NULL,1,4,1,1
116144,6,2,3,NULL,1,3,1,1
116145,6,2,3,NULL,1,4,1,1
116146,6,2,3,NULL,1,2,0,1
116147,7,1,3,4,0,4,1,0
116148,6,1,3,4,0,4,1,0
116149,6,1,3,4,1,3,1,0
116150,6,1,3,NULL,1,3,1,1
116151,6,2,3,4,0,4,1,0
116152,7,1,3,4,0,4,1,0
116154,6,1,3,3,0,2,0,0
116155,5,2,3,3,1,3,1,0
116156,6,2,3,3,0,4,1,0
116157,5,2,3,3,1,3,1,0
116158,6,2,3,NULL,0,3,1,1
116159,6,1,3,3,1,4,1,0
116160,6,1,3,4,0,4,1,0
116161,6,1,3,4,0,2,0,0
116162,6,1,3,NULL,1,2,0,1
116163,6,1,3,4,1,3,1,0
116164,6,1,3,3,0,4,1,0
116165,6,1,3,4,1,3,1,0
116166,7,2,3,4,1,3,1,0
116168,5,2,3,4,0,4,1,0
116169,7,1,3,NULL,1,3,1,1
116170,5,1,3,4,1,3,1,0
116171,7,2,3,2,1,3,1,0
116172,7,2,5,4,0,3,1,0
116173,7,1,5,4,0,2,0,0
116174,7,1,5,4,0,3,1,0
116175,8,2,5,4,0,4,1,0
116176,7,2,5,NULL,1,1,0,1
116177,8,2,5,NULL,0,4,1,1
116179,8,1,5,4,0,3,1,0
116180,8,2,5,4,0,4,1,0
116181,7,1,5,4,0,4,1,0
116182,8,2,5,4,0,3,1,0
116185,8,2,5,3,0,4,1,0
116186,8,1,5,4,0,4,1,0
116187,8,1,5,NULL,1,3,1,1
116189,8,1,6,1,1,3,1,0
116190,8,1,6,4,0,4,1,0
116191,9,1,6,NULL,0,2,0,1
116192,9,1,6,4,0,4,1,0
116194,9,1,6,4,0,4,1,0
116195,9,2,7,3,0,3,1,0
116196,9,2,7,3,1,3,1,0
116197,10,1,7,NULL,0,2,0,1
116198,10,1,7,4,0,4,1,0
116199,10,2,7,NULL,1,4,1,1
116200,10,1,7,1,0,3,1,0
116201,9,2,7,4,0,4,1,0
116202,10,2,7,NULL,1,3,1,1
116203,9,1,7,4,0,4,1,0
116204,10,1,7,4,0,3,1,0
116205,10,2,7,NULL,1,2,0,1
116206,10,2,7,3,0,3,1,0
116207,10,1,7,4,0,3,1,0
116208,10,2,7,3,1,3,1,0
116209,9,2,7,4,0,4,1,0
116210,7,1,4,4,1,3,1,0
116211,7,1,5,4,0,4,1,0
116212,7,1,5,4,1,4,1,0
116213,7,1,4,NULL,0,4,1,1
116214,9,1,6,4,0,2,0,0
116215,9,1,6,4,1,4,1,0
116216,8,2,5,4,0,4,1,0
116217,8,1,5,3,0,2,0,0
116218,9,1,6,3,0,4,1,0
116219,9,1,6,NULL,0,2,0,1
116221,9,1,6,NULL,1,4,1,1
116222,8,1,5,4,0,4,1,0
116223,6,2,4,3,1,4,1,0
116224,8,1,4,4,0,4,1,0
116227,6,1,4,NULL,0,2,0,1
116228,9,2,6,3,1,2,0,0
116229,8,1,6,3,0,3,1,0
116231,8,1,5,3,0,3,1,0
116232,8,1,6,3,0,3,1,0
116233,8,1,5,4,0,3,1,0
116234,7,1,5,4,1,2,0,0
116235,9,1,6,4,0,4,1,0
116239,7,1,4,4,0,3,1,0
116240,8,1,6,4,0,4,1,0
116241,8,1,6,4,0,4,1,0
116242,8,1,6,4,1,4,1,0
116244,8,1,5,NULL,1,3,1,1
116245,9,1,6,NULL,0,4,1,1
116246,7,1,5,4,0,3,1,0
116247,8,1,6,3,0,4,1,0
116248,7,1,4,3,0,4,1,0
116249,7,1,5,NULL,0,2,0,1
116250,7,1,5,4,0,2,0,0
116251,8,1,6,4,0,4,1,0
116252,7,1,5,3,0,2,0,0
116254,7,1,5,NULL,1,4,1,1
116255,7,1,5,4,0,4,1,0
116256,8,1,5,4,1,2,0,0
116257,7,1,4,3,1,3,1,0
116258,9,1,6,4,0,3,1,0
116259,7,1,5,4,0,3,1,0
116260,8,1,4,NULL,0,3,1,1
116261,8,1,5,4,1,2,0,0
116262,6,1,4,3,0,2,0,0
116263,6,1,4,4,0,3,1,0
116264,8,1,6,4,0,4,1,0
116265,9,1,6,4,1,4,1,0
116266,7,1,4,4,0,4,1,0
116267,9,1,6,3,1,4,1,0
116268,7,1,4,3,0,3,1,0
116269,8,1,6,3,0,2,0,0
116271,8,1,6,4,0,4,1,0
116272,8,1,6,4,0,4,1,0
116273,7,1,5,4,0,4,1,0
116274,6,1,4,4,0,4,1,0
116275,9,1,6,4,0,4,1,0
116276,8,1,5,NULL,0,3,1,1
116278,10,1,7,4,0,4,1,0
116281,8,2,5,3,0,4,1,0
116284,6,1,4,4,0,4,1,0
116285,7,2,6,3,0,4,1,0
116286,7,2,4,4,0,4,1,0
116287,10,2,7,3,0,4,1,0
116288,10,1,7,4,0,3,1,0
116289,10,1,7,NULL,1,4,1,1
116291,8,2,6,4,0,4,1,0
116292,7,2,5,3,0,4,1,0
116293,10,1,7,NULL,1,3,1,1
116294,6,2,4,4,1,3,1,0
116295,8,2,6,4,0,4,1,0
116296,10,1,7,4,0,4,1,0
116300,8,2,6,4,0,4,1,0
116301,6,2,4,4,0,3,1,0
116302,8,1,5,4,0,3,1,0
116303,7,2,4,4,0,3,1,0
116304,8,1,6,4,0,4,1,0
116305,7,1,5,4,0,3,1,0
116306,8,2,6,4,0,4,1,0
116307,9,1,6,NULL,1,2,0,1
116309,5,1,2,4,0,4,1,0
116311,4,1,2,4,0,4,1,0
116312,5,2,2,4,1,3,1,0
116313,5,1,2,4,0,4,1,0
116314,4,2,2,4,1,3,1,0
116315,5,2,2,4,1,3,1,0
116316,5,2,2,3,1,4,1,0
116319,5,1,2,4,0,2,0,0
116320,5,1,2,4,0,3,1,0
116321,5,2,2,4,1,4,1,0
116323,6,1,2,4,0,4,1,0
116325,4,2,2,4,0,4,1,0
116327,5,2,2,4,1,4,1,0
116328,5,2,2,4,1,3,1,0
116329,5,2,2,4,0,3,1,0
116330,5,2,2,4,0,3,1,0
116331,5,2,2,3,1,3,1,0
116334,5,2,2,4,0,2,0,0
116335,6,1,3,3,1,3,1,0
116336,6,1,3,4,1,3,1,0
116337,7,1,3,4,0,4,1,0
116338,7,2,3,4,0,3,1,0
116339,5,1,3,NULL,1,4,1,1
116340,7,1,3,NULL,0,1,0,1
116341,7,1,3,4,1,2,0,0
116343,6,1,3,3,1,4,1,0
116344,6,2,3,4,0,4,1,0
116345,6,2,3,4,1,4,1,0
116346,7,1,3,NULL,1,3,1,1
116347,6,2,3,4,1,2,0,0
116348,5,1,3,4,0,3,1,0
116349,6,1,3,NULL,0,3,1,1
116350,6,2,3,2,1,3,1,0
116351,6,1,3,4,0,4,1,0
116352,6,2,3,4,1,2,0,0
116353,6,1,3,4,1,3,1,0
116354,5,2,3,3,0,3,1,0
116355,7,1,3,3,1,3,1,0
116356,6,2,3,NULL,1,3,1,1
116357,7,1,3,3,1,3,1,0
116358,6,1,3,4,0,4,1,0
116359,6,1,3,4,0,4,1,0
116360,5,2,3,NULL,1,3,1,1
116361,6,1,3,4,1,3,1,0
116362,5,1,3,NULL,1,3,1,1
116363,3,1,1,4,0,4,1,0
116364,3,1,1,4,1,3,1,0
116365,3,2,1,4,0,4,1,0
116366,4,2,1,4,1,3,1,0
116367,4,2,1,4,0,4,1,0
116368,3,1,1,3,0,2,0,0
116369,4,1,1,4,0,2,0,0
116370,4,1,1,2,1,3,1,0
116371,3,1,1,4,0,3,1,0
116373,4,1,1,4,1,4,1,0
116374,3,1,1,3,0,4,1,0
116375,3,2,1,4,1,4,1,0
116376,4,1,1,4,1,4,1,0
116377,3,2,1,4,0,4,1,0
116378,3,1,1,4,0,3,1,0
116379,3,2,1,4,0,4,1,0
116380,4,1,1,4,0,3,1,0
116381,3,2,1,3,1,4,1,0
116382,3,1,1,3,0,2,0,0
116383,3,2,1,4,0,3,1,0
116384,3,1,1,4,0,4,1,0
116385,3,2,1,4,1,2,0,0
116386,3,1,1,4,0,2,0,0
116387,4,2,2,4,0,3,1,0
116388,5,2,2,3,1,3,1,0
116389,5,1,2,4,0,4,1,0
116390,5,2,2,4,0,4,1,0
116391,4,1,2,4,0,3,1,0
116393,4,2,2,3,0,3,1,0
116394,4,2,2,3,0,4,1,0
116395,4,2,2,4,0,4,1,0
116396,5,2,2,NULL,0,3,1,1
116397,4,2,2,4,0,3,1,0
116398,4,2,2,4,0,4,1,0
116399,5,1,2,4,0,3,1,0
116400,5,1,2,4,0,3,1,0
116401,4,2,2,4,0,3,1,0
116402,5,1,2,2,0,2,0,0
116403,5,2,2,3,1,4,1,0
116404,5,2,2,4,0,3,1,0
116405,5,2,2,3,1,3,1,0
116406,5,2,2,4,1,3,1,0
116408,5,1,2,4,1,3,1,0
116409,5,2,2,3,0,3,1,0
116410,5,1,2,3,0,4,1,0
116411,4,2,2,4,0,4,1,0
116412,5,1,3,4,1,4,1,0
116413,5,1,3,4,0,3,1,0
116414,5,2,3,3,0,4,1,0
116415,5,1,3,4,1,3,1,0
116416,5,2,3,3,0,3,1,0
116417,5,2,3,NULL,0,3,1,1
116419,6,1,3,4,1,4,1,0
116420,6,2,3,4,0,3,1,0
116423,6,1,3,NULL,1,4,1,1
116424,6,2,3,4,0,3,1,0
116425,5,1,3,3,0,3,1,0
116427,5,1,3,4,1,3,1,0
116428,6,2,3,3,0,3,1,0
116429,6,2,3,2,0,2,0,0
116431,5,2,3,4,0,3,1,0
116432,5,1,3,4,0,3,1,0
116433,5,1,3,4,0,4,1,0
116434,5,1,3,3,0,3,1,0
116435,5,2,3,3,0,3,1,0
116436,5,1,3,3,0,4,1,0
116437,4,1,2,3,0,4,1,0
116438,4,2,2,3,0,3,1,0
116439,4,2,2,4,1,2,0,0
116440,4,1,2,4,0,3,1,0
116441,5,2,2,3,1,3,1,0
116443,4,2,2,4,0,3,1,0
116444,4,2,2,4,0,4,1,0
116445,5,2,2,4,0,4,1,0
116446,4,2,2,4,1,3,1,0
116447,4,1,2,4,0,3,1,0
116448,5,2,2,3,1,3,1,0
116450,4,2,2,4,0,3,1,0
116451,4,2,2,4,0,4,1,0
116452,5,2,2,4,0,3,1,0
116453,4,2,2,4,0,4,1,0
116454,4,2,2,NULL,0,4,1,1
116455,4,1,2,4,0,3,1,0
116456,4,1,2,4,1,4,1,0
116457,4,2,2,4,0,4,1,0
116458,4,2,2,3,0,3,1,0
116460,4,1,2,3,0,3,1,0
116461,4,2,2,4,0,3,1,0
116462,4,1,2,3,0,3,1,0
116464,5,2,3,4,1,3,1,0
116466,5,1,3,4,0,2,0,0
116467,6,2,3,NULL,1,1,0,1
116468,5,1,3,4,0,3,1,0
116469,6,1,3,NULL,1,2,0,1
116470,5,1,3,4,0,4,1,0
116473,5,1,3,4,0,4,1,0
116475,5,2,3,4,0,3,1,0
116476,5,1,3,4,0,4,1,0
116478,5,2,3,4,1,2,0,0
116480,6,2,3,3,1,3,1,0
116481,4,1,3,4,0,3,1,0
116482,5,1,3,4,0,4,1,0
116485,7,2,3,4,0,3,1,0
116486,5,1,3,4,0,3,1,0
116487,6,2,3,4,0,4,1,0
116488,8,2,5,NULL,0,4,1,1
116489,8,2,5,4,0,4,1,0
116490,9,2,6,NULL,0,2,0,1
116493,6,1,4,4,0,4,1,0
116494,7,1,5,NULL,0,3,1,1
116495,7,2,5,4,0,3,1,0
116498,6,1,4,4,0,4,1,0
116499,10,1,7,NULL,0,4,1,1
116500,7,1,5,NULL,1,3,1,1
116501,11,1,7,NULL,1,3,1,1
116502,7,2,5,4,0,4,1,0
116503,6,2,4,4,0,4,1,0
116504,8,1,5,4,0,3,1,0
116506,10,1,6,NULL,1,3,1,1
116509,8,1,6,NULL,1,3,1,1
116510,6,2,4,4,0,4,1,0
116511,7,1,5,3,0,3,1,0
116513,8,2,6,3,0,3,1,0
116515,7,2,4,4,0,4,1,0
116516,7,1,5,3,0,3,1,0
116517,6,1,4,3,0,3,1,0
116518,10,1,7,NULL,0,3,1,1
116519,6,2,4,NULL,1,3,1,1
116520,7,1,5,4,0,4,1,0
116521,6,1,4,3,0,4,1,0
116522,7,1,4,4,0,4,1,0
116523,6,1,4,2,0,3,1,0
116524,9,1,6,4,0,4,1,0
116526,7,1,4,4,0,4,1,0
116527,6,1,4,3,1,3,1,0
116528,7,2,5,3,0,4,1,0
116529,7,1,4,4,0,4,1,0
116530,6,1,4,4,1,3,1,0
116531,8,2,5,4,0,4,1,0
116532,9,1,7,NULL,0,3,1,1
116534,7,1,4,3,0,4,1,0
116535,7,1,4,NULL,0,3,1,1
116538,9,2,6,4,0,4,1,0
116539,8,1,6,4,0,4,1,0
116540,8,2,5,4,0,3,1,0
116544,10,1,7,NULL,0,2,0,1
116545,7,1,5,4,0,4,1,0
116546,7,1,5,1,0,2,0,0
116547,9,1,7,NULL,0,3,1,1
116549,8,2,5,4,0,3,1,0
116550,8,1,6,NULL,1,4,1,1
116551,7,1,4,2,0,4,1,0
116552,6,1,4,4,1,3,1,0
116553,8,1,5,3,0,3,1,0
116554,6,2,4,3,1,2,0,0
116555,9,2,6,NULL,0,3,1,1
116557,6,2,4,4,1,3,1,0
116558,6,1,4,3,1,3,1,0
116559,9,1,5,NULL,0,3,1,1
116561,9,2,7,NULL,1,3,1,1
116562,9,1,7,NULL,0,4,1,1
116563,6,2,4,4,1,4,1,0
116564,8,2,5,NULL,1,2,0,1
116565,7,2,5,4,0,3,1,0
116566,6,2,4,4,0,4,1,0
116567,9,2,6,NULL,0,2,0,1
116568,8,2,5,4,0,4,1,0
116569,9,1,7,NULL,1,4,1,1
116572,8,1,5,NULL,1,2,0,1
116573,9,1,6,4,1,4,1,0
116574,7,2,4,4,0,4,1,0
116575,8,2,6,NULL,0,3,1,1
116576,6,1,4,4,0,4,1,0
116577,7,2,5,4,0,3,1,0
116578,7,2,4,4,0,4,1,0
116579,8,1,5,3,0,3,1,0
116580,7,1,4,NULL,0,4,1,1
116581,8,1,6,NULL,1,3,1,1
116582,8,1,5,3,1,2,0,0
116583,10,1,7,NULL,0,3,1,1
116584,10,2,7,4,0,3,1,0
116585,8,1,6,NULL,0,3,1,1
116586,8,2,6,3,0,3,1,0
116587,8,1,5,4,0,4,1,0
116588,7,2,4,3,1,2,0,0
116589,8,1,6,NULL,0,2,0,1
116590,7,2,5,4,0,3,1,0
116591,8,1,5,NULL,0,3,1,1
116592,4,2,1,4,0,3,1,0
116593,4,2,1,4,1,4,1,0
116595,4,1,1,4,0,2,0,0
116596,3,2,1,NULL,1,3,1,1
116597,3,2,1,4,1,3,1,0
116598,3,1,1,3,1,2,0,0
116599,4,1,1,4,0,3,1,0
116602,3,1,1,3,1,3,1,0
116603,4,2,1,4,1,3,1,0
116604,5,1,1,4,0,1,0,0
116605,3,1,1,4,0,3,1,0
116606,4,2,1,2,0,3,1,0
116607,3,1,1,4,0,3,1,0
116609,4,2,1,4,1,3,1,0
116610,4,2,1,4,0,4,1,0
116612,4,2,1,4,1,4,1,0
116613,3,2,1,4,0,3,1,0
116614,4,1,1,NULL,0,3,1,1
116615,3,1,1,4,0,3,1,0
116616,4,1,1,4,1,4,1,0
116618,4,2,1,4,0,4,1,0
116619,4,2,1,3,0,3,1,0
116620,4,1,1,4,0,4,1,0
116622,4,1,1,4,1,3,1,0
116623,3,1,1,4,1,2,0,0
116624,3,1,1,4,1,3,1,0
116625,4,1,1,4,1,2,0,0
116626,3,1,1,4,0,3,1,0
116627,4,1,1,3,0,4,1,0
116628,4,1,1,4,0,4,1,0
116631,3,2,1,3,0,3,1,0
116632,4,1,1,4,1,3,1,0
116634,3,1,1,4,0,3,1,0
116635,3,2,1,4,0,4,1,0
116637,4,1,1,3,1,3,1,0
116639,3,1,1,2,0,3,1,0
116640,3,2,1,4,0,3,1,0
116641,4,2,2,3,1,2,0,0
116642,5,2,2,2,1,3,1,0
116643,5,1,2,4,0,4,1,0
116644,5,1,2,NULL,1,2,0,1
116645,4,2,2,4,1,3,1,0
116646,4,2,2,4,0,4,1,0
116647,5,1,2,NULL,0,4,1,1
116648,5,1,2,4,0,3,1,0
116651,4,2,2,4,1,4,1,0
116653,5,2,2,3,1,3,1,0
116654,5,1,2,4,0,3,1,0
116655,5,2,2,4,0,4,1,0
116656,5,1,2,4,0,3,1,0
116657,5,1,2,NULL,1,2,0,1
116658,4,1,2,NULL,0,2,0,1
116659,5,2,2,1,1,3,1,0
116660,5,2,2,4,0,3,1,0
116661,5,2,2,4,1,4,1,0
116662,5,1,2,4,1,4,1,0
116663,4,1,2,3,0,3,1,0
116664,5,2,2,4,1,4,1,0
116665,5,2,2,4,1,3,1,0
116666,5,2,2,4,1,3,1,0
116667,6,1,2,4,1,4,1,0
116668,5,2,2,NULL,1,2,0,1
116669,4,1,3,3,0,4,1,0
116670,4,2,2,4,1,4,1,0
116671,4,2,2,2,1,3,1,0
116673,5,1,2,4,0,4,1,0
116674,5,2,2,NULL,1,4,1,1
116676,5,2,2,3,0,4,1,0
116677,4,1,2,4,1,4,1,0
116678,4,1,2,4,0,3,1,0
116679,5,2,2,4,1,4,1,0
116680,5,2,2,4,0,4,1,0
116681,5,1,2,NULL,1,3,1,1
116682,5,1,2,3,0,4,1,0
116683,5,1,2,4,1,3,1,0
116684,5,1,2,3,0,3,1,0
116685,5,2,3,NULL,1,3,1,1
116686,6,1,3,4,0,2,0,0
116687,6,2,3,NULL,0,2,0,1
116688,5,1,3,4,0,4,1,0
116689,6,1,3,4,0,3,1,0
116690,6,2,3,4,1,1,0,0
116691,5,2,3,NULL,1,3,1,1
116692,6,2,3,NULL,0,4,1,1
116693,6,2,3,4,0,4,1,0
116694,6,2,3,NULL,1,3,1,1
116695,6,2,3,4,1,3,1,0
116696,6,2,3,NULL,0,2,0,1
116697,5,1,3,3,1,3,1,0
116698,6,2,3,3,1,3,1,0
116699,5,2,3,NULL,1,3,1,1
116700,6,2,3,4,1,3,1,0
116701,5,2,3,4,1,4,1,0
116702,6,1,3,2,1,2,0,0
116703,6,2,3,4,0,2,0,0
116704,7,1,4,4,0,4,1,0
116705,6,1,3,4,0,4,1,0
116706,6,2,3,4,0,2,0,0
116707,6,1,3,NULL,0,3,1,1
116708,6,2,3,2,1,3,1,0
116710,6,2,3,4,0,3,1,0
116711,6,2,3,3,0,4,1,0
116712,6,1,3,4,0,2,0,0
116713,5,2,3,3,1,3,1,0
116714,6,2,3,NULL,1,3,1,1
116715,6,2,3,4,0,4,1,0
116717,5,1,3,2,1,4,1,0
116718,6,2,3,4,0,3,1,0
116719,6,1,3,4,0,4,1,0
116720,7,2,3,NULL,0,3,1,1
116722,6,1,3,4,0,4,1,0
116723,6,2,3,3,0,4,1,0
116724,5,1,3,4,0,3,1,0
116726,6,1,3,4,1,3,1,0
116727,6,2,3,3,1,2,0,0
116728,6,2,3,4,0,2,0,0
116729,3,1,1,4,0,4,1,0
116730,4,1,1,4,0,3,1,0
116731,4,1,1,4,0,4,1,0
116732,4,2,1,3,1,4,1,0
116733,3,1,1,2,0,2,0,0
116734,4,2,1,4,0,4,1,0
116736,4,2,1,4,1,3,1,0
116737,4,1,1,4,1,3,1,0
116738,4,2,1,4,0,4,1,0
116739,4,1,1,3,1,3,1,0
116741,4,2,1,4,0,3,1,0
116742,3,2,1,4,1,4,1,0
116745,4,1,1,4,0,4,1,0
116746,3,1,1,4,0,4,1,0
116747,4,2,1,4,0,4,1,0
116749,4,1,1,4,1,3,1,0
116750,5,1,1,4,0,2,0,0
116751,3,2,1,4,0,4,1,0
116752,4,2,1,4,0,4,1,0
116753,4,2,1,4,1,4,1,0
116754,4,2,1,3,0,3,1,0
116756,3,1,1,4,0,3,1,0
116757,4,1,1,4,1,2,0,0
116758,4,1,1,4,0,4,1,0
116759,5,2,2,4,0,3,1,0
116760,5,1,2,3,0,3,1,0
116761,5,1,2,4,0,4,1,0
116762,5,1,2,4,0,3,1,0
116763,5,2,2,4,0,3,1,0
116764,5,1,2,4,0,4,1,0
116765,4,1,2,4,0,4,1,0
116766,5,1,2,3,0,3,1,0
116767,5,1,2,3,1,3,1,0
116768,5,1,2,4,0,4,1,0
116769,5,1,2,2,0,2,0,0
116770,4,1,2,4,0,2,0,0
116771,4,2,2,3,1,2,0,0
116772,4,2,2,4,0,4,1,0
116773,5,1,2,3,1,3,1,0
116775,5,2,2,4,0,4,1,0
116776,4,1,2,4,0,4,1,0
116777,5,2,2,4,0,3,1,0
116778,5,2,2,4,0,4,1,0
116779,5,1,2,4,0,4,1,0
116780,5,1,2,2,0,4,1,0
116781,5,1,2,3,0,3,1,0
116782,4,2,2,4,0,4,1,0
116783,5,2,2,4,0,4,1,0
116784,5,1,2,4,0,4,1,0
116785,4,2,2,4,1,4,1,0
116786,5,2,2,3,0,4,1,0
116787,4,2,2,3,0,3,1,0
116788,5,2,2,4,0,4,1,0
116789,5,2,2,4,0,4,1,0
116790,5,2,2,4,0,4,1,0
116791,5,2,2,4,1,4,1,0
116792,4,2,2,4,0,2,0,0
116794,5,1,2,4,0,4,1,0
116795,4,2,2,3,0,3,1,0
116796,4,1,2,4,1,4,1,0
116797,5,2,2,4,1,4,1,0
116798,5,1,2,4,0,4,1,0
116799,5,1,2,4,0,4,1,0
116800,5,1,2,4,0,4,1,0
116801,4,1,2,4,0,4,1,0
116802,6,1,3,4,0,4,1,0
116803,6,2,3,4,0,3,1,0
116804,6,2,3,3,0,4,1,0
116806,5,2,3,3,0,3,1,0
116807,6,1,3,4,0,4,1,0
116808,6,1,3,3,0,4,1,0
116809,5,1,3,4,0,3,1,0
116810,5,2,3,4,1,3,1,0
116811,6,1,3,3,0,2,0,0
116812,6,1,3,4,1,4,1,0
116813,6,1,3,4,0,4,1,0
116814,5,2,3,4,0,3,1,0
116815,6,2,3,3,0,4,1,0
116816,6,2,3,3,0,2,0,0
116817,5,2,3,4,0,3,1,0
116818,5,1,3,4,0,4,1,0
116819,6,2,3,3,1,4,1,0
116820,6,1,3,3,0,4,1,0
116821,6,1,3,4,0,3,1,0
116822,6,1,3,4,0,4,1,0
116823,5,2,3,3,1,3,1,0
116824,6,2,3,4,0,3,1,0
116825,5,2,3,4,1,4,1,0
116826,5,2,3,4,0,3,1,0
116827,5,2,3,4,1,3,1,0
116828,6,1,3,4,1,3,1,0
116829,6,2,3,4,0,4,1,0
116830,6,1,3,4,1,3,1,0
116831,6,1,3,4,0,3,1,0
116832,6,2,3,4,1,2,0,0
116833,6,1,3,4,1,4,1,0
116834,5,1,3,3,0,3,1,0
116835,7,2,4,NULL,0,4,1,1
116837,6,1,4,3,0,3,1,0
116838,7,1,4,4,0,3,1,0
116839,7,1,4,4,0,3,1,0
116840,7,1,4,4,0,4,1,0
116841,6,2,4,4,0,3,1,0
116842,7,1,4,3,0,3,1,0
116843,6,1,4,4,0,4,1,0
116844,6,2,4,4,1,3,1,0
116845,6,1,4,4,1,3,1,0
116846,7,2,4,4,0,2,0,0
116847,7,1,4,4,0,2,0,0
116848,7,1,4,4,0,3,1,0
116850,7,1,4,4,0,4,1,0
116851,6,1,4,3,0,4,1,0
116852,7,1,4,4,1,4,1,0
116853,6,1,4,4,0,4,1,0
116856,6,2,4,4,0,3,1,0
116858,6,2,4,4,0,2,0,0
116860,8,1,5,4,0,3,1,0
116861,7,1,4,4,0,4,1,0
116862,6,2,4,3,0,2,0,0
116863,6,1,4,4,0,3,1,0
116864,6,1,4,4,0,3,1,0
116865,6,1,4,4,1,4,1,0
116866,7,1,4,3,0,4,1,0
116867,7,1,5,3,0,3,1,0
116868,8,1,5,4,0,2,0,0
116869,8,1,5,4,0,4,1,0
116870,8,1,5,4,0,4,1,0
116871,8,2,5,NULL,0,3,1,1
116872,7,2,5,2,1,4,1,0
116873,8,2,5,NULL,0,2,0,1
116874,8,1,5,NULL,1,2,0,1
116875,8,2,5,NULL,1,4,1,1
116877,7,2,5,4,0,4,1,0
116878,8,2,5,4,0,3,1,0
116879,7,2,5,3,0,3,1,0
116880,8,1,5,3,0,2,0,0
116881,7,1,5,NULL,0,3,1,1
116882,7,2,5,4,0,4,1,0
116883,8,1,5,3,1,2,0,0
116884,7,1,5,4,0,4,1,0
116886,8,1,5,NULL,0,2,0,1
116887,7,2,5,3,0,3,1,0
116888,7,1,5,NULL,0,2,0,1
116889,7,1,5,4,1,2,0,0
116890,7,1,5,2,0,3,1,0
116891,8,1,5,4,0,3,1,0
116892,7,2,5,NULL,0,3,1,1
116893,7,2,5,3,1,4,1,0
116894,7,2,5,4,1,2,0,0
116895,7,1,5,4,0,3,1,0
116897,8,1,5,4,0,3,1,0
116898,7,1,5,3,1,3,1,0
116899,7,2,5,4,0,2,0,0
116900,7,1,5,4,0,4,1,0
116901,8,1,5,4,1,4,1,0
116902,7,2,5,3,1,2,0,0
116903,8,1,2,NULL,0,3,1,1
116904,7,1,5,4,0,3,1,0
116905,8,1,5,NULL,0,3,1,1
116906,8,1,5,3,0,4,1,0
116907,7,2,5,4,0,4,1,0
116909,9,2,6,3,0,3,1,0
116911,9,1,6,3,0,3,1,0
116912,8,1,6,NULL,0,4,1,1
116913,8,2,6,4,0,3,1,0
116916,8,2,6,NULL,1,3,1,1
116917,8,1,6,3,0,3,1,0
116918,8,2,6,NULL,0,4,1,1
116919,9,2,6,4,0,3,1,0
116920,7,1,6,3,1,4,1,0
116922,8,2,6,NULL,0,4,1,1
116923,9,2,6,4,0,3,1,0
116924,9,2,6,3,1,4,1,0
116926,9,1,6,4,0,4,1,0
116927,9,2,6,4,0,4,1,0
116928,8,1,6,3,0,4,1,0
116929,7,1,5,4,0,3,1,0
116930,8,1,6,3,0,4,1,0
116931,9,2,6,NULL,0,2,0,1
116932,9,1,6,NULL,0,4,1,1
116933,9,2,6,4,0,3,1,0
116935,8,1,6,4,0,4,1,0
116936,9,2,6,NULL,0,3,1,1
116937,9,1,6,3,0,4,1,0
116938,9,2,6,NULL,1,4,1,1
116939,8,1,6,4,0,2,0,0
116940,9,1,6,3,0,3,1,0
116941,7,1,5,2,0,3,1,0
116942,9,2,6,4,0,4,1,0
116943,9,1,6,NULL,1,2,0,1
116944,8,2,6,NULL,0,4,1,1
116946,8,2,6,4,0,3,1,0
116947,8,2,6,NULL,0,4,1,1
116949,9,2,6,NULL,0,4,1,1
116951,10,2,7,4,0,4,1,0
116952,10,1,7,NULL,0,3,1,1
116953,10,1,7,4,0,3,1,0
116954,2,1,7,2,0,2,0,0
116955,9,1,7,4,0,4,1,0
116956,10,1,7,NULL,0,3,1,1
116957,10,1,7,2,0,2,0,0
116958,9,1,7,4,0,4,1,0
116959,10,1,7,4,0,3,1,0
116960,9,1,7,4,0,4,1,0
116962,10,2,7,3,0,3,1,0
116963,9,2,7,NULL,1,2,0,1
116964,9,1,7,4,0,3,1,0
116965,10,2,7,4,0,4,1,0
116967,9,1,7,4,0,3,1,0
116968,10,2,7,3,0,3,1,0
116969,10,1,7,4,1,3,1,0
116970,9,1,7,4,0,3,1,0
116971,9,2,7,NULL,1,4,1,1
116972,9,1,7,NULL,0,4,1,1
116973,10,1,7,NULL,1,3,1,1
116974,10,1,7,4,0,3,1,0
116975,10,2,7,4,0,4,1,0
116976,9,1,7,4,0,3,1,0
116977,10,1,7,3,0,2,0,0
116978,10,2,7,4,0,2,0,0
116979,9,1,7,4,1,2,0,0
116981,9,1,7,NULL,1,2,0,1
116983,10,1,7,3,1,3,1,0
116985,9,1,7,NULL,1,3,1,1
116986,9,2,7,NULL,0,4,1,1
116987,10,1,7,NULL,1,3,1,1
116988,10,2,7,3,0,3,1,0
116989,9,2,7,4,0,4,1,0
116990,10,1,7,4,0,2,0,0
116991,10,2,7,4,0,3,1,0
116992,10,2,7,1,0,2,0,0
116993,10,2,7,4,0,4,1,0
116994,9,1,7,3,0,3,1,0
116995,9,2,7,4,1,3,1,0
116996,9,1,7,4,0,4,1,0
116997,10,2,7,NULL,0,3,1,1
116999,7,2,4,3,0,4,1,0
117000,7,2,4,4,0,3,1,0
117001,7,2,4,4,0,4,1,0
117003,7,2,4,4,0,2,0,0
117004,7,1,4,4,0,2,0,0
117005,7,2,4,NULL,0,3,1,1
117006,7,2,4,4,0,3,1,0
117007,7,2,4,4,0,2,0,0
117009,7,1,4,4,0,4,1,0
117010,7,2,4,4,0,3,1,0
117011,7,2,4,4,0,2,0,0
117012,6,1,4,4,0,4,1,0
117013,7,2,4,3,1,3,1,0
117014,6,2,4,3,0,3,1,0
117015,7,2,4,4,0,3,1,0
117016,7,1,4,2,0,2,0,0
117017,7,2,4,3,0,2,0,0
117018,7,2,5,3,0,4,1,0
117019,8,2,5,4,0,3,1,0
117020,7,1,5,4,0,3,1,0
117021,8,2,5,4,0,3,1,0
117022,7,1,5,3,0,3,1,0
117024,9,1,5,3,0,4,1,0
117026,7,2,5,4,0,3,1,0
117027,8,2,5,3,0,4,1,0
117028,8,1,5,4,1,4,1,0
117029,8,1,5,4,0,4,1,0
117030,8,2,5,4,0,2,0,0
117031,9,2,6,4,1,4,1,0
117032,8,2,6,NULL,0,3,1,1
117033,9,1,6,4,0,3,1,0
117034,9,2,6,2,0,2,0,0
117035,9,2,6,NULL,0,3,1,1
117036,9,1,6,NULL,0,2,0,1
117037,9,2,6,4,0,3,1,0
117038,9,2,6,3,0,3,1,0
117039,9,2,6,3,0,4,1,0
117040,9,2,6,NULL,0,3,1,1
117041,9,2,6,3,0,4,1,0
117042,9,2,6,4,0,4,1,0
117044,9,1,6,4,0,3,1,0
117045,9,2,6,NULL,1,4,1,1
117046,8,1,6,3,0,3,1,0
117047,9,1,6,4,1,4,1,0
117048,9,2,6,4,1,4,1,0
117049,8,1,6,NULL,0,3,1,1
117050,9,2,6,2,1,3,1,0
117051,10,1,7,4,0,4,1,0
117052,10,2,7,2,0,2,0,0
117053,9,2,7,4,0,3,1,0
117054,9,2,7,3,0,4,1,0
117055,10,2,7,4,1,3,1,0
117056,10,2,7,4,0,4,1,0
117057,10,1,7,4,0,4,1,0
117059,10,2,7,4,1,4,1,0
117060,10,1,7,4,0,4,1,0
117062,10,1,7,4,0,2,0,0
117063,10,2,7,4,0,3,1,0
117064,10,2,7,NULL,0,4,1,1
117065,10,2,7,NULL,0,3,1,1
117066,9,1,7,4,0,4,1,0
117067,3,1,1,4,0,4,1,0
117068,4,1,1,4,0,3,1,0
117069,4,2,1,3,0,3,1,0
117070,3,2,1,4,0,3,1,0
117072,4,2,1,4,0,3,1,0
117073,4,2,1,4,0,1,0,0
117074,3,1,1,4,1,3,1,0
117075,4,1,1,4,1,4,1,0
117076,4,2,1,2,1,3,1,0
117077,3,1,1,4,1,3,1,0
117078,4,2,1,4,0,2,0,0
117079,4,2,1,4,0,4,1,0
117080,4,1,1,3,0,3,1,0
117081,4,1,1,4,0,4,1,0
117082,4,1,1,4,0,4,1,0
117083,5,1,1,4,1,3,1,0
117084,4,2,1,NULL,1,4,1,1
117085,4,1,1,4,0,3,1,0
117086,5,1,1,4,1,3,1,0
117087,4,1,1,3,1,3,1,0
117089,4,2,1,4,0,3,1,0
117090,4,2,1,4,1,2,0,0
117091,3,1,1,4,1,3,1,0
117093,3,2,1,4,0,4,1,0
117094,4,1,1,4,1,4,1,0
117095,4,2,1,4,0,3,1,0
117096,3,2,1,4,1,4,1,0
117099,3,2,1,4,0,3,1,0
117100,4,1,1,4,1,3,1,0
117101,3,2,1,4,1,3,1,0
117102,3,1,1,4,1,4,1,0
117103,4,1,1,3,1,3,1,0
117104,3,1,1,3,1,3,1,0
117105,4,2,1,3,1,3,1,0
117106,5,1,2,4,0,3,1,0
117107,4,2,2,3,1,2,0,0
117108,5,1,2,4,0,4,1,0
117109,5,1,2,3,0,3,1,0
117110,4,2,2,3,0,3,1,0
117111,4,2,2,4,0,3,1,0
117112,5,2,2,4,1,4,1,0
117113,4,1,2,NULL,1,2,0,1
117114,5,2,2,4,1,1,0,0
117116,5,1,2,4,1,3,1,0
117117,4,1,2,3,1,1,0,0
117118,5,2,2,4,1,3,1,0
117119,5,2,2,4,0,4,1,0
117120,5,1,2,4,0,3,1,0
117121,5,2,2,4,1,4,1,0
117122,5,2,2,4,0,4,1,0
117124,5,1,2,4,0,3,1,0
117125,5,2,2,3,1,3,1,0
117126,5,1,2,4,0,4,1,0
117128,5,1,2,4,1,3,1,0
117130,5,1,2,3,1,3,1,0
117131,6,1,2,4,1,3,1,0
117134,6,1,3,3,0,3,1,0
117135,6,2,3,NULL,1,3,1,1
117136,6,1,3,3,0,3,1,0
117137,5,2,3,NULL,1,3,1,1
117138,6,1,3,3,0,2,0,0
117139,5,2,3,4,0,4,1,0
117140,6,1,3,4,0,2,0,0
117141,5,2,3,4,0,3,1,0
117142,6,2,3,3,1,3,1,0
117143,6,1,3,4,1,3,1,0
117144,6,2,3,NULL,1,3,1,1
117145,6,2,2,NULL,0,2,0,1
117146,6,2,4,3,0,3,1,0
117147,6,2,3,3,1,3,1,0
117148,5,2,3,3,1,2,0,0
117149,5,1,3,NULL,1,2,0,1
117150,6,1,3,3,1,4,1,0
117151,6,2,3,3,1,2,0,0
117152,5,1,3,4,0,3,1,0
117153,5,2,3,3,0,3,1,0
117154,6,1,3,3,1,3,1,0
117155,7,1,3,4,1,3,1,0
117156,5,2,3,3,1,3,1,0
117157,6,1,3,4,0,4,1,0
117158,6,2,3,4,0,3,1,0
117159,6,2,3,4,0,3,1,0
117161,6,1,3,4,1,4,1,0
117162,5,1,3,4,0,3,1,0
117163,5,2,3,4,1,4,1,0
117164,5,1,3,4,0,3,1,0
117165,6,1,3,3,1,3,1,0
117166,7,1,5,NULL,1,3,1,1
117168,8,1,5,3,1,1,0,0
117169,7,2,5,4,0,4,1,0
117170,6,1,4,3,0,4,1,0
117171,7,2,4,4,1,4,1,0
117172,9,2,6,NULL,1,2,0,1
117173,7,1,4,3,0,4,1,0
117174,6,2,4,3,0,3,1,0
117175,6,1,4,4,0,3,1,0
117176,8,1,4,NULL,0,2,0,1
117177,6,2,4,4,1,4,1,0
117179,7,2,4,NULL,0,1,0,1
117180,7,2,4,3,1,4,1,0
117181,7,1,4,NULL,1,3,1,1
117182,8,1,4,4,1,4,1,0
117184,6,1,4,4,0,2,0,0
117185,6,1,4,4,1,3,1,0
117186,6,2,4,4,0,4,1,0
117187,9,1,6,NULL,1,2,0,1
117188,8,1,6,4,0,4,1,0
117189,9,1,6,NULL,1,3,1,1
117190,8,2,6,NULL,0,3,1,1
117191,9,1,7,3,0,3,1,0
117192,8,2,6,NULL,0,3,1,1
117193,9,1,6,4,1,4,1,0
117194,9,1,6,4,0,3,1,0
117196,8,1,6,NULL,0,4,1,1
117197,9,1,6,4,1,3,1,0
117198,9,1,6,NULL,0,3,1,1
117199,9,2,6,3,1,4,1,0
117200,8,2,6,NULL,1,3,1,1
117201,9,2,7,4,1,3,1,0
117202,10,1,7,2,1,4,1,0
117203,9,2,7,4,1,2,0,0
117204,9,2,7,4,0,4,1,0
117205,9,2,7,3,0,3,1,0
117206,9,2,7,NULL,1,2,0,1
117207,11,2,7,4,1,4,1,0
117209,9,1,7,4,0,3,1,0
117210,9,2,7,NULL,1,2,0,1
117211,10,2,7,NULL,1,2,0,1
117212,9,2,7,NULL,0,3,1,1
117213,10,2,7,NULL,0,4,1,1
117214,9,1,7,4,0,2,0,0
117215,9,2,7,NULL,1,2,0,1
117216,10,1,7,NULL,1,3,1,1
117217,10,1,7,3,0,3,1,0
117218,9,2,7,NULL,0,3,1,1
117220,10,2,7,3,1,3,1,0
117221,10,1,7,4,0,3,1,0
117222,10,1,7,NULL,1,2,0,1
117223,5,1,2,4,0,4,1,0
117224,4,2,2,4,0,4,1,0
117225,5,1,2,4,0,3,1,0
117226,5,1,2,4,1,3,1,0
117227,5,1,2,4,0,3,1,0
117228,4,2,2,4,1,4,1,0
117229,5,2,2,3,0,3,1,0
117230,5,2,2,3,0,3,1,0
117231,5,1,2,4,1,2,0,0
117232,4,2,2,3,1,4,1,0
117233,5,1,2,3,1,2,0,0
117234,5,1,2,NULL,1,4,1,1
117235,4,2,2,4,1,4,1,0
117236,4,1,2,4,1,3,1,0
117237,5,1,2,4,0,4,1,0
117239,4,2,2,4,1,3,1,0
117240,5,1,2,3,1,3,1,0
117241,5,2,2,4,0,4,1,0
117242,11,1,8,4,0,4,1,0
117243,4,1,2,4,0,4,1,0
117245,5,1,2,NULL,1,3,1,1
117246,5,1,2,4,1,4,1,0
117247,4,2,2,NULL,1,4,1,1
117248,4,2,2,4,1,4,1,0
117249,5,1,2,3,1,3,1,0
117250,5,1,2,3,0,3,1,0
117251,4,1,2,4,0,4,1,0
117252,5,1,2,4,0,4,1,0
117253,4,1,2,4,0,4,1,0
117254,5,2,2,3,1,4,1,0
117255,4,2,2,3,0,4,1,0
117256,4,1,2,3,1,2,0,0
117257,5,1,2,4,0,4,1,0
117258,4,2,2,4,1,3,1,0
117259,4,2,2,4,0,4,1,0
117260,6,1,3,4,0,2,0,0
117261,6,1,3,4,0,4,1,0
117262,6,2,3,3,1,3,1,0
117263,6,1,3,4,0,4,1,0
117264,5,2,3,4,0,3,1,0
117265,5,1,3,4,0,3,1,0
117266,6,1,3,NULL,1,2,0,1
117267,5,2,3,4,0,4,1,0
117268,5,1,3,4,0,4,1,0
117269,5,2,3,3,0,4,1,0
117270,6,1,3,4,0,3,1,0
117271,6,1,3,NULL,1,3,1,1
117272,5,2,3,2,1,3,1,0
117274,5,2,3,3,1,3,1,0
117275,5,2,3,4,0,4,1,0
117276,6,2,3,3,0,3,1,0
117277,6,1,3,4,0,3,1,0
117278,6,1,3,4,0,4,1,0
117279,6,2,3,4,0,4,1,0
117280,6,2,3,4,0,4,1,0
117281,5,2,3,4,0,4,1,0
117282,6,1,3,3,0,3,1,0
117283,6,1,3,4,1,4,1,0
117284,6,1,3,3,1,3,1,0
117285,6,1,3,4,0,2,0,0
117286,6,1,3,3,0,3,1,0
117287,5,1,3,4,0,3,1,0
117288,6,2,3,NULL,1,4,1,1
117289,5,1,3,4,1,3,1,0
117290,6,1,3,3,1,2,0,0
117291,6,1,3,3,0,4,1,0
117293,5,1,3,4,0,3,1,0
117294,5,1,3,3,1,4,1,0
117295,6,1,3,3,0,2,0,0
117296,5,2,3,4,0,3,1,0
117297,5,1,3,4,0,4,1,0
117298,6,2,3,NULL,0,4,1,1
117299,6,1,3,NULL,1,3,1,1
117300,6,1,3,4,0,4,1,0
117301,6,1,3,4,0,4,1,0
117302,6,2,3,4,0,4,1,0
117303,6,2,3,4,0,3,1,0
117304,5,2,3,NULL,0,2,0,1
117305,5,2,3,4,0,4,1,0
117306,6,2,3,4,0,4,1,0
117307,5,2,3,2,1,3,1,0
117309,6,2,4,NULL,1,4,1,1
117310,6,2,4,NULL,1,2,0,1
117311,7,1,4,4,0,3,1,0
117312,6,2,4,3,1,3,1,0
117313,6,1,4,3,0,3,1,0
117314,7,1,4,3,0,3,1,0
117315,6,2,4,3,0,3,1,0
117316,6,2,4,4,1,4,1,0
117317,6,1,4,4,1,3,1,0
117318,6,1,4,4,1,2,0,0
117319,8,2,4,NULL,0,3,1,1
117320,7,2,4,4,0,4,1,0
117321,7,2,4,4,0,4,1,0
117322,6,2,4,NULL,1,4,1,1
117323,6,1,4,4,1,3,1,0
117325,6,2,4,4,1,4,1,0
117327,6,1,4,4,0,4,1,0
117328,7,1,4,NULL,1,4,1,1
117329,7,1,5,4,0,3,1,0
117330,7,1,5,4,1,3,1,0
117331,7,2,5,4,0,4,1,0
117332,7,1,5,3,1,3,1,0
117333,8,2,5,NULL,0,3,1,1
117334,7,2,5,3,0,2,0,0
117336,8,1,5,NULL,1,3,1,1
117339,8,2,6,NULL,1,2,0,1
117340,9,1,6,NULL,0,3,1,1
117341,10,2,6,4,0,3,1,0
117342,9,2,6,3,1,4,1,0
117344,9,2,6,3,1,2,0,0
117345,9,2,6,NULL,1,2,0,1
117346,9,2,6,NULL,0,2,0,1
117347,8,2,6,4,0,4,1,0
117348,8,1,6,3,1,3,1,0
117349,9,2,6,3,1,4,1,0
117350,8,2,6,NULL,0,3,1,1
117351,9,1,6,4,1,3,1,0
117352,9,1,6,4,1,4,1,0
117353,8,1,5,NULL,1,4,1,1
117354,8,2,6,4,0,4,1,0
117355,8,2,6,NULL,1,3,1,1
117356,9,2,7,NULL,1,2,0,1
117357,9,1,7,4,0,3,1,0
117358,9,1,7,NULL,1,1,0,1
117359,9,2,7,NULL,1,2,0,1
117360,10,1,7,NULL,0,2,0,1
117361,10,2,7,NULL,1,3,1,1
117362,11,1,1,NULL,1,3,1,1
117363,10,1,7,NULL,0,2,0,1
117364,9,1,7,NULL,0,2,0,1
117365,9,2,7,NULL,1,4,1,1
117366,9,2,7,NULL,0,3,1,1
117369,9,2,7,4,0,4,1,0
117370,9,2,7,NULL,0,3,1,1
117372,10,2,7,3,1,4,1,0
117374,9,1,7,4,1,3,1,0
117375,10,2,7,NULL,1,3,1,1
117376,4,1,1,NULL,1,2,0,1
117377,4,2,1,3,1,2,0,0
117378,4,1,1,4,1,4,1,0
117379,3,1,1,4,0,4,1,0
117380,3,1,1,4,0,1,0,0
117381,4,2,1,4,1,3,1,0
117382,3,1,1,3,1,3,1,0
117383,4,2,1,4,0,2,0,0
117384,4,2,1,4,0,3,1,0
117386,4,2,1,4,1,3,1,0
117387,4,2,1,4,1,3,1,0
117388,3,2,1,4,1,4,1,0
117389,3,1,1,4,1,3,1,0
117390,4,1,1,NULL,1,4,1,1
117391,4,1,1,2,1,2,0,0
117393,4,2,1,4,1,3,1,0
117396,4,1,1,3,0,4,1,0
117397,3,2,1,2,1,1,0,0
117398,4,1,1,4,1,3,1,0
117399,4,1,1,4,0,2,0,0
117400,3,2,1,4,0,3,1,0
117402,4,1,1,NULL,1,3,1,1
117403,5,1,1,NULL,1,2,0,1
117405,4,1,1,4,0,3,1,0
117407,4,2,1,NULL,0,1,0,0
117408,3,2,1,4,0,4,1,0
117409,4,2,1,4,0,3,1,0
117410,3,2,1,4,1,4,1,0
117412,4,2,1,4,1,4,1,0
117413,4,2,1,4,0,2,0,0
117415,4,2,1,4,0,3,1,0
117416,3,1,1,4,0,3,1,0
117417,4,1,1,4,0,4,1,0
117418,3,1,1,4,0,4,1,0
117420,4,1,1,NULL,1,3,1,1
117421,4,2,1,4,0,4,1,0
117423,3,2,1,4,1,4,1,0
117424,3,2,1,4,1,3,1,0
117425,3,1,1,3,1,3,1,0
117426,3,2,1,4,0,4,1,0
117427,3,2,1,4,1,3,1,0
117429,4,1,1,4,1,3,1,0
117430,3,1,1,4,1,3,1,0
117431,3,1,1,4,0,3,1,0
117432,3,1,1,4,0,3,1,0
117433,3,2,1,3,1,4,1,0
117434,3,2,1,4,1,4,1,0
117435,4,2,1,4,0,4,1,0
117436,3,2,1,4,1,2,0,0
117437,3,2,1,4,0,3,1,0
117438,4,1,1,4,0,3,1,0
117439,3,2,1,NULL,0,4,1,0
117440,3,2,1,4,0,4,1,0
117441,3,1,1,2,0,1,0,0
117442,3,2,1,4,0,3,1,0
117443,4,1,2,3,1,2,0,0
117444,5,2,2,3,1,3,1,0
117445,5,1,2,3,0,3,1,0
117446,4,2,2,4,0,3,1,0
117447,4,2,2,3,0,2,0,0
117448,5,1,2,4,0,3,1,0
117449,5,1,2,4,1,3,1,0
117450,4,1,2,4,0,3,1,0
117451,4,2,2,3,0,3,1,0
117452,5,1,2,3,0,4,1,0
117453,5,1,2,4,0,4,1,0
117454,5,1,2,4,1,3,1,0
117455,4,1,2,4,1,3,1,0
117456,5,1,2,NULL,1,3,1,1
117457,5,1,2,4,1,3,1,0
117458,4,2,2,3,0,3,1,0
117459,4,1,2,4,1,4,1,0
117460,4,1,2,3,0,1,0,0
117461,5,2,2,2,1,2,0,0
117463,7,2,5,2,0,1,0,0
117464,6,2,3,4,0,4,1,0
117468,5,1,3,2,0,3,1,0
117469,5,1,3,4,1,4,1,0
117471,5,1,3,4,1,3,1,0
117474,6,2,3,NULL,1,4,1,1
117475,5,1,3,4,0,2,0,0
117476,7,2,4,4,0,3,1,0
117477,6,1,4,4,1,3,1,0
117478,7,2,4,4,0,3,1,0
117480,6,2,4,4,1,4,1,0
117481,7,2,4,3,1,3,1,0
117482,7,1,4,4,0,4,1,0
117484,7,2,4,NULL,1,2,0,1
117485,6,2,4,4,0,3,1,0
117486,7,1,4,3,0,3,1,0
117487,7,1,4,4,1,3,1,0
117488,7,2,4,4,1,4,1,0
117489,7,1,4,NULL,1,3,1,1
117490,7,1,4,4,0,4,1,0
117491,7,1,4,4,0,4,1,0
117492,7,2,4,3,1,4,1,0
117493,7,1,4,3,0,2,0,0
117494,7,1,4,NULL,0,2,0,1
117495,6,2,4,NULL,1,3,1,1
117496,6,2,4,4,1,4,1,0
117497,6,2,4,3,0,4,1,0
117498,7,2,4,4,0,4,1,0
117499,6,1,4,NULL,0,2,0,1
117500,7,1,4,4,0,3,1,0
117502,7,1,5,NULL,0,3,1,1
117504,7,1,5,4,1,3,1,0
117505,8,1,5,4,0,3,1,0
117506,7,1,5,NULL,0,2,0,1
117507,8,2,5,4,0,4,1,0
117508,7,1,5,4,0,3,1,0
117509,7,2,5,4,0,3,1,0
117510,7,1,5,3,0,3,1,0
117511,7,1,5,4,0,4,1,0
117512,8,2,5,4,0,1,0,0
117513,7,1,5,NULL,0,3,1,1
117514,8,2,5,NULL,1,2,0,1
117515,8,1,5,NULL,0,4,1,1
117516,8,2,5,NULL,1,3,1,1
117517,8,2,5,NULL,1,3,1,1
117518,8,1,5,4,0,4,1,0
117519,8,1,5,4,0,3,1,0
117520,7,2,5,4,1,3,1,0
117521,8,2,5,4,1,4,1,0
117522,8,2,5,3,1,2,0,0
117523,7,2,5,4,1,2,0,0
117524,8,2,5,NULL,1,4,1,1
117525,8,2,5,3,1,3,1,0
117526,7,2,5,4,1,3,1,0
117527,7,2,5,NULL,1,3,1,1
117528,7,1,4,4,0,4,1,0
117529,10,1,5,4,0,3,1,0
117530,8,1,4,4,0,4,1,0
117531,9,1,6,NULL,1,4,1,1
117532,9,2,6,NULL,0,3,1,1
117533,9,1,6,4,0,3,1,0
117534,8,1,6,4,0,4,1,0
117535,9,1,6,4,0,3,1,0
117536,8,2,6,NULL,0,2,0,1
117538,8,1,6,NULL,1,3,1,1
117539,8,2,6,4,1,4,1,0
117540,8,2,7,4,0,3,1,0
117541,8,2,6,NULL,0,4,1,1
117542,9,1,6,NULL,1,3,1,1
117543,9,1,6,4,0,2,0,0
117544,9,2,6,4,0,3,1,0
117545,9,2,6,4,0,3,1,0
117546,9,2,6,NULL,0,3,1,1
117547,9,2,6,NULL,1,3,1,1
117548,7,1,5,4,0,3,1,0
117549,7,2,5,4,1,3,1,0
117550,8,1,5,4,0,3,1,0
117551,9,2,6,4,1,4,1,0
117552,8,1,5,4,1,4,1,0
117553,8,1,6,NULL,0,3,1,1
117554,9,2,6,NULL,0,3,1,1
117556,9,1,6,4,0,3,1,0
117557,8,2,5,NULL,1,3,1,1
117558,10,1,6,NULL,1,3,1,1
117559,9,2,6,4,0,3,1,0
117560,7,1,5,NULL,1,3,1,1
117561,9,2,6,4,1,3,1,0
117562,7,2,5,4,0,2,0,0
117564,11,1,7,4,1,2,0,0
117565,9,2,7,NULL,1,2,0,1
117566,10,1,7,NULL,0,3,1,1
117567,10,2,7,4,1,1,0,0
117568,10,1,6,4,1,3,1,0
117569,11,1,7,NULL,0,3,1,1
117570,10,1,7,NULL,1,2,0,1
117571,9,1,7,3,0,2,0,0
117572,10,2,7,3,0,2,0,0
117573,9,2,7,NULL,0,4,1,1
117574,10,2,7,NULL,0,3,1,1
117575,5,2,2,NULL,1,3,1,1
117576,5,2,2,3,0,4,1,0
117577,5,2,2,4,0,3,1,0
117578,4,1,2,4,1,2,0,0
117579,5,1,2,3,1,3,1,0
117580,5,1,2,4,1,3,1,0
117581,5,1,2,3,1,2,0,0
117582,4,1,2,3,1,3,1,0
117583,5,2,2,4,0,3,1,0
117584,5,1,2,4,0,4,1,0
117585,4,1,2,3,1,4,1,0
117586,5,2,2,4,0,4,1,0
117587,5,1,3,3,1,4,1,0
117588,6,2,3,4,0,3,1,0
117589,5,2,3,NULL,1,2,0,1
117590,5,2,3,4,0,2,0,0
117591,5,2,3,3,0,3,1,0
117592,7,1,3,NULL,0,4,1,1
117593,5,1,3,3,1,4,1,0
117594,5,1,3,4,1,3,1,0
117595,6,1,3,3,0,3,1,0
117596,5,2,3,4,0,4,1,0
117597,6,1,3,4,1,4,1,0
117598,6,2,3,3,0,2,0,0
117599,6,1,3,NULL,1,3,1,1
117600,6,2,3,NULL,1,3,1,1
117601,5,1,2,3,0,4,1,0
117602,5,2,2,3,0,4,1,0
117603,5,1,2,3,1,2,0,0
117604,4,2,2,4,1,2,0,0
117605,5,1,2,4,0,3,1,0
117607,5,2,2,2,0,3,1,0
117608,4,1,2,3,1,3,1,0
117609,5,2,2,4,0,4,1,0
117610,4,2,2,4,0,3,1,0
117611,5,1,2,3,0,4,1,0
117612,4,2,2,4,0,4,1,0
117613,4,2,2,3,0,3,1,0
117614,5,1,2,4,0,3,1,0
117615,6,2,3,3,1,2,0,0
117616,6,2,3,3,0,3,1,0
117617,6,1,3,4,1,3,1,0
117618,6,1,3,4,1,3,1,0
117619,6,2,3,NULL,0,2,0,1
117620,6,2,3,NULL,1,2,0,1
117621,6,2,3,NULL,1,3,1,1
117622,6,1,3,NULL,1,3,1,1
117623,5,2,3,4,0,3,1,0
117624,6,1,3,3,0,3,1,0
117625,6,2,3,3,0,3,1,0
117626,6,1,3,4,1,4,1,0
117627,6,2,3,4,0,3,1,0
117628,5,1,3,4,1,3,1,0
117629,8,2,5,NULL,0,4,1,1
117632,8,2,5,NULL,1,3,1,1
117635,7,1,5,3,0,4,1,0
117639,8,2,5,4,0,4,1,0
117642,8,2,5,NULL,0,2,0,1
117643,8,2,5,NULL,1,2,0,1
117646,8,1,5,4,1,3,1,0
117647,7,2,5,NULL,1,4,1,1
117648,8,1,5,4,1,4,1,0
117649,8,2,5,4,0,3,1,0
117650,8,1,5,3,1,3,1,0
117651,8,2,5,4,1,3,1,0
117652,7,2,5,4,1,3,1,0
117654,8,1,5,3,0,3,1,0
117656,8,2,5,NULL,0,4,1,1
117657,8,2,5,NULL,1,3,1,1
117658,8,2,5,NULL,1,4,1,1
117659,8,2,4,4,0,3,1,0
117660,7,2,5,3,0,3,1,0
117662,8,1,5,NULL,0,2,0,1
117663,8,1,5,4,1,3,1,0
117664,8,1,5,3,0,4,1,0
117665,8,2,5,NULL,1,3,1,1
117666,9,2,5,4,1,4,1,0
117667,8,1,5,NULL,0,4,1,1
117668,7,2,5,4,0,3,1,0
117669,8,2,5,3,1,2,0,0
117670,8,2,5,4,0,3,1,0
117671,9,2,5,2,1,3,1,0
117672,7,1,5,4,1,3,1,0
117673,8,1,5,4,1,3,1,0
117674,9,1,5,4,1,3,1,0
117675,7,1,5,NULL,0,3,1,1
117676,8,2,5,3,0,2,0,0
117677,9,1,6,4,1,2,0,0
117678,9,1,6,NULL,1,3,1,1
117679,9,1,6,NULL,1,3,1,1
117682,9,1,6,NULL,1,3,1,1
117683,9,2,6,4,0,3,1,0
117686,8,1,6,4,1,3,1,0
117687,9,2,6,4,1,4,1,0
117688,9,2,6,4,1,4,1,0
117689,9,2,6,4,0,4,1,0
117691,10,1,6,NULL,1,2,0,1
117692,9,2,6,NULL,0,4,1,1
117693,9,2,6,NULL,1,4,1,1
117694,9,2,6,3,0,3,1,0
117695,9,1,6,3,0,3,1,0
117696,9,1,6,4,1,3,1,0
117697,8,2,6,4,1,4,1,0
117698,9,2,6,3,1,3,1,0
117699,10,1,7,4,0,4,1,0
117702,10,1,7,3,1,3,1,0
117703,10,1,7,NULL,1,3,1,1
117705,10,1,7,4,1,3,1,0
117706,10,1,7,4,1,3,1,0
117707,10,2,7,4,0,4,1,0
117709,10,1,7,NULL,0,4,1,1
117710,10,2,7,4,0,4,1,0
117711,10,1,7,4,1,3,1,0
117712,11,1,7,4,1,3,1,0
117713,9,1,7,4,0,4,1,0
117715,10,1,7,NULL,1,3,1,1
117716,7,2,4,1,1,4,1,0
117717,6,1,4,4,0,3,1,0
117718,6,2,4,4,0,4,1,0
117719,6,1,4,4,0,1,0,0
117720,7,2,4,NULL,1,4,1,1
117721,6,1,4,4,0,4,1,0
117722,7,1,4,4,1,3,1,0
117723,7,2,4,4,0,4,1,0
117724,7,2,4,4,0,4,1,0
117725,6,1,4,4,0,3,1,0
117727,6,1,4,NULL,0,3,1,1
117728,7,1,4,4,0,3,1,0
117729,6,2,4,4,0,4,1,0
117730,7,1,4,4,1,4,1,0
117731,6,2,4,2,1,2,0,0
117732,7,1,4,4,1,2,0,0
117733,6,2,4,3,0,2,0,0
117734,7,1,5,1,1,1,0,0
117736,8,2,5,3,1,4,1,0
117737,7,2,5,NULL,1,2,0,1
117738,7,1,5,4,0,4,1,0
117740,8,2,5,NULL,0,1,0,1
117741,8,1,5,NULL,1,2,0,1
117742,8,1,6,NULL,1,1,0,1
117743,9,1,6,4,0,4,1,0
117744,9,2,6,NULL,1,3,1,1
117746,9,1,6,4,0,4,1,0
117749,9,1,6,4,0,4,1,0
117751,9,1,6,4,0,4,1,0
117752,8,2,6,1,0,4,1,0
117753,10,2,6,NULL,1,4,1,1
117754,9,1,7,4,0,4,1,0
117755,9,2,7,4,0,4,1,0
117757,10,2,7,NULL,0,2,0,1
117758,9,2,7,4,1,4,1,0
117759,9,1,7,NULL,1,4,1,1
117760,10,2,7,4,0,4,1,0
117762,10,2,7,4,1,4,1,0
117763,10,1,7,NULL,1,4,1,1
117764,10,2,7,NULL,0,2,0,1
117766,4,2,1,3,1,4,1,0
117767,4,2,1,4,0,3,1,0
117768,4,1,1,4,1,3,1,0
117772,3,2,1,4,0,4,1,0
117773,3,1,1,4,0,3,1,0
117776,4,2,1,NULL,1,3,1,1
117777,3,1,1,4,1,3,1,0
117779,3,1,1,4,0,4,1,0
117780,4,2,1,4,1,3,1,0
117781,4,2,1,4,0,2,0,0
117783,3,2,1,4,1,3,1,0
117784,4,1,1,4,1,3,1,0
117787,3,1,1,4,1,4,1,0
117788,3,2,1,4,0,3,1,0
117791,4,1,1,4,0,3,1,0
117792,5,2,2,4,1,3,1,0
117793,4,2,2,4,1,3,1,0
117794,5,1,2,3,1,3,1,0
117795,6,1,2,4,0,3,1,0
117796,5,1,2,4,1,2,0,0
117797,4,2,2,4,1,4,1,0
117798,5,1,2,3,0,2,0,0
117799,5,2,2,4,0,4,1,0
117800,4,2,2,4,1,4,1,0
117801,4,2,2,4,0,4,1,0
117802,5,1,2,4,0,4,1,0
117804,5,1,2,NULL,1,4,1,1
117805,5,2,2,4,0,4,1,0
117806,5,2,2,NULL,1,3,1,0
117807,4,1,2,4,0,4,1,0
117808,5,2,2,4,0,3,1,0
117809,5,2,2,2,1,2,0,0
117810,5,1,2,3,0,3,1,0
117811,5,1,2,4,0,3,1,0
117812,5,2,2,3,0,4,1,0
117813,4,2,2,4,0,4,1,0
117814,5,1,2,4,0,4,1,0
117815,6,1,3,4,0,4,1,0
117816,5,2,3,4,0,3,1,0
117817,6,2,3,4,0,3,1,0
117818,5,1,3,4,1,3,1,0
117819,6,2,3,4,0,4,1,0
117820,5,2,3,NULL,1,3,1,1
117821,6,1,3,NULL,1,2,0,1
117822,5,2,3,4,0,3,1,0
117823,6,2,3,4,0,4,1,0
117824,5,1,3,4,0,3,1,0
117825,6,2,3,4,1,4,1,0
117826,6,2,3,4,1,4,1,0
117827,6,1,3,4,0,4,1,0
117828,5,2,3,2,1,3,1,0
117829,5,2,3,4,0,4,1,0
117830,5,1,3,NULL,1,3,1,1
117831,7,2,3,2,1,4,1,0
117832,6,2,3,NULL,1,4,1,1
117833,5,1,3,4,1,3,1,0
117834,5,2,3,NULL,0,2,0,1
117835,6,2,3,4,1,3,1,0
117836,6,2,3,4,1,2,0,0
117837,5,2,3,4,1,4,1,0
117838,11,1,5,4,0,2,0,0
117839,6,2,3,4,1,4,1,0
117840,5,2,3,3,0,3,1,0
117841,6,1,3,4,0,2,0,0
117843,5,2,3,4,1,4,1,0
117845,6,2,3,4,1,2,0,0
117846,5,1,2,4,1,4,1,0
117847,4,2,2,4,0,3,1,0
117848,5,1,2,4,1,3,1,0
117849,5,2,2,4,1,3,1,0
117850,3,2,1,4,0,2,0,0
117851,4,1,2,4,1,3,1,0
117852,4,1,2,2,1,3,1,0
117853,5,1,3,4,1,4,1,0
117854,5,2,2,4,1,2,0,0
117855,5,1,3,4,1,1,0,0
117857,5,2,3,3,1,3,1,0
117858,6,1,3,4,0,2,0,0
117859,5,1,3,4,0,4,1,0
117860,6,1,3,2,0,4,1,0
117861,5,2,3,4,1,3,1,0
117862,5,2,3,4,0,4,1,0
117864,5,1,3,4,0,2,0,0
117865,6,1,3,4,0,3,1,0
117866,5,1,3,4,0,4,1,0
117867,5,2,3,NULL,0,4,1,1
117868,5,1,3,4,1,4,1,0
117870,4,2,1,4,1,3,1,0
117871,4,2,1,4,0,4,1,0
117872,6,1,3,4,1,1,0,0
117873,4,1,1,4,0,3,1,0
117874,4,2,1,3,0,4,1,0
117875,3,1,1,4,0,4,1,0
117876,4,1,1,4,0,4,1,0
117877,4,2,1,4,1,2,0,0
117878,3,2,1,3,0,4,1,0
117880,5,2,2,3,1,3,1,0
117882,5,1,2,4,0,3,1,0
117883,5,1,2,3,0,3,1,0
117884,4,2,2,4,0,2,0,0
117885,2,1,1,4,0,4,1,0
117886,4,2,1,4,0,2,0,0
117887,3,2,1,4,0,3,1,0
117888,3,1,1,4,0,1,0,0
117889,3,2,1,3,0,2,0,0
117890,3,2,1,3,0,3,1,0
117891,4,2,1,4,1,3,1,0
117892,4,2,1,3,1,4,1,0
117893,3,1,1,4,0,3,1,0
117894,3,2,1,4,1,4,1,0
117895,4,2,1,4,0,3,1,0
117896,4,1,1,3,1,4,1,0
117897,6,2,4,4,1,4,1,0
117898,7,2,4,4,1,4,1,0
117899,7,2,4,4,1,3,1,0
117900,6,2,4,4,0,3,1,0
117901,7,1,4,4,0,4,1,0
117903,6,2,4,NULL,0,4,1,1
117904,7,1,4,4,0,3,1,0
117905,6,2,4,NULL,0,4,1,1
117906,7,2,4,4,1,4,1,0
117907,7,1,4,NULL,1,2,0,1
117908,7,2,4,4,0,4,1,0
117909,7,1,4,4,1,3,1,0
117910,7,2,4,2,0,3,1,0
117911,9,1,5,NULL,0,3,1,1
117912,7,2,4,4,1,4,1,0
117914,7,2,4,4,0,4,1,0
117915,7,2,4,4,1,4,1,0
117916,7,2,4,4,0,3,1,0
117917,7,1,4,3,1,4,1,0
117918,7,2,4,NULL,1,3,1,1
117919,7,2,4,4,0,3,1,0
117920,7,1,4,NULL,1,2,0,1
117921,7,1,4,3,0,3,1,0
117922,6,2,4,NULL,0,4,1,1
117923,7,1,4,4,1,4,1,0
117924,7,1,4,4,0,3,1,0
117925,7,2,5,NULL,0,2,0,1
117927,8,1,5,2,0,4,1,0
117928,8,2,5,NULL,1,3,1,1
117930,7,2,5,4,0,3,1,0
117931,7,2,5,4,0,3,1,0
117932,8,2,5,4,0,4,1,0
117933,7,2,5,4,0,2,0,0
117936,7,2,5,NULL,1,1,0,1
117939,8,1,6,4,0,4,1,0
117940,8,1,5,4,0,3,1,0
117941,8,2,5,3,0,3,1,0
117942,8,2,5,NULL,1,3,1,1
117943,7,1,5,3,0,4,1,0
117945,9,2,5,4,0,4,1,0
117948,8,2,5,3,0,4,1,0
117949,7,2,5,3,0,4,1,0
117950,8,1,5,2,1,2,0,0
117951,8,2,5,4,0,4,1,0
117952,7,1,5,4,1,4,1,0
117953,7,2,5,4,0,2,0,0
117954,7,2,5,3,0,3,1,0
117956,7,2,5,3,0,3,1,0
117957,7,2,5,3,1,4,1,0
117958,7,2,5,NULL,1,3,1,1
117960,8,1,5,NULL,1,4,1,1
117961,8,2,5,3,0,3,1,0
117962,8,2,5,4,0,3,1,0
117963,9,1,6,NULL,1,2,0,1
117964,9,2,6,NULL,1,2,0,1
117966,8,2,6,4,1,4,1,0
117967,9,2,6,4,1,4,1,0
117969,9,1,6,4,0,4,1,0
117970,9,1,6,NULL,1,3,1,1
117971,8,1,6,3,1,2,0,0
117973,8,1,6,4,1,4,1,0
117974,9,2,6,4,1,4,1,0
117975,9,1,6,4,1,3,1,0
117977,8,1,6,4,1,4,1,0
117979,8,1,6,NULL,0,3,1,1
117980,9,1,6,NULL,1,2,0,1
117981,8,1,6,3,0,3,1,0
117982,8,1,6,3,0,3,1,0
117983,8,1,6,4,1,3,1,0
117984,8,2,6,NULL,0,3,1,1
117985,10,2,6,4,1,3,1,0
117987,8,2,6,NULL,1,4,1,1
117988,9,2,6,NULL,1,3,1,1
117989,9,1,6,NULL,1,3,1,1
117990,9,1,6,NULL,1,3,1,1
117991,8,2,6,NULL,0,3,1,1
117992,10,2,7,NULL,1,4,1,1
117993,9,1,7,3,0,3,1,0
117995,9,1,7,4,1,3,1,0
117996,10,2,7,4,1,4,1,0
117997,11,1,7,4,0,3,1,0
117998,9,1,7,3,0,3,1,0
117999,10,2,7,4,1,3,1,0
118000,9,2,7,NULL,1,4,1,1
118001,9,2,7,3,0,3,1,0
118002,10,1,7,4,0,4,1,0
118003,10,1,7,NULL,0,2,0,1
118004,9,1,7,4,0,4,1,0
118005,9,1,7,3,1,3,1,0
118006,10,1,7,NULL,0,3,1,1
118007,10,2,7,4,1,4,1,0
118008,9,1,7,2,0,3,1,0
118009,10,1,7,4,1,3,1,0
118010,9,2,7,NULL,1,4,1,1
118011,9,2,7,NULL,1,3,1,1
118012,10,1,7,NULL,1,4,1,1
118013,11,1,7,2,1,2,0,0
118014,10,2,7,4,1,2,0,0
118015,9,2,7,NULL,1,2,0,1
118017,10,1,7,4,0,2,0,0
118018,10,1,7,NULL,1,2,0,1
118019,10,1,7,NULL,1,3,1,1
118020,9,1,7,4,0,2,0,0
118022,10,2,7,4,0,2,0,0
118023,10,1,7,NULL,1,4,1,1
118024,7,1,4,4,0,3,1,0
118025,8,1,4,NULL,1,2,0,1
118026,8,2,4,NULL,1,3,1,1
118028,7,1,4,NULL,1,4,1,1
118029,8,1,4,4,1,2,0,0
118030,6,2,4,NULL,1,3,1,1
118032,7,1,4,4,0,4,1,0
118033,7,1,4,4,1,4,1,0
118035,6,2,4,2,0,4,1,0
118036,6,2,4,3,0,3,1,0
118038,8,1,4,3,0,4,1,0
118039,7,2,4,4,0,4,1,0
118040,8,1,4,4,0,4,1,0
118041,7,2,4,NULL,1,4,1,1
118045,7,1,4,4,0,4,1,0
118046,7,2,4,4,1,3,1,0
118047,8,1,4,4,0,1,0,0
118049,8,1,4,3,0,4,1,0
118050,7,2,4,4,0,3,1,0
118051,7,1,4,NULL,0,3,1,1
118052,9,1,7,NULL,1,3,1,1
118053,9,1,7,2,1,4,1,0
118055,9,1,7,4,0,4,1,0
118057,11,2,7,NULL,1,2,0,1
118058,9,1,7,4,0,3,1,0
118059,10,1,7,4,0,3,1,0
118060,4,1,1,4,1,3,1,0
118061,3,1,1,4,0,4,1,0
118062,6,1,2,3,0,3,1,0
118063,3,2,1,4,1,3,1,0
118064,3,2,1,3,1,3,1,0
118065,3,2,1,3,0,4,1,0
118066,3,1,1,4,1,3,1,0
118067,3,1,1,4,1,3,1,0
118068,4,2,1,4,1,3,1,0
118069,4,1,1,4,0,4,1,0
118070,4,1,1,3,1,4,1,0
118071,3,1,1,NULL,1,3,1,1
118072,3,1,1,NULL,1,4,1,1
118073,3,2,1,4,0,2,0,0
118074,4,2,1,3,1,2,0,0
118076,4,1,1,4,0,3,1,0
118077,4,2,1,4,1,3,1,0
118078,4,2,1,4,0,3,1,0
118079,5,1,1,4,0,4,1,0
118081,4,1,1,4,0,2,0,0
118082,3,2,1,4,0,4,1,0
118083,4,1,1,3,1,3,1,0
118084,4,1,1,4,0,4,1,0
118085,3,1,1,NULL,0,3,1,1
118086,5,2,1,4,0,4,1,0
118087,4,1,1,4,0,4,1,0
118088,4,2,1,3,1,4,1,0
118089,5,2,1,2,1,3,1,0
118090,3,1,1,4,0,3,1,0
118091,4,1,1,4,0,4,1,0
118092,4,1,1,NULL,1,4,1,1
118093,4,2,1,4,0,4,1,0
118094,4,1,1,3,1,3,1,0
118095,6,2,4,3,1,3,1,0
118096,6,1,4,3,0,2,0,0
118097,6,1,4,4,1,3,1,0
118098,7,2,4,4,0,4,1,0
118099,7,2,4,4,0,1,0,0
118100,6,2,4,3,1,4,1,0
118101,6,1,4,3,0,4,1,0
118102,6,2,4,4,0,4,1,0
118103,7,1,4,4,0,3,1,0
118104,6,1,4,4,1,1,0,0
118105,6,1,4,4,0,4,1,0
118106,6,1,4,4,1,4,1,0
118107,7,1,4,4,0,3,1,0
118108,6,1,4,NULL,0,2,0,1
118110,6,2,4,NULL,1,3,1,1
118112,6,1,4,NULL,1,2,0,1
118114,8,1,5,3,0,3,1,0
118115,8,2,5,4,0,3,1,0
118116,7,2,5,3,0,4,1,0
118117,8,2,5,4,0,4,1,0
118118,7,2,5,4,0,4,1,0
118119,7,1,5,4,0,3,1,0
118120,7,1,5,4,0,4,1,0
118121,7,1,5,3,0,4,1,0
118122,7,2,5,4,1,4,1,0
118123,8,1,5,4,0,4,1,0
118124,8,2,5,NULL,1,3,1,1
118125,7,1,5,3,0,2,0,0
118126,8,1,5,3,1,3,1,0
118127,8,2,5,4,0,4,1,0
118128,8,1,5,3,1,2,0,0
118129,7,2,4,4,1,3,1,0
118130,9,1,6,NULL,1,3,1,1
118131,9,2,6,NULL,1,4,1,1
118132,9,2,6,NULL,1,2,0,1
118133,9,2,6,NULL,1,2,0,1
118135,8,2,6,4,0,4,1,0
118136,8,1,6,NULL,1,3,1,1
118138,8,1,6,NULL,1,2,0,1
118139,8,2,6,3,1,3,1,0
118140,9,1,7,NULL,1,3,1,1
118141,10,1,7,4,0,3,1,0
118143,9,2,7,3,0,3,1,0
118144,9,2,7,4,0,4,1,0
118145,11,1,7,NULL,1,2,0,1
118146,10,2,7,4,0,4,1,0
118147,9,1,7,4,0,4,1,0
118148,9,2,7,NULL,1,3,1,1
118149,10,2,7,NULL,1,2,0,1
118150,10,1,7,4,0,2,0,0
118151,9,2,7,4,0,3,1,0
118152,9,2,7,4,1,4,1,0
118153,9,2,7,NULL,1,3,1,1
118154,10,2,7,4,1,3,1,0
118155,10,2,7,3,0,4,1,0
118156,9,1,7,NULL,0,3,1,1
118157,10,2,7,4,1,4,1,0
118158,8,1,6,4,1,3,1,0
118159,9,2,6,3,1,4,1,0
118160,9,2,6,3,1,3,1,0
118161,9,1,6,4,1,2,0,0
118162,8,2,6,NULL,1,4,1,1
118163,9,1,6,NULL,1,2,0,1
118164,8,2,6,NULL,0,4,1,1
118165,4,2,1,4,0,3,1,0
118166,3,1,1,4,0,3,1,0
118167,4,1,1,4,1,4,1,0
118168,3,1,1,3,0,4,1,0
118169,3,1,1,4,0,4,1,0
118170,4,1,1,4,1,3,1,0
118171,4,2,1,NULL,1,4,1,0
118172,4,2,1,4,1,3,1,0
118174,4,1,1,3,0,3,1,0
118175,4,2,1,4,1,3,1,0
118176,3,2,1,4,0,4,1,0
118177,3,2,1,4,0,3,1,0
118178,3,2,1,3,1,3,1,0
118179,3,1,1,NULL,0,3,1,0
118180,3,1,1,3,1,3,1,0
118181,4,1,1,4,0,4,1,0
118182,4,2,1,4,0,4,1,0
118183,3,1,1,4,0,4,1,0
118184,3,1,1,4,0,3,1,0
118185,3,1,1,4,0,4,1,0
118186,4,1,1,4,0,3,1,0
118187,3,1,1,4,0,3,1,0
118188,4,2,1,4,1,3,1,0
118190,3,1,1,4,1,3,1,0
118191,4,1,1,4,1,4,1,0
118193,4,1,1,4,0,4,1,0
118194,3,2,1,2,1,2,0,0
118195,3,2,1,4,0,4,1,0
118196,3,2,1,4,0,3,1,0
118197,4,1,1,4,1,1,0,0
118198,4,1,1,4,1,4,1,0
118199,3,2,1,3,1,3,1,0
118200,4,1,1,4,0,4,1,0
118201,3,2,1,4,0,3,1,0
118202,4,2,1,4,1,4,1,0
118203,4,1,1,4,0,4,1,0
118204,4,2,1,2,0,2,0,0
118205,3,1,1,4,0,4,1,0
118206,4,2,1,3,1,3,1,0
118207,4,1,1,3,1,4,1,0
118208,3,1,1,4,0,1,0,0
118210,4,1,1,4,0,3,1,0
118211,4,1,1,4,0,4,1,0
118212,3,1,1,4,0,4,1,0
118213,3,2,1,4,0,3,1,0
118214,3,2,1,2,0,2,0,0
118215,3,2,1,4,1,3,1,0
118216,3,2,1,4,0,3,1,0
118217,5,2,2,4,0,4,1,0
118218,5,1,2,4,0,2,0,0
118219,5,1,2,4,0,3,1,0
118220,5,2,2,4,0,4,1,0
118221,4,2,2,4,0,3,1,0
118222,4,2,2,4,1,3,1,0
118223,4,1,2,3,0,4,1,0
118224,4,1,2,4,0,4,1,0
118225,5,1,2,4,0,3,1,0
118226,5,2,2,4,0,3,1,0
118227,5,2,2,4,0,4,1,0
118228,4,2,2,3,1,3,1,0
118229,4,2,2,NULL,1,2,0,1
118230,5,1,2,4,0,3,1,0
118231,5,1,2,4,0,4,1,0
118232,5,2,2,4,0,3,1,0
118233,5,1,2,3,0,2,0,0
118234,4,2,2,4,0,4,1,0
118235,4,1,2,4,0,3,1,0
118236,5,1,2,4,0,4,1,0
118237,4,1,2,4,1,4,1,0
118238,5,1,2,3,0,4,1,0
118239,5,1,2,3,0,3,1,0
118240,4,1,2,4,0,3,1,0
118241,5,1,2,4,0,3,1,0
118242,5,1,2,4,0,4,1,0
118244,4,1,2,4,0,3,1,0
118245,5,2,2,4,0,3,1,0
118246,4,1,2,4,0,4,1,0
118247,5,2,2,3,0,4,1,0
118248,4,1,2,4,0,3,1,0
118249,4,2,2,4,1,3,1,0
118250,4,1,2,3,1,4,1,0
118251,5,1,2,4,0,4,1,0
118252,5,1,2,3,0,3,1,0
118253,5,1,2,4,0,4,1,0
118254,5,2,2,4,0,4,1,0
118255,5,1,2,3,0,3,1,0
118256,4,2,2,4,0,3,1,0
118257,5,2,2,4,0,3,1,0
118258,5,2,2,NULL,1,3,1,1
118259,5,2,2,NULL,1,3,1,1
118260,5,1,2,4,0,3,1,0
118261,5,2,2,NULL,1,4,1,1
118262,5,1,2,3,0,3,1,0
118263,5,1,2,4,0,3,1,0
118264,5,1,2,4,1,3,1,0
118265,4,2,2,4,1,3,1,0
118266,5,1,2,3,0,3,1,0
118267,5,1,2,2,1,3,1,0
118268,5,2,2,4,0,3,1,0
118269,5,2,2,3,0,4,1,0
118270,5,1,2,4,0,4,1,0
118271,5,1,2,4,1,3,1,0
118272,4,2,2,4,0,4,1,0
118273,6,2,3,4,0,3,1,0
118274,5,1,3,4,0,4,1,0
118275,5,2,3,4,0,2,0,0
118277,5,1,3,3,0,3,1,0
118278,6,2,3,4,0,3,1,0
118279,6,1,3,4,1,2,0,0
118280,5,2,3,4,0,3,1,0
118282,5,1,3,4,0,3,1,0
118283,6,1,3,4,0,3,1,0
118286,6,2,3,4,0,4,1,0
118287,5,2,3,4,1,3,1,0
118288,6,1,3,4,0,4,1,0
118289,5,2,3,NULL,0,3,1,0
118290,6,2,3,3,1,2,0,0
118291,5,2,3,3,1,3,1,0
118292,5,2,3,4,0,4,1,0
118293,6,1,3,4,0,4,1,0
118296,6,2,3,NULL,1,2,0,1
118298,6,2,3,3,1,3,1,0
118299,5,2,3,4,0,4,1,0
118300,5,1,3,4,0,4,1,0
118301,6,2,3,3,1,3,1,0
118302,5,2,3,3,1,3,1,0
118303,6,2,3,4,0,4,1,0
118304,5,1,3,4,0,3,1,0
118305,6,2,3,4,0,4,1,0
118306,5,1,3,4,0,3,1,0
118307,6,1,3,4,0,3,1,0
118308,6,1,3,4,0,3,1,0
118309,6,1,3,4,1,2,0,0
118310,5,1,3,4,0,4,1,0
118311,6,1,3,4,1,4,1,0
118312,6,1,3,3,1,3,1,0
118313,6,1,3,4,0,2,0,0
118314,5,2,3,4,0,4,1,0
118315,6,1,3,4,0,4,1,0
118316,6,1,3,4,0,4,1,0
118317,6,1,3,4,0,4,1,0
118318,5,1,3,3,0,3,1,0
118319,6,1,3,4,1,3,1,0
118320,5,2,3,4,1,4,1,0
118321,5,2,3,3,0,4,1,0
118322,5,1,3,4,0,3,1,0
118323,6,2,3,4,1,2,0,0
118324,5,1,3,4,0,3,1,0
118325,5,1,3,3,1,4,1,0
118326,5,1,3,4,0,3,1,0
118327,6,1,4,4,1,3,1,0
118329,9,1,5,4,0,4,1,0
118330,6,1,4,4,0,1,0,0
118331,7,2,4,3,0,2,0,0
118332,7,2,4,1,0,4,1,0
118333,8,1,4,3,0,3,1,0
118334,6,1,4,3,0,4,1,0
118335,7,1,4,2,0,4,1,0
118336,9,2,6,4,0,4,1,0
118338,7,1,4,3,0,2,0,0
118339,7,2,4,4,1,3,1,0
118340,7,2,4,NULL,0,3,1,1
118341,8,2,6,NULL,1,3,1,1
118344,7,1,4,NULL,0,1,0,1
118345,7,2,4,4,0,4,1,0
118347,7,2,4,4,0,4,1,0
118348,7,2,4,4,0,3,1,0
118349,8,2,5,4,1,3,1,0
118351,8,2,5,3,0,3,1,0
118356,7,2,4,4,0,4,1,0
118359,6,1,4,3,0,3,1,0
118361,7,1,4,4,0,4,1,0
118362,6,1,4,3,0,4,1,0
118366,7,2,4,NULL,0,2,0,1
118369,7,1,5,NULL,0,3,1,1
118370,8,1,5,NULL,0,2,0,1
118371,7,1,5,NULL,1,2,0,1
118372,7,2,5,4,0,4,1,0
118373,8,1,5,4,0,2,0,0
118374,7,1,5,NULL,0,1,0,1
118375,8,2,5,NULL,0,4,1,1
118376,7,2,5,4,0,3,1,0
118377,7,2,5,NULL,1,1,0,1
118378,7,2,5,4,0,3,1,0
118379,7,2,5,NULL,1,3,1,1
118380,7,1,5,NULL,1,2,0,1
118381,8,2,5,3,0,4,1,0
118382,7,2,5,NULL,1,3,1,1
118383,8,2,5,NULL,1,3,1,1
118384,7,1,5,NULL,1,3,1,1
118385,7,1,5,NULL,1,2,0,1
118387,8,2,6,4,0,4,1,0
118388,8,1,6,NULL,1,3,1,1
118389,9,2,6,NULL,1,3,1,1
118390,9,2,6,NULL,0,2,0,1
118391,8,2,6,3,1,2,0,0
118392,8,1,6,4,0,3,1,0
118393,9,1,6,NULL,1,3,1,1
118394,9,2,6,NULL,1,3,1,1
118395,8,2,6,4,0,4,1,0
118396,8,1,6,NULL,1,3,1,1
118397,8,1,6,4,1,3,1,0
118398,9,1,6,3,0,4,1,0
118399,9,2,7,NULL,0,3,1,1
118400,10,2,7,NULL,1,3,1,1
118401,10,1,7,4,1,1,0,0
118402,9,1,7,NULL,1,3,1,1
118403,9,1,7,NULL,0,2,0,1
118404,9,1,7,4,0,3,1,0
118405,9,2,7,3,1,3,1,0
118406,9,2,7,4,0,3,1,0
118407,9,1,7,NULL,0,4,1,1
118408,10,1,7,4,0,4,1,0
118409,9,2,7,4,1,4,1,0
118410,10,2,7,4,1,4,1,0
118411,10,2,7,NULL,1,2,0,1
118412,9,1,7,4,0,3,1,0
118413,10,2,7,NULL,0,3,1,1
118414,9,2,7,3,0,3,1,0
118415,9,1,7,4,1,2,0,0
118416,4,1,1,4,0,4,1,0
118417,3,2,1,4,1,2,0,0
118418,3,2,1,3,1,2,0,0
118419,4,2,1,4,1,3,1,0
118420,4,2,1,4,0,4,1,0
118422,4,2,1,4,0,4,1,0
118424,4,2,1,3,0,3,1,0
118425,4,2,1,4,1,2,0,0
118426,5,1,1,4,1,4,1,0
118428,4,1,1,4,0,1,0,0
118429,4,1,1,4,1,2,0,0
118430,5,2,1,4,0,2,0,0
118431,4,1,1,4,1,4,1,0
118432,4,2,1,4,1,4,1,0
118433,5,1,1,4,1,3,1,0
118434,4,2,1,3,1,4,1,0
118441,6,2,3,3,0,2,0,0
118442,5,1,3,4,1,3,1,0
118445,6,1,3,NULL,0,3,1,1
118448,7,2,3,4,0,1,0,0
118452,5,2,3,4,1,2,0,0
118454,7,1,3,3,0,4,1,0
118456,5,2,2,4,1,3,1,0
118457,4,2,2,NULL,1,3,1,1
118459,5,1,2,4,0,3,1,0
118464,4,2,2,NULL,1,4,1,1
118465,5,2,2,4,0,4,1,0
118467,5,2,2,2,1,4,1,0
118468,5,1,2,4,0,3,1,0
118469,5,2,2,4,0,3,1,0
118471,5,1,2,4,0,2,0,0
118474,5,1,2,4,0,2,0,0
118475,6,1,3,NULL,1,4,1,1
118476,5,2,3,3,0,3,1,0
118477,5,2,3,NULL,0,3,1,1
118479,6,2,3,4,0,3,1,0
118480,6,2,3,NULL,1,2,0,1
118481,5,1,3,4,0,2,0,0
118483,5,2,3,NULL,0,3,1,1
118484,5,1,3,2,0,3,1,0
118485,5,2,3,4,0,4,1,0
118486,6,1,3,4,1,4,1,0
118487,5,2,3,4,0,3,1,0
118488,5,2,3,NULL,1,2,0,1
118489,6,2,3,4,0,4,1,0
118490,5,2,3,NULL,0,1,0,1
118491,6,2,4,4,0,3,1,0
118492,7,1,4,4,0,4,1,0
118493,7,2,4,3,1,3,1,0
118494,6,2,4,4,0,3,1,0
118495,6,1,4,4,0,4,1,0
118496,6,1,4,NULL,0,2,0,1
118498,6,1,4,4,0,3,1,0
118499,7,2,4,3,0,3,1,0
118500,7,2,4,3,0,4,1,0
118501,6,1,4,4,0,4,1,0
118502,8,1,4,3,0,4,1,0
118503,6,2,4,NULL,0,3,1,1
118504,7,2,4,4,0,3,1,0
118505,6,1,4,4,1,2,0,0
118506,7,2,4,4,1,3,1,0
118507,7,1,4,NULL,0,2,0,1
118508,7,1,4,4,0,3,1,0
118509,6,2,4,4,1,3,1,0
118510,8,1,5,4,0,4,1,0
118511,6,2,4,4,0,4,1,0
118512,6,2,4,4,1,4,1,0
118513,7,2,4,4,0,4,1,0
118514,7,2,4,NULL,1,2,0,1
118515,6,2,4,3,0,4,1,0
118516,6,2,4,4,1,3,1,0
118517,8,2,5,NULL,0,2,0,1
118518,7,1,4,4,0,2,0,0
118519,7,1,4,3,0,3,1,0
118520,6,1,4,3,1,4,1,0
118521,7,1,4,NULL,1,2,0,1
118522,9,1,5,3,1,2,0,0
118523,7,1,4,4,0,4,1,0
118524,7,1,4,3,0,4,1,0
118525,7,2,4,3,1,4,1,0
118526,8,1,5,4,0,2,0,0
118527,9,1,5,NULL,1,2,0,1
118528,8,2,5,NULL,1,3,1,1
118529,7,2,5,NULL,1,3,1,1
118530,8,2,5,4,0,3,1,0
118531,8,1,5,4,0,3,1,0
118532,8,2,5,3,1,3,1,0
118534,9,2,5,2,0,3,1,0
118537,7,2,5,NULL,0,3,1,1
118538,7,2,5,3,1,3,1,0
118539,7,2,5,4,1,4,1,0
118540,7,1,5,4,0,3,1,0
118541,8,1,5,4,1,3,1,0
118542,8,1,5,4,1,3,1,0
118543,8,1,5,3,1,3,1,0
118544,8,2,6,NULL,0,3,1,1
118545,8,1,5,3,0,3,1,0
118546,11,2,8,4,1,1,0,0
118548,8,2,5,4,0,4,1,0
118549,7,2,5,NULL,0,2,0,1
118550,7,2,5,4,0,2,0,0
118551,9,2,6,3,0,3,1,0
118552,8,2,6,NULL,1,2,0,1
118554,8,1,5,NULL,0,3,1,1
118555,8,2,6,3,0,3,1,0
118556,10,1,6,NULL,0,4,1,1
118558,8,2,6,NULL,0,3,1,1
118559,9,1,6,4,0,3,1,0
118560,9,1,6,3,1,4,1,0
118562,9,2,6,NULL,1,2,0,1
118563,8,1,6,4,1,3,1,0
118564,9,1,6,3,0,3,1,0
118565,8,1,6,NULL,0,4,1,1
118566,8,2,6,NULL,0,3,1,1
118567,9,2,6,3,1,3,1,0
118568,9,2,6,3,0,3,1,0
118569,9,1,6,4,0,4,1,0
118570,8,1,6,4,0,4,1,0
118572,10,1,6,2,0,2,0,0
118573,9,1,6,NULL,1,2,0,1
118574,10,1,6,3,0,4,1,0
118575,10,1,6,4,0,3,1,0
118576,8,2,6,4,0,1,0,0
118577,9,1,6,4,0,3,1,0
118578,8,2,6,3,1,2,0,0
118579,9,1,6,3,1,4,1,0
118580,9,2,6,4,1,3,1,0
118581,9,1,6,4,0,2,0,0
118582,10,2,7,4,0,4,1,0
118583,10,1,7,4,0,2,0,0
118584,10,1,7,NULL,0,2,0,1
118586,11,2,7,3,1,3,1,0
118589,10,2,7,1,1,2,0,0
118593,9,2,7,3,1,2,0,0
118594,9,2,7,3,0,3,1,0
118595,10,1,7,4,0,4,1,0
118596,9,1,7,NULL,1,2,0,1
118597,10,2,7,NULL,0,2,0,1
118598,10,1,7,3,1,3,1,0
118599,10,2,7,NULL,0,2,0,1
118600,11,1,7,3,0,3,1,0
118601,10,1,7,4,0,4,1,0
118602,9,2,7,NULL,1,3,1,1
118603,9,2,7,4,1,4,1,0
118604,9,2,7,NULL,0,3,1,1
118605,10,1,7,NULL,0,3,1,1
118606,10,2,7,4,0,4,1,0
118607,9,2,7,NULL,0,4,1,1
118608,10,2,7,NULL,0,2,0,1
118609,10,2,7,NULL,1,3,1,1
118610,10,1,7,NULL,0,4,1,1
118611,9,2,7,NULL,0,3,1,1
118612,4,1,1,4,0,4,1,0
118614,3,1,1,4,1,3,1,0
118615,4,2,1,4,0,4,1,0
118616,3,2,1,4,0,3,1,0
118617,4,1,1,4,0,3,1,0
118618,3,2,1,4,0,4,1,0
118620,4,1,1,4,0,4,1,0
118621,3,2,1,4,0,3,1,0
118622,3,1,1,4,0,4,1,0
118623,3,2,1,4,0,4,1,0
118625,3,2,1,4,0,3,1,0
118626,4,2,1,4,0,4,1,0
118627,3,2,1,3,1,3,1,0
118628,3,2,1,4,1,3,1,0
118629,3,2,1,4,0,4,1,0
118631,4,2,1,4,1,4,1,0
118632,3,1,1,4,0,3,1,0
118633,3,2,1,3,0,4,1,0
118635,3,2,1,2,0,4,1,0
118636,3,2,1,4,0,4,1,0
118638,3,2,1,4,0,3,1,0
118639,4,1,1,4,0,4,1,0
118640,3,1,1,4,0,3,1,0
118642,4,1,2,3,0,4,1,0
118643,4,1,2,4,1,4,1,0
118644,4,1,2,4,0,4,1,0
118645,4,1,2,4,0,3,1,0
118646,5,1,2,4,1,3,1,0
118647,5,1,2,4,0,3,1,0
118649,4,2,2,3,0,4,1,0
118650,4,2,2,4,0,2,0,0
118651,4,1,2,4,0,2,0,0
118652,4,2,2,4,0,2,0,0
118653,4,1,2,4,0,4,1,0
118654,4,1,2,4,1,3,1,0
118655,5,1,2,4,1,4,1,0
118656,4,1,2,4,1,4,1,0
118657,5,2,2,3,1,4,1,0
118658,5,1,2,3,0,3,1,0
118659,5,2,2,4,0,3,1,0
118660,4,1,2,4,0,4,1,0
118661,4,1,2,3,1,2,0,0
118662,4,2,2,NULL,0,2,0,1
118663,5,2,2,4,0,3,1,0
118665,5,2,2,4,0,2,0,0
118666,4,1,2,4,0,3,1,0
118667,5,2,2,4,0,4,1,0
118668,5,2,2,3,1,4,1,0
118669,5,2,2,NULL,1,2,0,1
118670,5,2,2,NULL,1,2,0,1
118671,5,2,2,4,0,3,1,0
118672,6,2,2,4,0,4,1,0
118673,4,1,2,4,1,3,1,0
118674,4,2,2,4,0,3,1,0
118676,6,1,3,4,0,4,1,0
118677,6,1,3,4,0,2,0,0
118678,6,1,3,4,0,4,1,0
118679,6,1,3,3,0,4,1,0
118680,5,2,3,4,0,4,1,0
118681,6,2,3,4,1,3,1,0
118682,5,2,3,3,1,4,1,0
118683,5,2,3,3,0,3,1,0
118684,6,1,3,3,1,2,0,0
118685,5,2,3,4,0,3,1,0
118687,5,2,3,4,0,4,1,0
118688,5,2,3,4,0,3,1,0
118689,5,1,3,3,0,4,1,0
118690,5,2,3,NULL,0,4,1,1
118693,5,1,3,4,0,4,1,0
118695,5,2,3,4,0,3,1,0
118697,5,2,3,4,0,4,1,0
118698,5,1,3,3,0,3,1,0
118699,6,1,3,3,0,4,1,0
118700,5,1,3,2,1,4,1,0
118703,6,1,3,3,0,4,1,0
118704,5,2,3,4,0,2,0,0
118705,5,1,3,3,0,3,1,0
118706,6,2,3,4,0,3,1,0
118707,6,1,3,4,1,2,0,0
118708,5,1,3,4,0,4,1,0
118709,6,1,3,4,0,4,1,0
118710,5,2,3,NULL,0,3,1,1
118711,5,1,3,4,0,3,1,0
118712,5,1,3,4,1,4,1,0
118713,6,2,3,NULL,0,3,1,1
118714,5,1,3,2,1,3,1,0
118715,5,2,3,4,0,3,1,0
118717,6,1,3,4,0,3,1,0
118718,6,1,3,4,0,3,1,0
118719,6,2,3,3,0,2,0,0
118720,6,2,3,3,1,3,1,0
118721,5,2,3,3,1,3,1,0
118722,5,1,3,3,0,2,0,0
118726,8,1,5,4,0,2,0,0
118729,8,1,5,1,0,4,1,0
118730,7,1,5,3,0,2,0,0
118731,8,2,5,4,0,3,1,0
118732,8,1,5,3,0,4,1,0
118733,8,1,5,4,1,2,0,0
118734,8,1,5,4,1,4,1,0
118735,7,1,5,4,0,3,1,0
118737,8,1,5,4,0,2,0,0
118739,8,1,5,4,1,4,1,0
118740,7,2,5,4,1,2,0,0
118742,8,2,5,NULL,1,3,1,1
118743,8,1,5,NULL,0,3,1,1
118745,7,2,5,4,0,3,1,0
118747,8,1,6,3,0,4,1,0
118749,9,1,6,4,0,4,1,0
118750,8,2,6,3,0,4,1,0
118751,8,1,6,4,0,4,1,0
118752,9,2,6,4,0,3,1,0
118753,9,1,6,4,0,1,0,0
118756,9,2,6,NULL,1,3,1,1
118757,9,1,6,4,0,1,0,0
118758,9,1,6,NULL,0,4,1,1
118759,8,1,6,4,0,4,1,0
118760,9,2,6,4,1,3,1,0
118761,9,1,6,4,0,4,1,0
118762,8,2,6,3,0,4,1,0
118764,8,2,6,3,0,3,1,0
118765,9,2,6,3,0,4,1,0
118766,8,1,6,4,0,3,1,0
118767,9,1,6,4,1,4,1,0
118768,8,2,6,4,0,3,1,0
118769,9,2,6,4,0,4,1,0
118771,9,1,7,4,0,3,1,0
118772,10,2,7,4,0,4,1,0
118773,10,2,7,3,0,3,1,0
118774,10,1,7,NULL,0,4,1,1
118775,9,2,7,4,0,4,1,0
118777,10,2,7,4,1,3,1,0
118778,9,1,7,4,0,4,1,0
118779,10,2,7,2,1,4,1,0
118780,9,2,7,4,0,4,1,0
118781,9,2,7,NULL,0,3,1,1
118782,9,2,7,3,0,4,1,0
118783,10,1,7,NULL,0,3,1,1
118784,9,2,7,NULL,1,3,1,1
118785,10,2,7,3,0,3,1,0
118786,10,2,7,3,1,2,0,0
118788,10,1,7,3,1,3,1,0
118789,10,1,7,4,0,4,1,0
118790,9,1,7,3,1,4,1,0
118792,9,1,7,4,0,4,1,0
118794,10,2,7,4,0,3,1,0
118795,10,2,7,3,0,4,1,0
118796,11,2,7,4,0,4,1,0
118797,10,1,7,4,0,4,1,0
118799,7,2,4,3,0,1,0,0
118800,8,1,4,4,0,4,1,0
118801,6,1,4,3,0,4,1,0
118802,6,1,4,NULL,0,3,1,1
118804,8,1,4,NULL,1,1,0,1
118805,6,2,4,3,0,3,1,0
118806,7,2,4,NULL,1,4,1,1
118807,7,1,4,3,0,2,0,0
118808,8,2,4,2,1,3,1,0
118810,7,2,4,4,0,4,1,0
118811,7,2,4,3,0,3,1,0
118812,8,1,4,3,0,3,1,0
118813,7,1,4,4,0,4,1,0
118814,6,2,4,3,1,4,1,0
118817,7,2,4,2,0,2,0,0
118818,7,1,4,4,0,1,0,0
118820,8,1,4,NULL,1,2,0,1
118821,7,1,4,NULL,1,4,1,1
118822,6,2,4,NULL,0,4,1,1
118823,7,2,4,NULL,0,4,1,1
118824,8,1,4,NULL,1,2,0,1
118825,6,2,4,4,0,3,1,0
118827,7,1,4,3,0,3,1,0
118828,7,2,5,3,1,3,1,0
118830,7,2,5,2,0,2,0,0
118832,8,1,5,3,0,4,1,0
118835,8,2,5,3,0,3,1,0
118836,11,1,5,4,0,4,1,0
118837,7,2,5,NULL,0,4,1,1
118838,7,1,5,NULL,1,4,1,1
118839,7,1,5,3,0,3,1,0
118840,9,2,6,4,0,3,1,0
118841,8,2,6,NULL,1,2,0,1
118842,8,2,6,3,1,4,1,0
118845,9,1,6,NULL,1,3,1,1
118846,8,2,6,4,0,3,1,0
118847,8,1,6,4,0,3,1,0
118848,9,1,6,4,0,3,1,0
118849,8,2,6,4,1,3,1,0
118850,9,2,6,NULL,0,4,1,1
118851,9,2,6,3,1,3,1,0
118853,8,2,6,4,1,4,1,0
118854,9,1,6,3,0,4,1,0
118855,9,1,6,4,1,4,1,0
118856,9,2,6,NULL,1,3,1,1
118857,8,1,6,3,0,4,1,0
118858,9,2,6,3,0,3,1,0
118859,9,2,6,4,1,3,1,0
118861,8,1,6,3,0,4,1,0
118863,8,2,6,4,0,3,1,0
118864,10,1,6,NULL,0,4,1,1
118865,9,1,6,3,1,2,0,0
118866,8,1,6,4,1,4,1,0
118867,9,1,6,4,1,2,0,0
118868,9,2,6,3,1,2,0,0
118869,9,1,6,3,1,4,1,0
118870,9,1,6,4,0,3,1,0
118871,8,1,6,3,0,3,1,0
118872,9,2,6,NULL,0,2,0,1
118873,8,1,6,4,0,4,1,0
118874,8,2,6,3,0,3,1,0
118875,8,2,6,NULL,0,4,1,1
118876,9,1,6,NULL,0,3,1,1
118877,8,2,6,NULL,1,3,1,1
118878,10,2,7,4,0,2,0,0
118879,9,2,7,4,0,4,1,0
118880,9,2,7,4,0,3,1,0
118881,10,1,7,4,0,4,1,0
118882,10,1,7,NULL,1,4,1,1
118884,9,2,7,NULL,0,3,1,1
118885,10,2,7,4,0,2,0,0
118886,10,1,7,4,0,4,1,0
118887,9,1,7,4,0,3,1,0
118888,10,1,7,NULL,0,3,1,1
118892,8,1,5,NULL,0,3,1,1
118893,8,1,5,3,0,4,1,0
118894,8,2,5,4,0,4,1,0
118897,7,1,5,3,0,4,1,0
118898,8,2,5,4,0,3,1,0
118900,7,2,5,3,1,2,0,0
118902,7,1,5,NULL,0,4,1,1
118903,8,2,5,4,0,3,1,0
118904,8,2,5,NULL,0,3,1,1
118905,7,2,5,4,0,4,1,0
118906,8,2,5,3,1,2,0,0
118907,7,2,5,4,0,4,1,0
118908,7,1,5,4,0,3,1,0
118909,7,2,5,3,0,4,1,0
118910,8,2,5,3,0,4,1,0
118911,8,1,5,NULL,0,2,0,1
118913,7,1,5,4,0,4,1,0
118914,8,2,5,4,1,4,1,0
118915,7,2,5,3,0,3,1,0
118917,8,2,5,NULL,1,2,0,1
118918,7,1,5,3,1,3,1,0
118919,8,2,6,4,1,3,1,0
118920,8,1,6,NULL,0,3,1,1
118921,8,2,6,NULL,1,3,1,1
118922,9,1,6,4,0,3,1,0
118923,9,1,6,3,0,3,1,0
118925,9,1,6,4,1,4,1,0
118926,9,1,6,NULL,1,3,1,1
118927,9,1,6,4,0,3,1,0
118929,8,1,6,4,0,3,1,0
118930,8,1,6,3,0,3,1,0
118931,8,1,6,4,0,4,1,0
118932,8,2,6,4,1,3,1,0
118935,8,1,6,NULL,1,2,0,1
118936,8,1,6,NULL,1,2,0,1
118937,8,2,6,3,0,4,1,0
118938,9,1,7,4,0,4,1,0
118939,9,1,6,NULL,0,2,0,1
118940,9,2,6,4,1,4,1,0
118942,9,2,6,4,0,3,1,0
118943,9,1,6,4,0,4,1,0
118944,9,1,6,3,1,3,1,0
118945,9,2,7,4,1,3,1,0
118946,9,2,7,4,0,4,1,0
118948,10,1,7,NULL,0,2,0,1
118949,9,2,7,NULL,0,3,1,1
118950,10,2,7,4,0,3,1,0
118952,11,2,7,4,0,1,0,0
118953,9,2,7,4,0,4,1,0
118954,9,2,7,4,1,4,1,0
118955,9,2,7,NULL,1,4,1,1
118956,10,2,7,3,1,2,0,0
118957,9,2,7,4,0,4,1,0
118958,10,2,7,4,0,4,1,0
118959,9,1,7,3,1,1,0,0
118962,10,1,7,3,0,4,1,0
118963,10,1,7,NULL,1,3,1,1
118964,10,1,7,3,0,2,0,0
118965,3,2,1,3,0,2,0,0
118967,4,2,1,4,0,4,1,0
118968,4,1,1,4,1,4,1,0
118969,3,2,1,4,0,3,1,0
118970,4,2,1,4,1,3,1,0
118971,4,2,1,3,0,3,1,0
118972,4,1,2,4,0,3,1,0
118973,5,2,2,4,1,4,1,0
118975,5,2,2,3,1,4,1,0
118977,5,1,2,4,1,2,0,0
118979,4,1,2,4,0,4,1,0
118983,4,2,2,4,0,4,1,0
118987,6,1,3,3,0,3,1,0
118989,5,2,3,3,0,3,1,0
118990,7,1,3,NULL,1,4,1,1
118992,6,1,3,4,0,3,1,0
118993,6,2,3,4,0,4,1,0
118995,5,2,3,NULL,0,3,1,1
118996,6,2,3,3,0,1,0,0
118998,7,1,3,3,1,3,1,0
118999,6,2,3,4,0,2,0,0
119000,6,1,3,4,0,4,1,0
119001,6,2,4,4,0,3,1,0
119002,6,2,4,3,0,4,1,0
119003,6,1,4,NULL,0,3,1,1
119004,6,2,4,2,1,4,1,0
119007,6,1,4,4,0,4,1,0
119008,7,1,4,4,0,3,1,0
119009,6,1,4,4,0,3,1,0
119010,7,2,4,NULL,0,4,1,1
119013,7,1,4,3,1,2,0,0
119014,6,2,4,3,0,3,1,0
119015,6,2,4,NULL,0,4,1,1
119016,6,2,4,3,1,3,1,0
119017,7,2,4,3,0,2,0,0
119018,6,2,4,4,0,3,1,0
119019,7,2,4,NULL,0,4,1,1
119022,6,2,4,4,1,3,1,0
119023,7,2,4,NULL,1,3,1,1
119024,6,1,4,3,0,4,1,0
119025,6,1,4,NULL,0,4,1,1
119026,7,2,4,4,1,4,1,0
119027,6,1,4,4,0,3,1,0
119028,8,1,4,4,1,3,1,0
119030,7,1,5,4,0,3,1,0
119031,7,2,5,4,1,4,1,0
119032,8,2,4,2,0,2,0,0
119033,7,1,5,3,0,3,1,0
119035,7,1,5,4,0,3,1,0
119036,8,2,5,3,1,3,1,0
119037,7,2,5,4,1,4,1,0
119038,7,1,5,4,0,3,1,0
119039,8,1,5,NULL,0,4,1,1
119040,8,2,6,NULL,0,4,1,1
119041,7,2,5,4,0,3,1,0
119042,8,2,5,4,0,3,1,0
119043,7,2,5,4,0,4,1,0
119044,9,2,5,4,0,3,1,0
119047,7,2,5,4,1,4,1,0
119049,8,2,5,NULL,0,3,1,1
119050,7,1,5,4,0,3,1,0
119052,8,2,5,4,0,3,1,0
119057,7,2,4,3,0,3,1,0
119058,9,2,5,4,0,3,1,0
119059,8,2,5,4,0,4,1,0
119060,8,1,5,4,0,4,1,0
119064,8,2,5,3,0,1,0,0
119066,10,1,7,NULL,1,1,0,1
119067,7,2,5,4,0,4,1,0
119068,8,1,6,NULL,0,2,0,1
119069,9,1,5,4,0,3,1,0
119070,9,1,6,4,0,3,1,0
119071,8,1,6,NULL,0,2,0,1
119072,10,2,7,3,0,4,1,0
119073,9,1,6,4,0,4,1,0
119075,9,2,7,4,1,4,1,0
119076,9,1,7,4,0,4,1,0
119078,9,2,6,4,0,4,1,0
119079,9,1,7,4,0,3,1,0
119080,8,2,6,4,0,4,1,0
119081,9,2,7,4,0,3,1,0
119082,8,1,6,4,0,3,1,0
119083,9,1,6,3,1,4,1,0
119084,10,2,7,3,0,4,1,0
119085,9,1,7,3,0,4,1,0
119086,10,2,6,4,0,4,1,0
119087,9,1,7,4,0,3,1,0
119088,9,1,6,4,0,3,1,0
119089,9,1,7,2,0,3,1,0
119090,10,2,7,4,0,3,1,0
119091,8,2,6,3,0,4,1,0
119092,10,2,7,4,0,4,1,0
119093,9,2,7,4,0,4,1,0
119094,9,2,7,NULL,0,2,0,1
119095,9,1,7,NULL,0,2,0,1
119096,9,2,6,NULL,0,2,0,1
119097,9,2,6,2,0,4,1,0
119098,9,1,6,4,0,4,1,0
119099,8,1,6,4,0,3,1,0
119100,10,1,7,4,1,3,1,0
119101,9,1,6,4,0,4,1,0
119102,9,2,7,3,0,3,1,0
119103,10,2,7,4,0,4,1,0
119104,9,2,7,NULL,0,4,1,1
119105,10,2,7,4,0,3,1,0
119106,8,2,6,4,1,3,1,0
119107,11,1,7,NULL,0,4,1,1
119109,10,2,7,NULL,1,2,0,1
119110,10,1,7,3,0,3,1,0
119111,9,1,7,NULL,0,4,1,1
119112,8,2,6,4,0,4,1,0
119113,9,2,7,NULL,0,2,0,1
119115,10,1,7,NULL,0,3,1,1
119116,9,1,7,4,0,4,1,0
119117,11,1,7,NULL,0,2,0,1
119118,10,1,7,4,0,4,1,0
119119,11,2,7,4,1,3,1,0
119120,9,1,7,NULL,0,2,0,1
119121,10,1,7,NULL,1,2,0,1
119122,11,1,7,NULL,0,1,0,1
119123,9,1,7,4,1,4,1,0
119124,10,1,7,NULL,0,3,1,1
119125,9,2,7,4,0,2,0,0
119126,10,1,7,4,0,4,1,0
119128,9,2,7,NULL,0,4,1,1
119129,9,2,7,3,0,3,1,0
119130,9,2,7,3,1,4,1,0
119131,9,2,7,4,0,2,0,0
119132,8,2,7,4,0,4,1,0
119136,11,2,7,4,0,4,1,0
119137,9,2,7,3,0,3,1,0
119138,11,2,7,4,0,3,1,0
119139,10,2,7,4,0,3,1,0
119141,4,2,1,3,1,3,1,0
119142,4,1,1,NULL,1,3,1,1
119143,4,1,1,4,0,2,0,0
119144,4,1,1,3,1,3,1,0
119145,5,2,1,2,1,2,0,0
119148,4,1,1,4,1,3,1,0
119149,4,2,1,4,1,2,0,0
119150,3,1,1,3,1,3,1,0
119151,5,2,1,4,1,4,1,0
119152,5,1,1,4,0,1,0,0
119153,4,2,1,4,0,2,0,0
119154,5,1,1,4,0,4,1,0
119155,4,2,1,4,1,4,1,0
119156,4,2,1,4,1,3,1,0
119157,4,1,1,3,1,4,1,0
119158,5,1,1,4,0,4,1,0
119159,4,1,1,4,0,4,1,0
119160,5,1,1,4,0,3,1,0
119161,3,1,1,4,0,3,1,0
119163,3,2,1,4,1,3,1,0
119164,5,1,1,4,1,4,1,0
119165,5,2,1,4,1,3,1,0
119167,4,2,1,4,0,3,1,0
119168,3,2,1,4,1,3,1,0
119169,5,1,1,4,0,4,1,0
119171,3,1,1,3,1,4,1,0
119175,4,1,2,4,1,3,1,0
119176,1,1,7,NULL,0,1,0,1
119177,6,1,2,4,0,4,1,0
119178,6,1,2,2,0,2,0,0
119180,5,2,2,3,0,4,1,0
119181,4,1,2,NULL,1,3,1,1
119182,5,2,2,NULL,1,3,1,1
119183,5,2,2,3,1,4,1,0
119184,4,2,2,4,1,3,1,0
119185,4,2,2,4,1,3,1,0
119186,5,2,2,NULL,1,4,1,1
119187,5,1,2,4,0,3,1,0
119188,4,1,2,4,1,2,0,0
119190,4,2,2,3,0,4,1,0
119191,6,2,2,4,0,3,1,0
119192,6,2,2,NULL,0,1,0,1
119193,4,1,2,4,0,2,0,0
119195,5,1,2,4,0,4,1,0
119196,4,2,2,4,1,3,1,0
119197,4,2,2,4,1,4,1,0
119198,4,2,2,3,0,3,1,0
119199,5,2,2,NULL,1,4,1,1
119200,5,1,2,3,0,4,1,0
119201,5,2,2,4,1,3,1,0
119202,5,1,2,NULL,1,1,0,1
119203,5,1,2,3,1,3,1,0
119204,6,1,2,4,0,4,1,0
119205,5,1,2,4,1,3,1,0
119206,5,1,2,NULL,0,2,0,1
119207,5,2,2,3,1,3,1,0
119208,5,2,2,4,1,3,1,0
119209,5,1,2,4,0,3,1,0
119211,7,1,3,1,1,2,0,0
119215,5,1,3,3,1,3,1,0
119216,7,1,3,NULL,0,4,1,1
119217,5,2,3,3,1,3,1,0
119218,6,1,3,4,0,3,1,0
119219,6,1,3,3,0,2,0,0
119220,5,2,3,4,0,2,0,0
119221,6,2,3,3,0,2,0,0
119222,5,2,3,3,0,3,1,0
119224,6,1,3,4,0,3,1,0
119225,5,2,3,3,0,3,1,0
119226,6,2,3,4,1,2,0,0
119227,5,2,3,3,0,4,1,0
119228,5,2,3,NULL,0,4,1,1
119229,7,1,3,NULL,1,1,0,1
119230,6,1,3,3,0,2,0,0
119231,6,1,3,3,0,3,1,0
119232,5,2,3,3,0,4,1,0
119233,6,1,3,NULL,1,3,1,1
119235,7,1,3,4,1,4,1,0
119236,5,2,3,4,0,4,1,0
119237,7,1,3,3,0,3,1,0
119239,6,1,3,4,0,2,0,0
119240,6,2,3,3,0,4,1,0
119241,6,1,3,4,0,3,1,0
119242,5,2,3,4,0,4,1,0
119243,6,1,3,4,0,4,1,0
119244,5,2,3,2,1,3,1,0
119245,5,2,3,4,1,4,1,0
119246,5,2,3,3,0,4,1,0
119248,6,2,3,NULL,0,4,1,1
119249,6,1,3,3,0,4,1,0
119250,6,1,3,4,0,4,1,0
119251,6,1,3,4,1,4,1,0
119253,7,1,4,4,0,1,0,0
119256,7,2,4,3,1,3,1,0
119258,6,2,4,NULL,1,3,1,1
119259,6,2,4,3,0,3,1,0
119260,7,1,4,3,0,4,1,0
119261,7,1,4,3,0,3,1,0
119262,6,1,4,4,0,4,1,0
119265,6,2,4,3,1,3,1,0
119267,8,1,5,3,0,3,1,0
119268,7,2,4,2,1,2,0,0
119270,7,1,4,4,1,2,0,0
119271,6,2,4,3,1,3,1,0
119273,7,1,5,NULL,1,3,1,1
119275,6,2,4,NULL,1,3,1,1
119276,6,1,4,NULL,1,3,1,1
119277,7,1,4,4,1,3,1,0
119278,7,2,4,NULL,1,3,1,1
119279,7,2,4,3,0,4,1,0
119280,6,1,4,4,1,4,1,0
119281,7,1,5,4,0,3,1,0
119282,8,1,5,3,0,2,0,0
119283,9,2,4,NULL,0,4,1,1
119284,8,1,5,4,0,4,1,0
119285,8,1,5,3,0,3,1,0
119286,7,1,5,NULL,1,3,1,1
119287,8,1,5,NULL,1,3,1,1
119289,7,1,5,4,0,4,1,0
119290,7,2,5,3,0,3,1,0
119291,7,1,5,4,0,2,0,0
119292,8,1,5,NULL,1,2,0,1
119293,8,1,5,3,0,4,1,0
119294,9,2,6,1,1,4,1,0
119295,7,2,5,3,1,3,1,0
119296,9,2,5,4,1,3,1,0
119297,7,2,5,4,1,3,1,0
119298,7,1,5,NULL,1,4,1,1
119299,7,2,5,NULL,1,2,0,1
119300,8,2,5,4,0,4,1,0
119301,7,2,5,NULL,1,3,1,1
119302,8,1,5,NULL,1,1,0,1
119303,8,2,5,NULL,1,4,1,1
119304,8,1,5,4,1,4,1,0
119305,7,2,5,3,0,2,0,0
119306,8,2,5,4,1,3,1,0
119307,8,2,5,4,0,4,1,0
119308,7,2,5,4,0,4,1,0
119309,7,2,5,3,0,3,1,0
119310,7,1,5,NULL,1,3,1,1
119312,7,2,5,4,0,4,1,0
119314,8,1,5,4,0,1,0,0
119316,8,1,5,NULL,0,3,1,1
119317,8,2,5,3,0,2,0,0
119318,7,1,5,NULL,1,3,1,1
119319,9,1,6,NULL,0,4,1,1
119320,8,1,6,3,1,4,1,0
119321,9,1,6,4,0,3,1,0
119322,8,2,6,NULL,1,2,0,1
119323,8,1,6,NULL,0,4,1,1
119324,9,1,6,NULL,0,2,0,1
119325,9,2,6,2,1,2,0,0
119327,8,2,6,NULL,1,2,0,1
119328,8,2,6,4,0,4,1,0
119329,9,2,6,NULL,1,4,1,1
119330,9,2,6,NULL,0,4,1,1
119331,8,1,6,NULL,1,4,1,1
119332,9,2,6,3,0,4,1,0
119333,8,1,6,3,0,3,1,0
119334,9,1,6,NULL,1,3,1,1
119335,9,1,6,NULL,0,2,0,1
119336,9,1,6,4,1,3,1,0
119337,8,2,6,NULL,0,4,1,1
119338,9,2,6,NULL,1,3,1,1
119339,10,1,7,1,1,2,0,0
119340,10,1,7,NULL,0,3,1,1
119341,10,1,7,NULL,1,3,1,1
119342,9,2,7,3,0,3,1,0
119343,9,2,7,NULL,1,3,1,1
119344,10,2,7,3,0,3,1,0
119345,9,2,7,3,1,3,1,0
119347,9,2,7,4,0,4,1,0
119349,10,1,7,4,0,3,1,0
119350,10,1,7,3,1,2,0,0
119351,10,2,7,NULL,1,3,1,1
119352,9,1,7,NULL,1,2,0,1
119353,9,2,7,NULL,0,2,0,1
119354,9,2,7,4,0,4,1,0
119355,9,1,6,4,0,1,0,0
119356,8,1,6,4,1,4,1,0
119357,8,2,5,NULL,1,2,0,1
119359,9,1,6,NULL,1,4,1,1
119360,8,1,6,4,0,4,1,0
119361,8,1,6,NULL,0,2,0,1
119363,8,1,6,NULL,0,2,0,1
119365,8,1,6,NULL,0,3,1,1
119366,10,1,7,NULL,0,3,1,1
119367,9,1,7,NULL,0,1,0,1
119369,10,1,7,4,0,2,0,0
119370,10,1,7,NULL,0,2,0,1
119371,9,1,7,NULL,1,3,1,1
119372,9,1,7,4,0,3,1,0
119373,10,2,7,NULL,0,2,0,1
119374,10,2,7,3,0,4,1,0
119375,9,2,7,NULL,1,2,0,1
119376,10,2,7,4,1,4,1,0
119377,10,1,7,NULL,0,3,1,1
119378,9,2,7,4,1,3,1,0
119379,9,2,7,4,0,3,1,0
119380,9,1,7,4,1,3,1,0
119381,10,2,7,NULL,0,4,1,1
119382,10,1,7,4,0,4,1,0
119383,9,2,7,NULL,0,2,0,1
119385,3,1,1,4,0,4,1,0
119386,4,2,1,3,0,3,1,0
119390,4,1,1,3,1,4,1,0
119393,3,2,1,NULL,0,2,0,1
119394,3,2,1,3,0,4,1,0
119395,4,2,1,4,1,4,1,0
119397,3,2,1,4,0,4,1,0
119398,4,1,1,4,1,4,1,0
119399,4,2,1,4,0,4,1,0
119402,3,2,1,3,0,4,1,0
119404,5,1,2,4,1,4,1,0
119409,4,2,2,4,1,4,1,0
119410,5,1,2,4,0,3,1,0
119411,4,1,2,4,0,3,1,0
119415,5,1,2,3,0,4,1,0
119416,5,2,2,4,0,3,1,0
119418,5,1,2,4,0,4,1,0
119419,4,2,2,4,0,4,1,0
119420,5,2,2,4,0,4,1,0
119421,5,1,2,4,0,4,1,0
119422,5,1,2,3,1,4,1,0
119423,5,1,2,4,0,1,0,0
119424,4,2,2,NULL,0,3,1,1
119425,5,1,2,4,0,4,1,0
119427,6,1,3,3,0,4,1,0
119428,5,2,3,3,0,3,1,0
119431,5,1,3,4,0,3,1,0
119432,6,2,3,3,0,4,1,0
119433,6,1,3,3,0,4,1,0
119436,6,1,3,3,0,4,1,0
119437,5,2,3,3,1,3,1,0
119440,5,2,3,NULL,1,1,0,1
119444,6,1,3,NULL,1,1,0,1
119445,5,1,3,4,1,4,1,0
119448,6,1,3,4,1,4,1,0
119450,6,2,3,3,0,4,1,0
119452,4,1,1,4,1,2,0,0
119453,4,1,1,3,0,4,1,0
119455,3,2,1,2,0,3,1,0
119456,4,1,1,4,0,4,1,0
119457,3,1,1,1,0,1,0,0
119459,3,1,1,4,0,3,1,0
119461,4,2,1,3,0,2,0,0
119462,3,1,1,4,0,3,1,0
119463,3,1,1,4,0,1,0,0
119465,3,2,1,4,0,3,1,0
119469,4,1,1,4,0,4,1,0
119470,4,2,1,4,0,3,1,0
119473,4,2,1,4,0,4,1,0
119474,4,1,1,4,0,4,1,0
119476,4,2,1,4,0,3,1,0
119477,4,2,1,3,0,2,0,0
119478,4,1,1,4,1,4,1,0
119479,4,2,1,4,0,3,1,0
119480,4,1,1,4,1,3,1,0
119481,4,1,1,4,1,2,0,0
119483,4,1,1,4,0,4,1,0
119485,3,2,1,4,1,2,0,0
119486,4,1,1,2,1,2,0,0
119488,4,2,1,3,1,3,1,0
119489,3,1,1,4,0,3,1,0
119490,4,1,1,4,0,3,1,0
119491,4,1,1,3,1,2,0,0
119492,4,1,1,4,0,3,1,0
119493,4,1,1,2,1,1,0,0
119494,4,1,1,4,1,2,0,0
119495,4,1,1,4,0,4,1,0
119496,3,2,1,4,1,4,1,0
119497,4,1,1,3,0,4,1,0
119498,4,2,1,4,0,3,1,0
119499,4,1,1,4,0,3,1,0
119500,3,2,1,3,0,3,1,0
119501,4,2,1,4,1,3,1,0
119502,4,1,1,4,0,3,1,0
119503,3,1,1,4,1,3,1,0
119504,4,2,1,4,0,4,1,0
119505,3,2,1,4,0,3,1,0
119507,4,2,1,3,0,4,1,0
119508,4,1,1,4,0,3,1,0
119509,4,2,1,4,1,3,1,0
119510,4,2,1,4,0,4,1,0
119511,4,1,1,4,0,3,1,0
119512,3,2,1,4,0,3,1,0
119513,4,1,1,3,0,3,1,0
119514,4,1,1,3,0,3,1,0
119515,4,1,1,4,0,4,1,0
119516,3,2,1,4,0,4,1,0
119517,3,2,1,4,1,4,1,0
119519,4,2,1,4,0,4,1,0
119520,4,1,1,4,0,4,1,0
119521,3,1,1,3,0,3,1,0
119522,4,1,1,3,1,2,0,0
119523,4,2,1,4,1,3,1,0
119525,4,2,1,4,0,3,1,0
119527,4,1,1,3,0,4,1,0
119528,4,2,1,3,1,4,1,0
119529,4,1,1,4,0,3,1,0
119530,4,2,1,3,0,3,1,0
119531,4,1,1,4,0,4,1,0
119532,3,2,1,4,0,4,1,0
119533,4,2,1,4,0,3,1,0
119534,4,1,1,4,1,4,1,0
119535,3,2,1,4,0,3,1,0
119536,3,2,1,4,0,3,1,0
119537,3,1,1,4,1,3,1,0
119538,4,1,1,4,0,4,1,0
119539,4,1,1,4,1,3,1,0
119540,4,1,1,3,0,4,1,0
119541,5,1,2,4,0,3,1,0
119543,5,2,1,4,1,3,1,0
119544,4,2,1,4,1,3,1,0
119545,4,2,1,4,0,3,1,0
119547,4,2,1,4,0,3,1,0
119548,3,2,1,4,0,3,1,0
119549,4,2,1,NULL,1,4,1,1
119552,4,2,1,4,1,2,0,0
119553,5,1,1,4,0,4,1,0
119554,3,2,1,4,1,3,1,0
119555,3,2,1,3,1,2,0,0
119556,4,1,1,4,0,4,1,0
119558,4,1,1,3,0,3,1,0
119560,4,2,1,3,0,4,1,0
119561,4,1,1,4,1,3,1,0
119562,4,1,1,2,1,4,1,0
119563,3,1,1,4,0,3,1,0
119564,4,1,1,4,0,4,1,0
119565,3,1,1,4,1,4,1,0
119566,3,2,1,3,0,2,0,0
119567,3,1,1,3,1,4,1,0
119568,4,1,1,4,0,4,1,0
119571,3,2,1,4,1,3,1,0
119572,4,1,1,4,0,3,1,0
119573,5,2,2,4,1,4,1,0
119575,4,1,2,4,0,3,1,0
119577,4,1,2,4,1,3,1,0
119578,4,2,2,4,1,3,1,0
119579,4,1,2,4,0,3,1,0
119580,5,1,2,4,0,4,1,0
119581,5,2,2,4,1,3,1,0
119582,4,1,2,3,1,2,0,0
119583,6,2,2,3,1,3,1,0
119584,5,1,2,3,1,3,1,0
119585,5,1,2,4,1,3,1,0
119586,4,1,2,4,0,3,1,0
119587,5,1,2,NULL,1,2,0,1
119588,5,2,2,4,0,4,1,0
119589,4,2,2,2,1,2,0,0
119591,5,1,2,4,0,2,0,0
119592,5,2,2,NULL,1,3,1,1
119593,5,2,2,4,1,3,1,0
119594,4,1,2,4,1,3,1,0
119595,4,2,2,4,0,3,1,0
119596,5,2,2,NULL,0,3,1,1
119597,5,1,2,3,0,3,1,0
119599,5,1,2,3,1,4,1,0
119600,5,1,2,4,0,3,1,0
119601,4,1,2,3,0,4,1,0
119602,5,1,2,3,0,3,1,0
119603,5,1,2,4,0,3,1,0
119605,5,1,2,3,0,2,0,0
119606,4,1,2,4,1,3,1,0
119607,5,1,2,4,0,4,1,0
119608,5,2,2,4,0,4,1,0
119609,6,2,2,4,1,2,0,0
119610,5,2,2,3,1,4,1,0
119611,5,1,2,4,0,4,1,0
119612,4,2,2,4,1,3,1,0
119613,5,1,2,4,0,3,1,0
119614,5,2,2,NULL,0,3,1,1
119616,4,1,2,4,1,3,1,0
119617,5,2,2,3,0,4,1,0
119619,4,2,2,3,1,3,1,0
119620,4,1,2,2,1,4,1,0
119621,4,1,2,4,0,3,1,0
119624,5,1,2,4,1,3,1,0
119625,5,1,2,4,0,4,1,0
119626,4,1,2,4,0,2,0,0
119627,4,1,2,3,0,4,1,0
119628,4,1,2,4,1,4,1,0
119630,5,1,2,4,0,3,1,0
119631,5,1,2,4,0,3,1,0
119632,5,1,2,4,0,4,1,0
119633,5,1,2,4,0,2,0,0
119634,4,1,2,4,0,2,0,0
119636,5,1,2,4,0,4,1,0
119637,4,1,2,4,0,4,1,0
119638,6,2,2,NULL,1,3,1,1
119639,5,2,2,4,0,3,1,0
119640,5,2,2,4,0,1,0,0
119641,5,1,2,4,0,4,1,0
119644,4,2,2,4,1,2,0,0
119645,5,2,2,4,0,2,0,0
119646,5,2,2,4,1,4,1,0
119647,4,2,2,4,1,3,1,0
119650,6,1,3,2,1,4,1,0
119651,6,2,3,NULL,0,3,1,1
119652,6,1,3,4,0,2,0,0
119653,5,2,3,NULL,1,2,0,1
119654,6,2,3,3,0,4,1,0
119655,5,1,3,3,0,4,1,0
119656,5,1,3,3,0,4,1,0
119657,6,1,3,4,0,4,1,0
119661,5,1,3,4,0,4,1,0
119662,5,1,3,4,0,3,1,0
119663,5,1,3,4,0,4,1,0
119664,6,1,3,3,0,1,0,0
119665,6,2,3,4,0,4,1,0
119666,6,2,3,4,1,4,1,0
119667,6,1,3,4,0,3,1,0
119668,6,1,3,4,1,3,1,0
119669,5,1,3,4,0,2,0,0
119670,6,1,3,4,0,3,1,0
119671,5,2,3,4,1,4,1,0
119672,6,2,3,3,0,3,1,0
119673,6,1,3,4,0,4,1,0
119675,6,1,3,4,0,3,1,0
119677,7,2,3,3,1,3,1,0
119678,6,2,3,3,0,4,1,0
119680,6,1,3,4,0,1,0,0
119681,5,1,3,3,1,3,1,0
119682,6,1,3,NULL,0,4,1,1
119683,6,1,3,4,0,3,1,0
119684,7,2,3,3,0,3,1,0
119685,5,2,3,2,0,3,1,0
119686,6,2,3,4,0,4,1,0
119687,6,2,3,NULL,0,3,1,1
119688,6,1,3,4,0,3,1,0
119689,7,2,4,NULL,1,3,1,1
119690,6,1,4,NULL,1,2,0,1
119692,6,1,4,4,0,2,0,0
119694,6,2,4,3,1,3,1,0
119695,7,1,4,3,1,4,1,0
119696,6,2,4,4,0,4,1,0
119697,6,1,4,4,0,3,1,0
119698,7,1,4,4,1,3,1,0
119699,7,2,4,NULL,1,3,1,1
119700,7,2,5,NULL,1,2,0,1
119701,7,1,5,4,1,4,1,0
119702,7,1,5,2,1,3,1,0
119703,9,1,5,NULL,0,2,0,1
119706,7,2,5,NULL,0,4,1,1
119707,7,2,5,NULL,0,3,1,1
119708,7,2,5,NULL,1,2,0,1
119709,9,2,5,4,0,4,1,0
119710,7,2,5,NULL,1,3,1,1
119711,7,1,5,4,0,4,1,0
119712,8,2,5,4,1,3,1,0
119713,8,1,5,NULL,1,2,0,1
119714,8,1,5,2,1,2,0,0
119715,9,2,6,3,1,4,1,0
119716,9,2,6,2,0,1,0,0
119717,8,1,6,4,0,2,0,0
119718,8,1,6,3,1,4,1,0
119719,8,2,6,3,1,3,1,0
119720,9,2,6,2,1,2,0,0
119721,8,2,6,4,0,3,1,0
119722,8,1,6,3,1,3,1,0
119723,8,2,6,3,0,3,1,0
119724,8,1,6,4,1,2,0,0
119725,8,1,6,3,0,3,1,0
119726,8,2,6,3,1,1,0,0
119728,9,1,6,3,0,3,1,0
119729,9,1,6,NULL,1,2,0,1
119730,8,2,6,4,0,3,1,0
119731,9,1,6,4,0,3,1,0
119732,8,1,6,4,0,3,1,0
119733,8,2,6,4,1,3,1,0
119734,8,2,6,3,1,3,1,0
119735,9,1,6,4,0,4,1,0
119736,8,1,6,NULL,0,3,1,1
119737,10,1,6,4,0,3,1,0
119738,8,1,6,3,0,3,1,0
119739,7,2,4,4,1,3,1,0
119740,10,2,7,3,0,2,0,0
119741,6,2,4,3,0,3,1,0
119742,10,1,6,4,1,4,1,0
119743,10,2,7,NULL,1,4,1,1
119745,9,2,7,2,0,1,0,0
119746,6,2,4,4,1,3,1,0
119747,6,2,4,4,1,3,1,0
119748,7,2,5,NULL,0,3,1,1
119749,10,2,7,3,0,4,1,0
119750,11,1,7,4,1,2,0,0
119751,10,1,7,4,1,3,1,0
119752,9,2,7,4,1,3,1,0
119753,10,1,7,NULL,0,2,0,1
119754,9,2,7,3,0,4,1,0
119755,10,1,7,3,0,4,1,0
119756,9,1,7,4,0,4,1,0
119757,9,1,7,4,0,1,0,0
119758,10,2,7,4,1,4,1,0
119759,3,2,1,4,0,4,1,0
119760,4,2,1,4,0,4,1,0
119761,4,1,1,3,1,3,1,0
119763,4,1,1,3,0,2,0,0
119765,4,2,1,4,0,3,1,0
119766,3,2,1,4,0,4,1,0
119767,3,1,1,3,1,4,1,0
119768,3,1,1,4,0,3,1,0
119769,4,2,1,2,1,3,1,0
119770,3,2,1,3,1,1,0,0
119771,4,1,1,4,0,2,0,0
119772,3,1,1,4,1,2,0,0
119773,3,1,1,4,0,3,1,0
119775,4,1,1,4,1,4,1,0
119776,4,1,1,NULL,1,2,0,1
119777,4,1,1,3,0,3,1,0
119778,5,2,1,4,0,4,1,0
119779,5,1,1,4,0,3,1,0
119780,5,1,1,3,0,3,1,0
119781,3,2,1,4,0,4,1,0
119782,4,2,1,4,0,4,1,0
119783,4,2,1,3,0,3,1,0
119784,3,2,1,4,0,4,1,0
119785,4,1,1,4,1,2,0,0
119786,3,2,1,4,1,4,1,0
119788,4,1,1,4,0,3,1,0
119789,4,2,1,4,0,4,1,0
119792,4,1,1,4,0,3,1,0
119793,3,1,1,3,0,4,1,0
119794,4,1,1,4,0,3,1,0
119795,3,2,1,4,0,4,1,0
119796,4,1,1,3,0,4,1,0
119797,4,1,1,4,0,4,1,0
119798,4,1,1,3,1,3,1,0
119799,4,2,1,4,0,3,1,0
119800,3,1,1,4,1,3,1,0
119804,5,2,2,3,0,4,1,0
119805,4,2,2,4,1,2,0,0
119806,5,1,2,4,0,3,1,0
119809,6,1,2,4,0,4,1,0
119813,4,2,2,4,0,4,1,0
119814,5,1,2,3,1,4,1,0
119815,5,2,2,2,0,3,1,0
119816,5,1,2,3,0,4,1,0
119817,4,2,2,4,1,3,1,0
119822,4,2,2,4,0,3,1,0
119823,5,1,2,4,1,3,1,0
119826,5,1,2,NULL,1,3,1,1
119827,6,1,2,3,0,3,1,0
119828,6,1,2,3,1,3,1,0
119829,5,1,2,4,1,3,1,0
119833,4,1,2,4,0,3,1,0
119834,5,2,2,4,0,4,1,0
119836,5,1,2,4,0,3,1,0
119838,4,2,2,4,0,4,1,0
119839,5,1,2,4,0,3,1,0
119841,4,2,2,3,1,3,1,0
119843,5,1,2,4,0,4,1,0
119845,5,1,3,NULL,1,2,0,1
119847,7,1,3,NULL,1,4,1,1
119848,6,2,3,4,0,3,1,0
119849,6,2,3,4,0,3,1,0
119850,6,2,3,4,0,4,1,0
119851,6,1,3,4,1,2,0,0
119852,5,2,3,4,0,3,1,0
119853,6,2,3,NULL,0,2,0,1
119854,6,2,3,NULL,1,3,1,1
119855,5,2,3,4,0,3,1,0
119857,6,2,3,3,1,3,1,0
119858,6,1,3,4,0,4,1,0
119859,5,1,3,4,1,4,1,0
119863,6,1,3,NULL,0,3,1,1
119865,5,2,3,NULL,1,3,1,1
119866,6,1,3,4,1,3,1,0
119867,6,2,3,NULL,0,3,1,1
119868,6,2,3,NULL,1,3,1,1
119869,5,2,3,4,1,4,1,0
119870,6,1,3,3,0,3,1,0
119872,5,2,3,NULL,1,2,0,1
119873,6,2,3,4,0,3,1,0
119874,6,1,3,3,0,3,1,0
119875,6,2,3,4,0,4,1,0
119876,6,2,3,NULL,0,2,0,1
119877,5,2,3,3,1,3,1,0
119878,6,1,3,4,0,4,1,0
119879,5,2,3,4,0,2,0,0
119881,6,2,3,NULL,1,4,1,1
119882,6,2,3,4,0,3,1,0
119883,5,2,3,1,0,3,1,0
119884,5,1,3,3,1,4,1,0
119885,7,2,3,3,1,4,1,0
119886,6,1,3,4,1,2,0,0
119887,4,1,1,4,1,3,1,0
119889,4,1,1,3,1,4,1,0
119890,4,1,1,3,1,3,1,0
119891,4,2,1,4,0,4,1,0
119892,4,2,1,4,0,3,1,0
119893,4,2,1,4,0,3,1,0
119894,4,2,1,4,0,4,1,0
119895,4,2,1,3,1,3,1,0
119897,4,2,1,4,0,4,1,0
119898,3,2,1,4,0,4,1,0
119899,4,1,1,4,1,3,1,0
119900,4,1,1,4,1,4,1,0
119902,4,1,1,4,0,3,1,0
119903,4,1,1,4,1,4,1,0
119904,4,2,1,NULL,1,2,0,1
119905,4,2,1,4,1,3,1,0
119906,4,1,1,4,0,4,1,0
119907,3,1,1,4,0,4,1,0
119908,3,1,1,4,1,4,1,0
119909,4,1,1,2,1,3,1,0
119910,4,2,1,4,1,3,1,0
119911,4,1,1,4,0,3,1,0
119912,4,2,1,4,1,3,1,0
119913,4,2,1,4,1,3,1,0
119914,3,2,1,4,1,4,1,0
119915,6,1,3,4,0,3,1,0
119916,6,1,3,NULL,1,4,1,1
119917,6,1,3,2,1,4,1,0
119919,6,1,3,3,1,3,1,0
119921,6,1,3,4,1,4,1,0
119922,6,2,3,2,1,3,1,0
119923,5,2,3,NULL,0,3,1,1
119924,6,2,3,3,1,3,1,0
119925,6,2,3,4,0,3,1,0
119926,5,1,3,4,1,4,1,0
119927,6,2,3,3,1,3,1,0
119928,5,1,3,4,0,4,1,0
119929,5,1,3,4,1,4,1,0
119930,6,1,3,NULL,1,2,0,1
119931,6,1,3,4,0,3,1,0
119932,5,2,3,NULL,1,4,1,1
119933,5,2,3,4,0,4,1,0
119934,5,1,3,4,0,4,1,0
119935,5,2,3,4,0,4,1,0
119936,6,1,3,4,0,4,1,0
119937,6,1,3,4,0,4,1,0
119938,5,2,3,4,0,3,1,0
119939,5,2,3,NULL,0,3,1,1
119940,5,1,3,4,0,4,1,0
119941,6,1,3,4,1,3,1,0
119942,5,2,3,4,1,3,1,0
119943,6,2,3,3,0,4,1,0
119944,6,2,3,4,0,4,1,0
119946,5,1,3,4,0,3,1,0
119947,6,1,3,4,0,4,1,0
119948,5,1,3,4,1,4,1,0
119949,6,1,3,4,1,3,1,0
119950,6,1,3,3,0,4,1,0
119951,5,2,3,4,1,3,1,0
119952,7,1,7,3,1,3,1,0
119953,7,2,4,3,0,4,1,0
119954,6,1,4,4,0,3,1,0
119955,6,2,4,4,1,3,1,0
119956,7,1,4,3,1,3,1,0
119957,7,1,4,3,1,4,1,0
119958,6,1,4,3,0,3,1,0
119959,7,1,4,NULL,0,4,1,1
119960,7,2,4,3,0,1,0,0
119961,9,1,5,NULL,0,3,1,1
119962,6,1,4,4,0,3,1,0
119963,7,2,4,4,0,4,1,0
119964,7,1,4,4,0,4,1,0
119965,7,1,4,3,0,3,1,0
119966,7,2,4,3,0,4,1,0
119969,5,2,4,2,0,3,1,0
119970,6,2,4,3,0,4,1,0
119971,6,2,4,4,0,4,1,0
119972,7,2,5,NULL,1,3,1,1
119974,7,1,5,3,1,4,1,0
119975,8,2,5,4,0,3,1,0
119976,7,2,5,4,1,3,1,0
119977,8,2,5,4,0,4,1,0
119978,8,1,5,3,0,3,1,0
119979,8,2,5,NULL,1,4,1,1
119980,8,2,5,NULL,0,2,0,1
119983,7,1,5,3,0,2,0,0
119984,8,1,5,3,1,2,0,0
119986,6,2,4,4,1,1,0,0
119987,7,1,4,NULL,1,3,1,1
119990,7,2,4,2,1,1,0,0
119991,1,2,7,NULL,1,3,1,1
119992,6,1,4,4,0,4,1,0
119994,7,2,4,NULL,0,3,1,1
119995,8,1,6,4,1,4,1,0
119996,8,2,6,2,0,3,1,0
119997,8,1,6,4,0,3,1,0
119998,8,2,6,NULL,0,3,1,1
119999,9,1,6,NULL,0,4,1,1
120000,9,1,6,3,0,3,1,0
120001,9,2,6,4,0,3,1,0
120002,8,1,6,3,1,4,1,0
120003,9,2,6,3,1,3,1,0
120004,8,1,6,2,0,2,0,0
120006,9,1,7,2,0,3,1,0
120007,9,1,7,NULL,1,3,1,1
120008,9,1,7,4,0,4,1,0
120009,9,2,7,3,0,4,1,0
120010,9,1,7,NULL,0,2,0,1
120011,9,1,7,4,0,3,1,0
120012,10,1,7,3,0,2,0,0
120013,9,1,7,1,0,4,1,0
120014,10,2,7,4,0,4,1,0
120015,10,1,7,NULL,0,4,1,1
120016,5,2,1,4,0,4,1,0
120017,5,1,1,3,0,2,0,0
120018,4,1,1,4,1,3,1,0
120020,4,1,1,4,0,3,1,0
120022,3,1,1,4,0,4,1,0
120023,4,1,1,4,0,3,1,0
120024,3,2,1,4,1,3,1,0
120025,4,2,1,4,0,4,1,0
120026,5,2,1,4,0,3,1,0
120027,3,2,1,4,0,3,1,0
120028,4,2,1,2,0,4,1,0
120029,4,2,1,4,0,3,1,0
120030,4,1,1,4,0,3,1,0
120031,4,1,1,4,0,1,0,0
120032,4,2,1,4,0,4,1,0
120033,4,2,1,3,1,2,0,0
120034,3,2,1,4,0,3,1,0
120036,4,1,1,NULL,0,1,0,1
120037,4,1,1,4,0,2,0,0
120038,4,2,1,3,1,2,0,0
120039,5,2,1,4,0,4,1,0
120040,3,2,1,4,1,3,1,0
120041,4,1,1,4,0,3,1,0
120042,4,1,1,4,0,2,0,0
120043,3,1,1,NULL,0,1,0,0
120044,4,1,1,4,0,3,1,0
120045,3,1,1,4,0,4,1,0
120046,3,1,1,4,0,2,0,0
120047,4,1,1,3,0,2,0,0
120048,4,2,1,4,0,3,1,0
120049,4,2,1,4,1,3,1,0
120050,4,2,1,4,0,4,1,0
120051,3,2,1,NULL,1,3,1,1
120052,4,2,1,3,0,3,1,0
120056,4,2,2,4,0,4,1,0
120057,4,2,2,4,0,4,1,0
120058,5,1,2,4,0,4,1,0
120059,4,2,2,4,0,2,0,0
120061,5,1,2,3,0,3,1,0
120062,5,2,2,4,1,2,0,0
120064,5,1,3,NULL,1,1,0,1
120065,5,1,3,3,0,3,1,0
120066,3,2,1,4,0,4,1,0
120067,3,2,1,4,0,2,0,0
120069,3,1,1,4,1,3,1,0
120071,4,2,1,2,0,4,1,0
120072,4,2,1,4,0,4,1,0
120073,4,2,1,4,0,3,1,0
120075,3,1,1,4,0,4,1,0
120076,3,1,1,3,0,3,1,0
120077,4,2,1,NULL,1,4,1,1
120078,4,2,1,4,0,4,1,0
120080,3,2,1,4,0,2,0,0
120081,4,1,1,4,0,4,1,0
120083,3,2,1,4,0,3,1,0
120084,4,1,1,3,0,1,0,0
120085,4,1,1,4,0,3,1,0
120086,5,1,1,4,0,2,0,0
120088,3,1,1,4,0,4,1,0
120089,4,2,1,4,0,2,0,0
120090,4,1,1,4,0,4,1,0
120091,3,1,1,4,0,3,1,0
120092,4,2,1,4,0,3,1,0
120093,3,2,1,3,0,3,1,0
120094,4,1,1,2,0,3,1,0
120096,3,2,1,4,0,3,1,0
120097,4,2,1,4,0,4,1,0
120099,3,1,1,4,0,3,1,0
120101,4,1,1,4,0,3,1,0
120102,4,2,1,4,0,3,1,0
120103,4,2,1,3,1,3,1,0
120104,4,1,1,4,0,3,1,0
120106,4,1,1,3,0,3,1,0
120108,3,1,1,4,0,4,1,0
120111,4,1,1,3,0,4,1,0
120113,4,2,1,4,0,3,1,0
120114,3,2,1,4,0,3,1,0
120115,4,2,1,4,1,2,0,0
120117,3,1,1,4,0,4,1,0
120118,4,1,1,4,0,4,1,0
120119,3,2,1,3,0,4,1,0
120120,4,2,1,4,0,3,1,0
120122,3,2,1,4,0,2,0,0
120123,4,1,2,4,0,3,1,0
120124,4,2,2,4,0,3,1,0
120125,4,1,2,4,0,4,1,0
120126,4,1,2,4,1,3,1,0
120127,5,2,2,4,0,4,1,0
120128,5,1,2,4,0,4,1,0
120129,4,1,2,4,0,3,1,0
120130,4,1,2,3,0,3,1,0
120131,4,2,2,4,1,3,1,0
120132,4,1,2,4,0,4,1,0
120133,4,1,2,4,1,4,1,0
120134,5,2,2,4,0,3,1,0
120135,5,1,2,4,0,3,1,0
120136,4,2,2,4,1,3,1,0
120137,4,1,2,4,0,4,1,0
120138,5,2,3,3,0,3,1,0
120139,6,1,3,4,0,4,1,0
120141,5,1,3,4,0,3,1,0
120143,5,1,3,4,0,4,1,0
120144,5,2,3,NULL,1,3,1,1
120145,5,2,3,3,0,3,1,0
120146,5,1,3,4,1,4,1,0
120147,5,2,3,4,0,3,1,0
120148,6,2,3,3,0,3,1,0
120149,6,2,3,4,1,3,1,0
120150,4,2,1,4,0,3,1,0
120151,4,1,1,4,0,3,1,0
120153,3,2,1,3,0,2,0,0
120154,4,2,1,4,0,3,1,0
120156,4,2,1,4,0,4,1,0
120157,4,2,1,3,0,2,0,0
120158,4,1,1,4,0,3,1,0
120160,3,2,1,3,0,2,0,0
120161,3,2,1,4,0,4,1,0
120162,4,2,1,4,0,3,1,0
120163,4,2,1,3,1,4,1,0
120165,4,2,1,4,0,3,1,0
120166,4,1,1,4,0,3,1,0
120167,4,2,1,4,1,4,1,0
120169,4,2,1,3,0,4,1,0
120170,4,2,1,2,1,2,0,0
120172,4,2,1,4,0,4,1,0
120174,3,2,1,4,0,3,1,0
120175,4,2,1,4,0,4,1,0
120176,4,1,1,4,0,4,1,0
120177,4,1,1,4,0,3,1,0
120178,4,2,2,4,0,4,1,0
120179,5,2,2,3,1,4,1,0
120180,4,2,2,4,0,3,1,0
120181,5,1,2,4,1,3,1,0
120182,5,1,2,4,0,3,1,0
120183,5,1,2,4,0,4,1,0
120184,5,1,2,3,0,3,1,0
120185,5,1,2,4,0,3,1,0
120186,4,1,2,4,0,3,1,0
120187,5,1,2,4,1,4,1,0
120188,4,1,2,4,1,4,1,0
120189,4,1,2,4,0,4,1,0
120190,4,1,2,4,0,4,1,0
120191,5,2,2,4,0,4,1,0
120192,4,2,2,4,0,4,1,0
120193,5,1,2,4,0,3,1,0
120194,4,2,2,4,0,4,1,0
120195,5,2,2,4,0,4,1,0
120197,5,1,2,4,0,4,1,0
120198,5,2,2,4,0,4,1,0
120199,6,2,2,4,0,4,1,0
120200,4,1,2,4,0,4,1,0
120201,4,1,2,4,0,3,1,0
120202,5,2,2,4,0,4,1,0
120203,5,1,2,4,1,3,1,0
120204,4,1,2,4,0,4,1,0
120205,4,1,2,4,0,4,1,0
120206,4,2,2,4,0,4,1,0
120207,6,1,3,3,1,4,1,0
120208,6,2,3,4,0,3,1,0
120209,6,1,3,4,0,3,1,0
120210,6,1,3,4,0,3,1,0
120211,6,2,3,4,0,3,1,0
120212,6,1,3,4,1,4,1,0
120213,6,2,3,4,0,4,1,0
120214,5,1,3,4,0,4,1,0
120216,5,1,3,3,0,3,1,0
120217,6,2,3,4,0,4,1,0
120218,6,1,3,3,0,2,0,0
120220,6,1,3,4,1,4,1,0
120221,4,1,2,4,0,4,1,0
120222,4,2,2,4,0,4,1,0
120223,5,2,2,4,0,3,1,0
120224,4,2,2,4,0,4,1,0
120225,4,2,2,4,1,1,0,0
120226,5,1,2,4,0,3,1,0
120227,5,2,2,4,0,3,1,0
120228,5,2,2,4,0,3,1,0
120230,6,1,3,4,0,3,1,0
120232,6,1,3,4,0,4,1,0
120233,5,1,3,4,0,4,1,0
120234,5,1,3,3,0,4,1,0
120235,6,1,3,4,0,2,0,0
120236,5,1,3,4,0,4,1,0
120237,5,1,3,4,0,2,0,0
120238,6,1,3,4,0,4,1,0
120239,5,1,3,4,0,3,1,0
120240,6,1,3,4,0,1,0,0
120241,6,1,3,4,0,3,1,0
120242,6,1,3,4,1,3,1,0
120243,6,1,3,4,0,4,1,0
120244,6,1,3,4,0,4,1,0
120245,6,1,3,4,0,3,1,0
120246,5,2,3,4,0,4,1,0
120247,5,1,3,4,1,2,0,0
120248,5,1,3,3,1,3,1,0
120249,6,2,3,4,0,4,1,0
120250,6,2,3,4,0,3,1,0
120251,6,2,3,4,0,3,1,0
120252,5,1,3,4,0,4,1,0
120253,5,2,3,4,0,4,1,0
120254,5,1,3,4,0,3,1,0
120255,5,1,3,4,0,4,1,0
120256,6,2,3,4,0,3,1,0
120257,6,1,3,4,1,4,1,0
120258,5,1,2,3,1,3,1,0
120259,5,1,2,2,1,2,0,0
120260,5,2,2,4,1,4,1,0
120261,4,2,2,4,0,3,1,0
120262,5,1,2,4,0,4,1,0
120264,4,2,2,3,1,4,1,0
120265,5,1,2,3,0,3,1,0
120266,5,1,2,4,0,3,1,0
120267,4,1,2,4,0,4,1,0
120268,4,1,2,4,0,4,1,0
120269,6,2,2,4,0,3,1,0
120271,4,2,2,4,1,4,1,0
120272,4,2,2,4,0,4,1,0
120273,5,1,2,4,0,4,1,0
120274,5,1,2,4,0,4,1,0
120275,5,1,2,4,0,4,1,0
120276,5,1,2,4,1,4,1,0
120278,5,2,2,4,0,3,1,0
120279,4,1,2,4,0,3,1,0
120280,4,1,2,4,0,4,1,0
120281,4,2,2,4,0,4,1,0
120282,5,1,2,4,0,4,1,0
120283,5,1,2,4,0,3,1,0
120284,5,1,2,4,0,3,1,0
120286,3,2,1,4,0,3,1,0
120287,4,2,1,4,0,3,1,0
120288,4,1,1,4,0,3,1,0
120289,4,2,1,4,1,3,1,0
120290,4,1,1,4,0,4,1,0
120291,3,1,1,3,0,3,1,0
120292,4,1,1,4,0,4,1,0
120293,3,2,1,3,0,4,1,0
120294,4,2,1,4,0,4,1,0
120295,4,1,1,3,0,2,0,0
120296,3,2,1,4,0,4,1,0
120297,3,1,1,3,0,2,0,0
120298,4,2,1,4,0,4,1,0
120300,4,1,1,4,1,3,1,0
120301,4,1,1,4,0,2,0,0
120302,3,2,1,4,1,4,1,0
120303,4,2,1,3,0,4,1,0
120304,3,2,1,4,0,4,1,0
120305,3,2,1,3,0,3,1,0
120306,4,2,1,4,0,4,1,0
120307,3,1,1,4,0,4,1,0
120308,3,1,1,4,0,3,1,0
120309,3,2,1,4,0,4,1,0
120311,4,2,1,4,0,4,1,0
120312,3,2,1,4,1,4,1,0
120313,4,2,1,4,0,4,1,0
120314,4,2,1,4,0,4,1,0
120316,4,2,1,2,0,3,1,0
120317,4,2,1,4,0,4,1,0
120318,4,2,1,4,0,3,1,0
120319,3,2,1,4,0,2,0,0
120321,4,2,1,4,0,4,1,0
120322,3,2,1,4,0,4,1,0
120323,4,2,1,4,1,2,0,0
120324,4,2,1,4,0,3,1,0
120325,4,2,1,4,0,4,1,0
120326,4,2,1,4,0,4,1,0
120327,3,1,1,3,0,4,1,0
120328,3,1,1,4,0,3,1,0
120329,4,1,1,4,0,3,1,0
120330,4,1,1,4,0,4,1,0
120331,4,1,1,4,0,4,1,0
120332,4,1,1,4,0,3,1,0
120333,3,1,1,4,0,4,1,0
120334,4,2,1,3,0,4,1,0
120335,3,2,1,4,0,4,1,0
120337,3,1,1,4,0,4,1,0
120338,4,1,1,4,0,4,1,0
120339,4,1,1,4,0,4,1,0
120340,4,2,1,4,0,4,1,0
120341,3,2,1,4,0,4,1,0
120342,4,2,1,4,0,4,1,0
120343,3,2,1,4,0,4,1,0
120344,4,2,1,4,0,3,1,0
120346,4,2,1,4,0,4,1,0
120347,4,1,1,4,0,3,1,0
120348,4,1,1,4,0,4,1,0
120349,4,2,1,4,0,3,1,0
120350,3,1,1,4,0,4,1,0
120351,4,1,1,3,0,4,1,0
120352,4,1,1,4,0,4,1,0
120353,3,2,1,4,0,3,1,0
120354,3,1,1,4,0,2,0,0
120355,4,1,1,4,0,4,1,0
120356,4,2,1,4,0,4,1,0
120358,4,1,1,4,0,4,1,0
120359,5,1,2,4,0,4,1,0
120360,5,2,2,4,0,4,1,0
120361,4,2,2,4,0,4,1,0
120362,5,1,2,4,0,4,1,0
120363,5,2,2,4,1,4,1,0
120364,4,2,2,4,0,4,1,0
120365,5,1,2,4,0,4,1,0
120366,5,1,2,3,0,4,1,0
120367,5,2,2,4,0,3,1,0
120368,5,1,2,4,0,2,0,0
120369,5,1,2,4,0,3,1,0
120370,5,2,2,3,1,3,1,0
120371,5,1,2,3,1,2,0,0
120372,5,1,2,4,0,4,1,0
120373,4,1,2,4,0,3,1,0
120374,4,1,2,4,0,4,1,0
120375,3,1,1,4,0,3,1,0
120376,4,2,1,4,1,2,0,0
120377,4,2,1,4,0,4,1,0
120378,4,2,1,4,0,3,1,0
120380,3,2,1,3,0,3,1,0
120381,4,1,1,4,0,4,1,0
120382,4,1,1,4,0,4,1,0
120383,3,1,1,4,0,4,1,0
120384,3,1,1,4,0,4,1,0
120385,4,1,1,4,1,2,0,0
120386,3,1,1,4,0,3,1,0
120387,4,2,1,4,1,4,1,0
120388,4,2,1,3,0,4,1,0
120389,4,2,1,4,1,3,1,0
120390,4,1,1,4,1,4,1,0
120391,3,2,1,4,0,4,1,0
120392,3,1,1,4,0,3,1,0
120394,4,2,1,NULL,0,4,1,1
120396,3,2,1,4,0,4,1,0
120397,4,1,1,4,1,3,1,0
120398,4,2,1,4,0,4,1,0
120399,4,2,1,4,0,4,1,0
120400,4,1,1,3,1,4,1,0
120401,3,2,1,4,0,2,0,0
120402,4,1,1,4,0,3,1,0
120403,4,1,1,3,0,4,1,0
120404,5,1,2,4,0,4,1,0
120406,4,2,2,3,0,4,1,0
120407,4,1,2,4,0,4,1,0
120408,5,2,2,3,0,3,1,0
120409,5,2,2,1,0,3,1,0
120410,4,1,2,4,0,4,1,0
120411,5,1,2,4,0,4,1,0
120412,4,2,2,4,0,4,1,0
120413,5,1,2,4,0,3,1,0
120414,5,2,2,4,0,3,1,0
120415,4,2,2,4,0,3,1,0
120416,4,2,2,NULL,1,3,1,1
120417,4,2,2,4,0,3,1,0
120418,5,1,2,NULL,0,4,1,1
120419,5,2,2,4,1,4,1,0
120420,5,2,2,4,1,2,0,0
120421,4,2,2,3,0,2,0,0
120422,5,2,2,4,1,3,1,0
120423,4,2,2,4,0,4,1,0
120424,4,2,2,3,0,3,1,0
120425,7,1,3,3,0,3,1,0
120427,6,1,3,NULL,0,3,1,1
120428,5,2,3,3,1,3,1,0
120429,6,1,3,4,1,4,1,0
120431,6,2,3,NULL,0,3,1,1
120432,6,1,3,NULL,1,3,1,1
120433,5,2,3,4,0,3,1,0
120434,6,1,3,3,0,2,0,0
120435,6,1,3,4,0,3,1,0
120436,6,2,3,4,0,3,1,0
120437,5,2,3,3,0,3,1,0
120438,5,1,3,4,0,2,0,0
120439,6,1,3,4,1,4,1,0
120440,6,2,3,4,1,2,0,0
120441,5,2,3,4,0,4,1,0
120442,5,1,3,3,1,3,1,0
120444,5,1,3,4,1,3,1,0
120445,6,1,3,4,0,4,1,0
120446,6,1,3,4,0,3,1,0
120447,5,2,3,4,1,3,1,0
120448,5,1,3,3,1,3,1,0
120449,5,1,3,4,0,3,1,0
120451,6,1,3,3,1,3,1,0
120452,6,2,3,3,1,3,1,0
120453,5,2,3,4,0,3,1,0
120454,6,2,3,4,0,4,1,0
120455,6,2,3,4,0,3,1,0
120456,6,2,3,4,1,4,1,0
120457,7,2,3,3,0,3,1,0
120458,6,2,3,4,0,4,1,0
120459,6,1,3,4,1,4,1,0
120460,6,1,3,3,0,3,1,0
120461,6,2,3,4,0,4,1,0
120462,6,2,3,3,1,2,0,0
120463,6,1,3,4,0,4,1,0
120464,5,1,3,4,0,3,1,0
120465,5,2,3,3,1,3,1,0
120466,4,2,1,4,0,3,1,0
120467,3,1,1,4,0,2,0,0
120468,4,1,1,3,0,4,1,0
120469,4,1,1,4,1,3,1,0
120470,4,2,1,4,1,3,1,0
120471,4,2,1,4,0,3,1,0
120472,4,2,1,2,1,3,1,0
120474,4,2,1,3,1,3,1,0
120475,3,1,1,4,0,2,0,0
120476,3,1,1,4,0,3,1,0
120477,5,2,1,4,0,4,1,0
120478,4,2,1,3,0,4,1,0
120479,4,1,1,4,1,3,1,0
120481,3,1,1,4,0,4,1,0
120482,5,1,2,4,0,4,1,0
120483,5,2,2,3,0,2,0,0
120484,5,1,2,2,0,4,1,0
120485,5,2,2,NULL,0,2,0,1
120486,5,2,2,NULL,1,3,1,1
120487,5,2,2,4,0,3,1,0
120488,5,1,2,3,0,2,0,0
120489,5,1,2,3,0,3,1,0
120490,4,2,2,3,0,4,1,0
120491,6,2,3,4,1,3,1,0
120492,6,2,3,3,0,3,1,0
120493,6,1,3,4,0,4,1,0
120494,6,2,3,4,0,2,0,0
120495,6,1,3,3,0,4,1,0
120496,5,1,3,NULL,0,2,0,1
120497,6,2,3,NULL,0,3,1,1
120498,6,1,3,4,0,3,1,0
120499,6,1,3,4,0,4,1,0
120500,6,2,3,4,0,1,0,0
120501,6,2,3,4,0,4,1,0
120502,5,2,3,NULL,0,3,1,1
120503,6,1,3,4,1,4,1,0
120504,5,1,3,2,1,2,0,0
120505,7,2,3,4,0,3,1,0
120506,6,1,3,3,0,3,1,0
120508,5,1,3,NULL,1,4,1,1
120509,5,1,3,3,1,4,1,0
120510,6,2,3,3,0,4,1,0
120511,7,1,3,4,0,4,1,0
120513,6,1,3,4,0,3,1,0
120514,6,2,3,4,1,4,1,0
120516,7,2,3,4,0,3,1,0
120517,5,2,3,4,1,4,1,0
120519,6,1,3,1,1,3,1,0
120520,5,2,3,4,1,2,0,0
120521,7,2,3,4,0,1,0,0
120522,6,1,3,3,0,3,1,0
120523,6,2,3,4,0,4,1,0
120524,6,1,3,3,1,3,1,0
120525,6,2,3,3,0,4,1,0
120526,6,2,3,3,1,4,1,0
120527,6,1,3,4,0,4,1,0
120528,6,1,4,3,0,2,0,0
120529,6,1,4,4,0,3,1,0
120530,7,1,4,2,1,2,0,0
120532,6,1,4,NULL,1,3,1,1
120533,7,2,4,NULL,0,3,1,1
120534,6,1,4,4,1,4,1,0
120535,8,2,4,NULL,0,4,1,1
120537,6,1,4,3,1,2,0,0
120538,6,1,4,4,0,4,1,0
120539,7,2,4,NULL,0,4,1,1
120543,8,2,4,3,0,4,1,0
120544,7,1,4,3,1,3,1,0
120545,6,2,4,4,0,4,1,0
120546,7,1,4,4,1,4,1,0
120547,7,1,4,4,0,3,1,0
120548,7,1,4,4,0,3,1,0
120549,6,2,4,NULL,0,4,1,1
120550,7,1,4,3,1,2,0,0
120551,7,2,4,4,0,3,1,0
120552,7,1,4,NULL,1,4,1,1
120553,6,1,4,4,0,4,1,0
120554,6,2,4,4,0,3,1,0
120555,6,1,4,4,0,4,1,0
120559,8,1,4,NULL,1,4,1,1
120560,6,1,4,3,1,3,1,0
120561,7,1,4,NULL,0,2,0,1
120562,8,2,5,4,0,3,1,0
120564,8,2,5,3,1,4,1,0
120567,8,1,5,4,0,3,1,0
120568,8,2,5,4,0,3,1,0
120569,8,1,5,3,1,3,1,0
120570,7,2,5,4,1,4,1,0
120571,8,2,5,4,0,4,1,0
120572,8,2,5,NULL,1,3,1,1
120573,8,2,5,1,0,1,0,0
120574,7,2,5,4,0,3,1,0
120576,7,2,5,4,0,4,1,0
120577,7,1,5,4,1,3,1,0
120578,9,2,6,4,0,4,1,0
120580,8,2,6,NULL,1,2,0,1
120581,8,2,6,4,0,3,1,0
120582,8,1,6,4,0,3,1,0
120583,9,1,6,4,1,2,0,0
120584,9,2,6,4,0,4,1,0
120585,8,2,6,NULL,1,3,1,1
120586,8,1,6,NULL,1,3,1,1
120587,3,1,6,4,1,3,1,0
120588,8,1,6,NULL,1,3,1,1
120589,9,2,7,NULL,1,2,0,1
120590,9,2,7,4,0,3,1,0
120591,10,1,7,2,1,4,1,0
120592,10,1,7,4,0,4,1,0
120594,10,2,7,NULL,1,3,1,1
120595,10,2,7,NULL,0,3,1,1
120596,10,1,7,NULL,1,3,1,1
120597,10,1,7,4,0,4,1,0
120599,10,2,7,NULL,0,3,1,1
120600,9,1,7,4,0,4,1,0
120601,9,2,7,4,0,4,1,0
120602,9,1,7,4,0,1,0,0
120603,9,2,7,4,0,3,1,0
120604,9,2,7,3,1,4,1,0
120605,10,1,7,NULL,1,3,1,1
120606,9,1,7,NULL,1,4,1,1
120607,8,2,5,4,0,4,1,0
120609,8,1,5,4,1,4,1,0
120610,7,2,5,3,1,4,1,0
120611,9,1,5,NULL,1,3,1,1
120612,7,1,5,4,1,3,1,0
120613,7,2,5,4,0,4,1,0
120614,9,1,6,NULL,1,3,1,1
120615,8,2,5,NULL,0,2,0,1
120616,9,1,6,NULL,1,3,1,1
120617,9,1,6,4,1,3,1,0
120618,9,1,6,4,0,4,1,0
120619,10,1,6,4,0,4,1,0
120620,9,2,6,3,0,3,1,0
120621,8,2,6,NULL,1,3,1,1
120622,8,2,6,4,0,2,0,0
120623,3,1,1,4,1,3,1,0
120624,4,2,1,4,0,4,1,0
120625,4,1,1,3,1,3,1,0
120626,4,1,1,4,0,4,1,0
120627,5,2,1,4,0,2,0,0
120629,5,2,2,NULL,1,3,1,1
120631,5,2,2,NULL,1,2,0,1
120632,5,1,3,4,0,4,1,0
120634,6,1,3,4,1,3,1,0
120635,5,2,3,3,1,3,1,0
120636,6,2,3,3,0,4,1,0
120638,4,2,1,4,0,4,1,0
120639,3,2,1,4,0,3,1,0
120641,5,2,1,4,0,3,1,0
120642,3,1,1,4,0,2,0,0
120644,3,1,1,3,1,3,1,0
120646,4,2,1,4,1,2,0,0
120647,4,2,1,4,0,4,1,0
120648,4,2,1,NULL,1,3,1,1
120649,5,2,1,4,0,1,0,0
120650,3,1,1,4,0,3,1,0
120651,4,2,1,4,0,4,1,0
120652,3,2,1,4,0,3,1,0
120653,3,2,1,4,1,1,0,0
120654,3,2,1,4,1,1,0,0
120657,3,2,1,4,1,4,1,0
120658,3,2,1,4,1,4,1,0
120659,4,1,1,3,0,1,0,0
120660,4,2,1,2,1,3,1,0
120661,4,1,1,4,1,3,1,0
120662,4,1,1,4,1,2,0,0
120663,3,1,1,3,0,2,0,0
120665,5,2,2,3,1,4,1,0
120666,5,2,2,NULL,1,3,1,1
120667,5,2,2,3,1,3,1,0
120668,5,1,2,NULL,1,2,0,1
120670,5,2,2,NULL,0,2,0,1
120671,5,1,2,NULL,1,2,0,1
120672,5,1,2,3,1,3,1,0
120673,4,2,2,3,1,4,1,0
120674,5,1,2,4,0,3,1,0
120675,6,2,2,NULL,1,2,0,1
120676,5,2,2,NULL,1,3,1,1
120677,5,2,2,3,1,3,1,0
120678,5,1,2,4,1,3,1,0
120679,5,2,2,2,0,3,1,0
120680,5,2,2,4,0,4,1,0
120681,4,1,2,4,1,4,1,0
120682,4,1,2,NULL,0,2,0,1
120683,5,1,2,NULL,1,4,1,0
120684,5,2,2,NULL,1,2,0,1
120685,5,1,2,NULL,1,3,1,1
120686,4,1,2,4,0,3,1,0
120687,4,1,2,4,1,4,1,0
120688,5,1,2,4,0,4,1,0
120689,5,1,2,NULL,1,2,0,1
120690,5,1,2,3,0,2,0,0
120691,5,1,2,4,0,3,1,0
120693,5,2,2,NULL,0,3,1,1
120694,4,1,2,NULL,1,4,1,1
120695,5,1,2,4,0,4,1,0
120696,5,1,2,4,1,3,1,0
120697,5,1,2,3,0,3,1,0
120698,5,1,2,NULL,1,1,0,1
120699,5,2,2,4,0,4,1,0
120700,5,2,2,NULL,1,3,1,1
120701,5,1,2,3,0,3,1,0
120704,5,2,2,3,1,1,0,0
120705,4,1,2,4,1,3,1,0
120706,5,1,2,3,1,2,0,0
120707,5,2,2,3,0,3,1,0
120708,5,1,2,4,0,4,1,0
120710,4,2,2,NULL,0,4,1,1
120711,5,2,2,4,1,4,1,0
120712,6,1,2,4,1,2,0,0
120713,5,2,3,NULL,0,3,1,1
120714,6,2,3,4,0,3,1,0
120717,5,1,3,3,0,3,1,0
120718,6,1,3,4,1,3,1,0
120719,5,2,3,NULL,0,2,0,1
120720,6,1,3,4,1,1,0,0
120721,6,2,3,NULL,1,4,1,1
120722,6,1,3,2,1,2,0,0
120723,5,1,3,3,0,2,0,0
120724,5,1,3,NULL,1,4,1,1
120725,6,2,3,4,0,3,1,0
120726,6,1,3,NULL,1,2,0,1
120729,6,1,3,3,1,4,1,0
120731,6,1,3,NULL,1,3,1,1
120732,6,1,3,4,1,3,1,0
120733,6,1,3,4,0,3,1,0
120734,6,2,3,3,0,3,1,0
120735,6,1,3,3,1,3,1,0
120736,6,1,3,NULL,0,3,1,1
120737,6,1,3,4,1,4,1,0
120738,6,2,3,4,0,4,1,0
120739,6,1,3,NULL,1,1,0,1
120740,7,1,3,4,0,3,1,0
120741,6,2,3,4,1,3,1,0
120742,6,1,3,4,0,4,1,0
120743,6,2,3,4,0,4,1,0
120744,5,2,3,NULL,1,3,1,1
120746,6,2,3,4,1,3,1,0
120747,5,1,3,NULL,0,3,1,1
120748,6,2,3,3,0,3,1,0
120749,6,2,3,4,0,4,1,0
120751,6,2,3,4,0,2,0,0
120752,6,2,3,NULL,1,3,1,1
120753,6,1,3,3,1,3,1,0
120754,6,1,3,4,0,3,1,0
120756,6,1,3,2,1,3,1,0
120758,6,2,3,2,0,3,1,0
120759,6,2,3,3,0,3,1,0
120761,6,2,3,3,1,3,1,0
120762,6,2,3,NULL,1,3,1,1
120763,6,1,3,4,0,4,1,0
120764,6,1,3,NULL,0,2,0,1
120765,6,2,3,4,1,3,1,0
120766,6,2,3,3,1,4,1,0
120767,6,2,3,NULL,1,3,1,1
120768,7,2,4,2,0,4,1,0
120770,6,1,4,3,0,3,1,0
120771,8,2,5,4,0,4,1,0
120772,6,1,4,3,0,3,1,0
120773,6,1,4,2,0,3,1,0
120774,7,1,5,3,1,2,0,0
120775,7,2,4,4,0,2,0,0
120776,7,1,4,4,1,4,1,0
120777,7,2,5,4,1,4,1,0
120778,7,1,4,2,0,3,1,0
120779,6,1,4,3,0,3,1,0
120780,8,1,5,3,0,3,1,0
120781,6,2,4,3,0,4,1,0
120782,8,1,5,3,0,3,1,0
120783,7,1,4,4,1,4,1,0
120784,6,1,4,3,0,4,1,0
120785,6,2,4,4,0,4,1,0
120786,7,1,5,4,0,4,1,0
120787,10,1,7,3,1,2,0,0
120788,8,1,6,4,1,4,1,0
120790,8,1,5,4,0,4,1,0
120791,7,1,5,NULL,0,2,0,1
120792,7,1,7,4,1,4,1,0
120793,6,1,4,4,0,3,1,0
120794,8,1,5,4,0,4,1,0
120795,7,1,5,NULL,0,4,1,1
120796,8,2,5,4,1,4,1,0
120797,7,1,5,3,1,3,1,0
120798,8,1,5,4,0,4,1,0
120799,7,1,5,3,0,2,0,0
120800,7,1,5,4,0,3,1,0
120801,8,1,5,4,0,3,1,0
120802,8,1,5,3,0,3,1,0
120803,7,1,5,4,0,4,1,0
120804,8,2,6,NULL,0,2,0,1
120805,9,1,6,4,0,3,1,0
120806,8,2,6,4,0,4,1,0
120807,8,1,6,3,0,4,1,0
120808,9,2,6,3,0,3,1,0
120809,10,2,7,3,0,4,1,0
120810,9,2,6,3,0,3,1,0
120811,9,2,6,4,0,3,1,0
120812,9,2,6,NULL,1,3,1,1
120813,9,2,7,NULL,1,2,0,1
120814,9,1,7,4,0,3,1,0
120815,10,2,7,3,0,2,0,0
120816,10,1,7,4,0,4,1,0
120817,10,1,7,4,0,2,0,0
120818,9,1,7,2,0,2,0,0
120819,9,1,7,4,1,3,1,0
120820,10,2,7,4,0,4,1,0
120821,10,1,7,4,0,3,1,0
120822,9,1,7,3,0,3,1,0
120823,9,1,7,4,0,4,1,0
120824,9,1,7,4,0,3,1,0
120825,6,2,4,4,0,3,1,0
120827,8,1,6,4,0,4,1,0
120828,6,2,4,3,0,4,1,0
120829,9,1,6,3,0,4,1,0
120830,7,2,4,3,0,4,1,0
120831,8,1,6,4,0,3,1,0
120832,7,2,5,NULL,1,2,0,1
120834,8,1,6,4,0,3,1,0
120835,8,1,5,4,0,2,0,0
120836,7,1,4,3,0,4,1,0
120837,10,2,7,3,0,2,0,0
120838,9,2,6,4,0,3,1,0
120839,9,2,6,4,0,4,1,0
120840,9,2,7,4,0,3,1,0
120841,7,1,5,NULL,0,3,1,1
120842,7,2,5,NULL,1,2,0,1
120843,9,2,7,4,0,3,1,0
120844,8,2,5,NULL,1,3,1,1
120845,9,2,7,NULL,1,4,1,1
120846,6,2,4,3,0,3,1,0
120847,9,2,7,4,0,4,1,0
120848,7,2,4,NULL,1,3,1,1
120849,8,1,5,3,1,4,1,0
120850,8,1,5,3,1,2,0,0
120851,7,2,5,4,0,4,1,0
120852,7,1,5,4,0,4,1,0
120853,9,2,7,4,0,3,1,0
120854,6,1,3,NULL,0,3,1,1
120855,5,1,2,2,1,1,0,0
120856,5,2,3,4,0,3,1,0
120857,4,2,2,3,1,3,1,0
120858,4,1,2,3,0,2,0,0
120859,4,2,2,4,0,3,1,0
120860,4,1,6,4,0,4,1,0
120861,5,2,3,4,0,2,0,0
120863,5,1,2,4,0,4,1,0
120864,5,2,3,3,0,4,1,0
120865,6,1,3,4,0,3,1,0
120867,4,2,2,4,1,3,1,0
120869,6,2,3,4,0,4,1,0
120870,4,2,2,4,0,3,1,0
120871,6,1,3,4,0,3,1,0
120872,6,1,3,4,0,4,1,0
120873,4,2,2,4,0,3,1,0
120874,5,1,2,3,0,4,1,0
120875,4,2,2,4,0,3,1,0
120876,5,2,3,3,0,3,1,0
120877,5,2,3,4,0,4,1,0
120878,4,2,2,4,1,3,1,0
120879,5,1,2,4,0,3,1,0
120880,5,2,3,3,0,2,0,0
120881,5,2,3,4,0,4,1,0
120882,5,1,3,4,0,3,1,0
120883,5,1,3,4,0,3,1,0
120884,6,2,3,4,0,3,1,0
120886,5,2,3,4,0,1,0,0
120887,4,2,2,4,0,4,1,0
120888,5,1,3,4,0,3,1,0
120889,4,1,2,4,1,4,1,0
120890,6,1,3,4,0,4,1,0
120891,4,2,2,4,0,4,1,0
120892,4,1,2,4,0,2,0,0
120893,6,1,3,4,0,2,0,0
120895,5,1,3,4,0,4,1,0
120897,4,2,2,4,0,4,1,0
120898,4,1,2,4,0,4,1,0
120899,6,1,3,3,0,2,0,0
120900,4,1,1,4,0,4,1,0
120901,3,2,1,4,1,3,1,0
120903,3,1,1,3,1,4,1,0
120904,3,2,1,3,0,4,1,0
120907,4,2,1,4,0,3,1,0
120908,3,1,1,4,0,4,1,0
120909,3,1,1,4,0,4,1,0
120910,4,1,1,3,0,1,0,0
120911,3,2,1,4,1,2,0,0
120912,4,1,1,NULL,1,2,0,1
120913,3,1,1,4,0,3,1,0
120914,4,1,2,3,0,3,1,0
120915,4,1,2,3,1,4,1,0
120916,5,2,3,4,1,3,1,0
120917,6,2,3,NULL,1,4,1,1
120919,5,1,2,NULL,0,2,0,1
120920,5,1,2,NULL,0,3,1,1
120921,4,2,2,4,0,3,1,0
120922,5,2,3,3,1,3,1,0
120923,6,1,3,3,0,3,1,0
120924,5,2,3,3,1,2,0,0
120925,5,2,3,4,0,3,1,0
120926,5,1,3,NULL,0,4,1,1
120928,5,1,3,4,0,3,1,0
120930,5,1,2,3,1,2,0,0
120931,4,1,2,4,0,4,1,0
120932,6,1,3,NULL,0,4,1,1
120934,5,2,3,NULL,1,3,1,1
120935,6,2,3,4,0,3,1,0
120936,6,2,3,NULL,1,2,0,1
120937,6,1,3,4,1,4,1,0
120938,6,1,3,4,1,4,1,0
120939,6,1,3,4,1,1,0,0
120940,6,2,3,4,0,4,1,0
120942,5,2,3,3,1,2,0,0
120943,6,2,4,NULL,0,3,1,1
120944,6,1,4,3,0,2,0,0
120948,7,1,5,3,0,3,1,0
120949,8,2,5,4,0,1,0,0
120950,8,1,5,NULL,0,1,0,1
120951,8,2,5,NULL,1,2,0,1
120952,7,1,5,4,0,3,1,0
120953,7,1,5,4,0,4,1,0
120954,8,1,5,NULL,1,3,1,1
120955,7,2,5,4,0,4,1,0
120956,7,2,5,2,0,3,1,0
120957,7,1,5,4,0,4,1,0
120958,8,2,5,NULL,0,3,1,1
120959,7,1,5,NULL,0,4,1,1
120960,9,2,5,NULL,1,4,1,1
120961,7,2,5,3,0,4,1,0
120962,7,1,5,4,0,3,1,0
120963,8,2,5,4,1,3,1,0
120965,7,2,4,4,0,3,1,0
120966,8,2,5,NULL,0,2,0,1
120967,9,1,6,NULL,1,2,0,1
120968,6,1,4,3,1,4,1,0
120969,7,1,4,NULL,0,1,0,1
120970,9,2,6,4,1,3,1,0
120971,9,1,6,NULL,1,3,1,1
120972,7,2,4,NULL,1,3,1,1
120973,6,1,4,3,0,2,0,0
120974,9,2,6,NULL,0,3,1,1
120976,7,1,4,NULL,0,4,1,1
120977,7,2,4,4,1,3,1,0
120978,9,2,6,3,0,3,1,0
120979,8,2,6,NULL,1,2,0,1
120980,6,2,4,3,1,2,0,0
120982,8,1,5,3,0,3,1,0
120983,7,2,4,4,0,4,1,0
120984,6,1,4,2,1,4,1,0
120985,9,2,6,3,1,3,1,0
120986,9,2,7,NULL,1,2,0,1
120987,9,1,6,NULL,1,4,1,1
120988,8,2,4,NULL,0,2,0,1
120989,7,2,4,NULL,1,3,1,1
120990,11,1,7,3,1,1,0,0
120991,10,1,7,4,0,4,1,0
120992,9,2,7,4,0,3,1,0
120993,10,1,7,3,0,3,1,0
120994,9,1,7,NULL,0,4,1,1
120995,9,1,7,4,0,3,1,0
120996,9,2,7,4,1,3,1,0
120997,9,2,7,3,0,3,1,0
120998,10,2,7,4,0,3,1,0
120999,9,2,7,4,0,4,1,0
121000,10,2,7,4,0,4,1,0
121001,11,1,7,NULL,1,3,1,1
121002,4,1,1,4,0,4,1,0
121003,3,2,1,4,0,3,1,0
121004,3,2,1,3,1,4,1,0
121005,4,2,1,4,0,4,1,0
121006,3,2,1,4,0,4,1,0
121007,4,1,1,3,1,4,1,0
121008,4,2,1,3,0,2,0,0
121009,4,1,1,4,0,4,1,0
121010,4,2,1,4,0,4,1,0
121011,4,1,1,4,0,2,0,0
121012,4,2,1,4,0,4,1,0
121013,4,2,1,3,0,3,1,0
121014,3,1,1,4,1,3,1,0
121016,4,2,1,4,0,3,1,0
121017,4,2,1,4,0,4,1,0
121018,3,1,1,4,0,4,1,0
121019,4,1,1,4,0,3,1,0
121020,4,2,1,4,0,4,1,0
121021,4,1,1,4,1,3,1,0
121022,4,2,1,4,0,4,1,0
121023,4,1,1,4,0,4,1,0
121024,4,1,1,4,0,4,1,0
121025,4,1,1,4,0,3,1,0
121026,5,2,2,4,0,4,1,0
121027,5,1,2,2,0,2,0,0
121029,4,1,2,4,0,4,1,0
121030,5,2,2,4,1,2,0,0
121031,4,1,2,4,0,4,1,0
121033,4,2,2,4,0,4,1,0
121034,4,2,2,4,0,4,1,0
121035,5,2,3,4,0,4,1,0
121036,4,2,2,3,0,2,0,0
121037,5,1,2,NULL,0,1,0,1
121038,4,2,2,4,0,4,1,0
121039,4,1,2,3,0,4,1,0
121040,5,2,2,4,0,4,1,0
121041,4,2,2,3,0,3,1,0
121042,5,1,2,4,1,4,1,0
121043,5,2,2,4,0,4,1,0
121044,5,1,2,4,0,4,1,0
121045,5,1,2,4,0,3,1,0
121047,5,1,2,3,1,2,0,0
121048,4,1,2,4,0,3,1,0
121049,5,1,2,4,0,4,1,0
121051,6,2,3,3,0,4,1,0
121055,5,1,3,3,0,4,1,0
121056,5,2,3,4,0,4,1,0
121057,5,1,3,4,0,3,1,0
121058,6,1,3,4,0,3,1,0
121059,5,2,3,NULL,0,1,0,1
121060,6,1,3,4,0,3,1,0
121061,6,1,3,4,0,4,1,0
121062,4,1,1,4,1,4,1,0
121063,5,1,1,3,0,4,1,0
121064,4,2,1,4,0,2,0,0
121065,4,1,1,4,1,4,1,0
121066,4,1,1,4,1,4,1,0
121067,3,1,1,4,1,2,0,0
121068,4,2,1,4,0,1,0,0
121069,3,2,1,4,1,3,1,0
121070,4,2,1,4,1,3,1,0
121071,3,2,1,4,1,3,1,0
121072,3,1,1,4,1,2,0,0
121073,3,1,1,3,1,1,0,0
121074,4,2,1,4,0,4,1,0
121075,4,2,1,3,0,4,1,0
121076,4,1,1,4,1,4,1,0
121077,4,2,1,3,1,3,1,0
121078,6,2,4,3,1,3,1,0
121080,6,1,4,4,0,4,1,0
121083,7,1,4,NULL,1,3,1,1
121084,7,2,4,4,0,3,1,0
121085,7,2,4,4,0,4,1,0
121086,7,1,4,4,0,4,1,0
121087,6,2,4,3,0,3,1,0
121088,7,2,4,4,1,4,1,0
121089,6,1,4,4,0,4,1,0
121090,6,1,4,NULL,0,3,1,1
121091,7,2,4,3,0,3,1,0
121093,6,1,4,3,0,4,1,0
121094,6,2,4,4,0,4,1,0
121095,6,1,4,2,0,2,0,0
121097,6,2,4,4,1,3,1,0
121098,6,2,4,4,0,3,1,0
121099,6,1,4,NULL,1,2,0,1
121100,6,1,4,NULL,1,2,0,1
121101,6,2,4,3,1,3,1,0
121102,6,2,4,3,0,4,1,0
121103,7,2,4,3,1,4,1,0
121105,7,2,4,NULL,0,3,1,1
121106,7,1,4,4,0,4,1,0
121107,7,1,5,4,1,3,1,0
121108,7,1,5,2,0,3,1,0
121109,7,1,4,NULL,1,4,1,1
121110,7,2,5,NULL,1,3,1,1
121112,7,2,5,NULL,1,3,1,1
121113,7,2,5,NULL,1,3,1,1
121114,7,1,5,4,0,4,1,0
121115,8,1,5,NULL,0,3,1,1
121116,8,1,5,4,0,3,1,0
121117,7,1,5,3,0,4,1,0
121118,7,1,5,4,0,4,1,0
121119,8,2,5,NULL,1,3,1,1
121120,7,1,5,4,0,4,1,0
121121,7,1,5,NULL,1,2,0,1
121122,7,2,5,3,0,4,1,0
121123,8,1,5,4,0,2,0,0
121124,7,1,6,4,0,4,1,0
121126,6,2,4,4,1,4,1,0
121128,7,2,4,4,1,3,1,0
121129,6,1,4,NULL,0,3,1,1
121130,7,1,4,4,0,4,1,0
121131,7,2,4,4,1,4,1,0
121132,7,1,4,NULL,1,2,0,1
121133,6,1,4,3,0,4,1,0
121134,9,1,6,2,0,2,0,0
121139,7,2,4,NULL,0,4,1,1
121140,7,1,4,3,1,3,1,0
121141,6,2,4,4,0,4,1,0
121142,7,1,4,2,1,3,1,0
121143,7,1,4,4,0,4,1,0
121144,7,1,4,4,1,4,1,0
121145,9,2,7,4,0,3,1,0
121146,9,1,7,1,1,4,1,0
121147,10,1,7,3,0,3,1,0
121148,10,1,7,NULL,1,3,1,1
121149,9,1,7,NULL,1,3,1,1
121152,9,2,7,4,0,3,1,0
121153,10,1,7,NULL,1,4,1,1
121154,9,1,7,1,1,4,1,0
121157,10,2,7,3,1,4,1,0
121159,10,1,7,3,1,3,1,0
121161,4,1,1,4,0,3,1,0
121162,4,1,1,4,0,2,0,0
121163,4,1,1,4,0,3,1,0
121164,5,1,1,4,0,1,0,0
121165,3,2,1,4,0,3,1,0
121167,4,2,1,4,1,3,1,0
121168,3,1,1,3,0,2,0,0
121169,4,2,1,3,0,2,0,0
121170,4,1,1,NULL,0,3,1,1
121171,5,1,1,4,0,4,1,0
121173,3,1,1,NULL,1,4,1,1
121175,3,2,1,4,1,4,1,0
121176,3,2,1,3,0,4,1,0
121177,4,1,1,4,0,3,1,0
121178,3,1,1,4,0,4,1,0
121179,5,1,2,4,1,2,0,0
121180,5,1,2,4,0,3,1,0
121181,4,2,2,4,1,4,1,0
121182,4,1,2,2,1,2,0,0
121183,5,1,2,3,0,4,1,0
121184,4,1,2,4,1,3,1,0
121185,4,1,2,4,0,3,1,0
121186,3,2,2,3,0,2,0,0
121187,4,1,2,4,1,2,0,0
121188,4,2,2,4,0,3,1,0
121189,4,1,2,3,0,4,1,0
121190,5,2,2,4,0,4,1,0
121191,5,1,2,4,1,3,1,0
121192,4,1,2,4,0,3,1,0
121195,4,1,2,4,0,4,1,0
121196,5,2,2,3,0,2,0,0
121197,5,1,2,4,0,2,0,0
121198,5,1,3,4,0,4,1,0
121199,6,2,3,4,0,3,1,0
121200,6,2,3,4,0,4,1,0
121201,5,1,3,4,0,3,1,0
121202,5,1,3,4,0,3,1,0
121203,5,2,3,4,1,3,1,0
121204,6,1,3,4,1,2,0,0
121205,5,1,3,4,0,3,1,0
121206,5,1,3,4,0,4,1,0
121207,6,2,3,4,0,4,1,0
121208,6,1,3,4,0,4,1,0
121209,5,2,3,4,1,2,0,0
121210,6,2,3,4,1,4,1,0
121211,6,2,3,4,0,3,1,0
121212,6,1,3,4,1,3,1,0
121213,6,1,3,3,0,3,1,0
121214,6,1,3,3,0,2,0,0
121215,6,1,3,4,1,4,1,0
121216,5,2,2,3,1,3,1,0
121217,4,2,2,2,0,2,0,0
121218,5,1,2,4,0,4,1,0
121219,5,1,2,2,0,1,0,0
121220,5,1,2,NULL,1,3,1,1
121221,5,2,2,4,0,1,0,0
121223,4,1,2,4,0,3,1,0
121225,6,1,3,4,0,4,1,0
121226,5,2,3,4,0,3,1,0
121227,5,2,3,4,0,2,0,0
121228,6,2,3,NULL,1,3,1,1
121229,6,2,3,4,0,4,1,0
121230,5,1,3,NULL,0,3,1,1
121231,6,1,3,4,0,3,1,0
121232,6,2,3,4,0,3,1,0
121233,6,1,3,4,0,4,1,0
121234,6,2,3,2,0,3,1,0
121235,5,2,3,4,1,3,1,0
121236,5,1,3,4,1,1,0,0
121237,6,1,3,3,0,2,0,0
121238,6,1,3,2,1,3,1,0
121239,5,2,3,4,0,2,0,0
121240,5,1,3,4,0,4,1,0
121241,6,1,3,4,0,4,1,0
121242,5,2,3,4,0,2,0,0
121243,5,1,3,3,1,3,1,0
121245,7,1,4,3,0,3,1,0
121246,6,1,4,3,1,3,1,0
121247,6,1,4,4,0,4,1,0
121248,6,1,4,3,0,1,0,0
121249,7,1,4,3,0,4,1,0
121250,6,2,4,4,1,4,1,0
121252,7,1,4,4,0,4,1,0
121253,7,1,4,4,0,4,1,0
121255,6,2,4,3,0,3,1,0
121256,7,1,4,4,0,4,1,0
121257,6,1,4,3,0,3,1,0
121258,6,1,4,3,0,2,0,0
121259,6,1,4,NULL,0,2,0,1
121260,6,2,4,NULL,0,3,1,1
121261,7,1,4,NULL,1,4,1,1
121263,6,1,4,4,0,4,1,0
121264,7,1,4,NULL,0,2,0,1
121265,7,1,4,4,0,3,1,0
121266,6,2,4,4,1,4,1,0
121267,6,1,4,4,0,4,1,0
121270,7,2,4,4,0,3,1,0
121271,7,2,4,NULL,1,2,0,1
121272,7,1,4,4,0,4,1,0
121273,8,1,5,NULL,0,3,1,1
121274,8,2,5,3,0,3,1,0
121275,7,1,4,NULL,0,3,1,1
121276,7,1,4,4,1,4,1,0
121277,6,1,4,2,0,3,1,0
121279,6,2,4,NULL,0,4,1,1
121280,7,2,4,4,0,3,1,0
121281,6,2,4,4,0,3,1,0
121282,7,1,4,3,0,2,0,0
121283,6,1,4,4,0,4,1,0
121284,6,1,4,4,1,4,1,0
121285,9,1,7,4,0,4,1,0
121286,6,2,4,3,0,3,1,0
121287,6,1,4,NULL,0,1,0,1
121288,6,1,4,4,0,2,0,0
121289,7,2,4,4,0,4,1,0
121291,7,2,4,4,0,4,1,0
121292,6,2,4,4,1,2,0,0
121293,7,1,4,3,1,3,1,0
121294,6,1,4,3,1,2,0,0
121295,8,2,5,4,0,4,1,0
121296,8,2,5,NULL,0,3,1,1
121297,7,2,5,NULL,0,1,0,1
121298,8,1,6,4,0,1,0,0
121299,7,2,5,4,1,4,1,0
121301,8,1,5,4,0,4,1,0
121302,7,1,5,3,1,1,0,0
121303,9,2,6,4,0,4,1,0
121304,8,1,5,3,1,2,0,0
121305,8,1,5,4,1,4,1,0
121306,8,1,5,NULL,0,2,0,1
121307,8,1,5,NULL,1,3,1,1
121308,8,1,5,3,0,3,1,0
121309,7,2,5,4,0,3,1,0
121310,8,2,5,NULL,0,4,1,1
121312,7,2,5,3,0,3,1,0
121314,7,2,5,4,0,4,1,0
121315,7,2,5,2,0,4,1,0
121316,8,1,5,NULL,1,4,1,1
121317,8,1,5,4,0,4,1,0
121318,8,1,5,NULL,1,4,1,1
121319,7,2,5,NULL,0,4,1,1
121320,7,2,5,3,0,3,1,0
121321,7,1,5,NULL,0,2,0,1
121323,7,2,5,NULL,0,4,1,1
121324,8,2,5,3,1,3,1,0
121325,8,1,5,NULL,0,2,0,1
121326,8,1,5,3,0,3,1,0
121327,7,1,5,4,0,4,1,0
121328,7,2,5,4,0,4,1,0
121329,8,1,5,4,0,3,1,0
121331,7,1,5,3,0,3,1,0
121332,7,2,5,4,0,4,1,0
121334,8,1,5,2,0,3,1,0
121335,7,1,5,4,0,3,1,0
121336,8,1,5,3,0,4,1,0
121337,9,1,6,4,0,4,1,0
121340,9,2,6,4,0,3,1,0
121342,8,1,6,3,0,2,0,0
121343,9,2,6,4,0,4,1,0
121345,9,1,6,4,0,3,1,0
121346,10,2,7,4,0,4,1,0
121347,9,2,6,4,0,3,1,0
121348,8,2,6,3,0,3,1,0
121349,9,2,6,3,0,3,1,0
121352,9,1,6,NULL,0,3,1,1
121353,8,1,6,4,0,3,1,0
121356,9,2,6,NULL,0,4,1,1
121357,9,1,6,4,0,1,0,0
121359,8,2,6,4,0,3,1,0
121360,8,1,6,3,0,4,1,0
121361,9,2,6,4,1,2,0,0
121363,8,2,6,2,0,3,1,0
121364,9,2,6,4,0,4,1,0
121366,8,1,6,3,0,4,1,0
121368,9,2,6,2,0,3,1,0
121370,9,1,6,4,0,3,1,0
121371,9,1,6,4,0,4,1,0
121373,9,2,6,3,0,4,1,0
121375,8,2,6,NULL,0,4,1,1
121376,8,1,6,4,0,3,1,0
121377,9,2,6,3,1,4,1,0
121378,9,2,6,3,1,3,1,0
121379,9,1,6,3,0,3,1,0
121385,9,2,7,4,0,2,0,0
121387,9,2,7,3,0,4,1,0
121388,9,2,7,4,0,4,1,0
121389,10,2,7,3,0,4,1,0
121390,10,2,7,4,0,4,1,0
121392,8,2,6,4,0,4,1,0
121393,9,2,7,NULL,0,3,1,1
121394,9,2,7,NULL,0,2,0,1
121395,10,1,7,NULL,1,1,0,1
121396,10,2,7,3,0,2,0,0
121400,10,2,7,2,0,4,1,0
121402,9,2,7,3,1,2,0,0
121403,9,1,7,4,1,3,1,0
121404,9,1,7,4,0,3,1,0
121405,10,1,7,4,0,4,1,0
121407,10,2,7,4,0,4,1,0
121408,9,1,7,3,0,4,1,0
121409,10,1,7,NULL,0,4,1,1
121410,10,1,7,NULL,0,2,0,1
121411,10,2,7,4,0,4,1,0
121412,10,1,7,3,0,3,1,0
121414,9,1,7,4,0,4,1,0
121417,9,1,7,4,0,4,1,0
121418,10,1,7,NULL,0,4,1,1
121419,9,2,7,4,0,3,1,0
121420,9,2,7,4,1,2,0,0
121421,9,2,7,NULL,0,4,1,1
121422,10,1,7,4,1,3,1,0
121424,8,2,5,4,0,4,1,0
121426,8,2,6,NULL,0,3,1,1
121427,6,2,4,4,1,2,0,0
121428,9,1,7,NULL,1,2,0,1
121429,8,2,5,NULL,1,3,1,1
121430,7,1,4,3,1,4,1,0
121431,8,1,5,4,0,3,1,0
121432,7,2,4,4,0,3,1,0
121433,7,2,5,4,0,4,1,0
121434,6,2,4,4,1,2,0,0
121435,8,2,5,NULL,0,3,1,1
121436,8,2,5,NULL,1,3,1,1
121437,9,2,6,3,1,2,0,0
121438,7,1,5,3,1,4,1,0
121439,9,2,6,NULL,1,4,1,1
121440,8,1,5,NULL,1,2,0,1
121441,7,2,4,3,1,4,1,0
121442,9,1,6,4,1,4,1,0
121443,9,2,6,4,1,3,1,0
121445,9,2,7,NULL,0,2,0,1
121447,11,1,7,4,0,3,1,0
121448,8,1,5,4,0,4,1,0
121449,7,1,5,4,1,4,1,0
121450,8,1,5,4,1,3,1,0
121451,10,1,7,NULL,1,3,1,1
121452,8,2,5,4,0,3,1,0
121453,8,1,5,4,1,4,1,0
121454,9,2,5,4,0,3,1,0
121455,8,1,5,3,1,3,1,0
121456,7,1,5,4,0,4,1,0
121457,7,2,4,NULL,1,4,1,1
121458,8,2,5,NULL,0,3,1,1
121459,10,1,7,3,0,3,1,0
121460,9,1,6,4,0,4,1,0
121462,9,2,7,NULL,1,2,0,1
121463,9,2,6,NULL,0,4,1,1
121464,10,2,7,NULL,0,3,1,1
121465,9,2,6,NULL,1,2,0,1
121466,10,2,7,4,0,4,1,0
121467,8,2,6,NULL,1,4,1,1
121468,10,2,7,NULL,1,2,0,1
121469,8,2,5,NULL,1,4,1,1
121470,10,2,7,4,0,4,1,0
121471,7,1,5,NULL,0,3,1,1
121472,7,2,4,4,0,4,1,0
121473,7,2,4,2,0,3,1,0
121474,10,2,6,NULL,1,3,1,1
121475,7,2,5,4,0,3,1,0
121476,6,1,4,3,0,3,1,0
121477,10,2,7,3,0,3,1,0
121478,9,2,6,NULL,1,3,1,1
121479,7,2,4,3,1,3,1,0
121480,9,1,7,4,0,3,1,0
121481,7,2,5,4,1,3,1,0
121482,9,2,7,4,0,3,1,0
121483,9,2,6,4,0,4,1,0
121484,7,1,4,4,1,3,1,0
121485,8,2,5,NULL,0,2,0,1
121486,6,1,4,3,0,2,0,0
121487,9,1,6,4,0,3,1,0
121488,4,1,2,3,0,3,1,0
121489,4,1,2,1,1,3,1,0
121494,4,2,2,2,1,2,0,0
121496,5,1,2,4,0,4,1,0
121497,4,2,2,NULL,1,4,1,1
121498,5,2,2,2,1,2,0,0
121500,4,2,2,NULL,1,3,1,1
121501,4,2,2,4,1,3,1,0
121502,4,2,2,4,0,4,1,0
121505,5,2,2,4,0,3,1,0
121506,5,1,2,3,1,1,0,0
121508,5,2,2,4,1,2,0,0
121510,4,2,2,4,0,3,1,0
121511,5,1,2,4,1,3,1,0
121512,4,2,2,3,0,4,1,0
121513,5,2,2,NULL,0,4,1,1
121514,4,2,2,4,0,3,1,0
121515,5,2,2,3,0,4,1,0
121517,5,2,2,4,0,3,1,0
121520,5,2,3,4,0,4,1,0
121521,5,2,3,NULL,1,3,1,1
121525,5,1,3,3,0,4,1,0
121527,6,1,3,3,1,3,1,0
121528,6,1,3,4,0,4,1,0
121530,7,1,3,2,0,4,1,0
121535,6,1,3,4,0,4,1,0
121538,5,2,3,4,0,3,1,0
121539,5,1,3,3,0,3,1,0
121545,6,1,3,4,1,1,0,0
121546,5,2,3,4,0,4,1,0
121547,6,1,3,4,0,4,1,0
121549,5,2,3,4,0,2,0,0
121551,3,2,1,4,0,3,1,0
121552,4,1,1,4,1,3,1,0
121553,3,1,1,3,1,2,0,0
121554,3,2,1,4,0,4,1,0
121555,4,1,1,4,0,4,1,0
121556,4,1,1,4,0,3,1,0
121560,4,2,1,3,1,3,1,0
121563,5,1,1,4,0,2,0,0
121564,3,2,1,4,1,2,0,0
121566,5,1,1,4,0,3,1,0
121567,3,2,1,4,0,3,1,0
121568,4,1,1,4,1,1,0,0
121569,3,1,1,4,0,3,1,0
121570,3,2,1,3,1,3,1,0
121571,3,2,1,4,0,3,1,0
121572,5,2,1,4,1,3,1,0
121573,3,1,1,4,0,3,1,0
121574,4,1,1,4,1,2,0,0
121575,4,2,1,2,1,2,0,0
121576,3,1,1,4,0,3,1,0
121577,3,1,1,4,0,4,1,0
121578,3,1,1,3,1,4,1,0
121580,3,2,1,4,0,4,1,0
121581,3,1,1,4,0,4,1,0
121582,4,1,1,4,0,1,0,0
121583,4,1,1,4,0,3,1,0
121584,4,2,1,4,0,4,1,0
121585,3,2,1,4,1,2,0,0
121586,3,2,1,2,0,4,1,0
121587,3,2,1,2,1,3,1,0
121588,4,1,1,3,0,3,1,0
121589,3,2,1,4,0,3,1,0
121590,3,1,1,4,1,3,1,0
121591,4,1,1,3,0,4,1,0
121592,4,1,1,4,0,4,1,0
121593,4,2,1,4,0,4,1,0
121595,3,1,1,4,0,4,1,0
121596,6,2,4,3,1,2,0,0
121597,6,2,4,3,1,3,1,0
121599,6,2,4,4,0,4,1,0
121600,7,1,5,4,1,4,1,0
121602,6,2,4,NULL,1,3,1,1
121604,7,2,4,4,1,3,1,0
121605,7,2,5,NULL,1,3,1,1
121606,7,2,5,3,0,3,1,0
121607,6,2,4,4,1,3,1,0
121608,7,2,4,3,0,3,1,0
121609,7,1,6,4,0,3,1,0
121610,7,1,4,4,1,3,1,0
121615,7,2,4,NULL,0,3,1,1
121616,6,2,4,4,0,3,1,0
121617,8,2,6,NULL,0,2,0,1
121618,7,2,5,3,1,4,1,0
121619,7,2,5,4,0,4,1,0
121620,7,2,5,NULL,0,1,0,1
121621,7,1,5,4,1,4,1,0
121622,7,1,4,4,0,3,1,0
121623,7,2,5,4,0,4,1,0
121624,7,2,5,2,1,3,1,0
121625,7,2,5,NULL,1,3,1,1
121626,7,2,5,3,0,3,1,0
121627,7,1,4,4,0,4,1,0
121629,8,1,5,4,0,3,1,0
121630,7,2,5,2,1,3,1,0
121631,8,2,5,4,0,2,0,0
121632,7,2,5,4,0,4,1,0
121633,7,2,5,3,1,3,1,0
121634,9,1,6,4,0,4,1,0
121635,9,1,6,4,1,2,0,0
121636,8,1,6,NULL,1,4,1,1
121637,8,2,5,4,0,4,1,0
121638,8,2,5,NULL,0,3,1,1
121639,9,2,6,NULL,0,2,0,1
121640,8,1,6,3,0,4,1,0
121641,8,1,6,4,1,3,1,0
121642,8,1,5,NULL,1,3,1,1
121643,9,2,6,NULL,0,3,1,1
121644,8,1,6,1,1,4,1,0
121645,9,2,7,NULL,1,4,1,1
121647,8,1,5,4,0,3,1,0
121648,9,2,6,NULL,1,2,0,1
121649,9,2,6,NULL,1,2,0,1
121650,8,2,6,NULL,1,3,1,1
121652,9,2,6,4,0,4,1,0
121653,8,2,6,1,0,4,1,0
121654,10,2,7,4,1,4,1,0
121655,10,2,7,NULL,1,3,1,1
121656,7,2,5,4,1,4,1,0
121657,9,2,6,3,0,2,0,0
121659,9,2,7,3,0,4,1,0
121660,9,2,7,2,0,3,1,0
121661,10,2,7,NULL,1,3,1,1
121662,9,1,7,NULL,1,3,1,1
121663,6,2,4,NULL,0,2,0,1
121664,10,2,7,3,0,3,1,0
121665,8,2,6,NULL,1,3,1,1
121666,8,2,5,2,1,3,1,0
121667,8,1,6,2,0,3,1,0
121669,8,2,6,4,0,4,1,0
121670,8,2,6,NULL,0,3,1,1
121671,9,2,7,4,0,3,1,0
121672,7,2,5,3,0,3,1,0
121673,3,2,1,4,0,3,1,0
121674,3,1,1,4,0,3,1,0
121675,4,2,1,4,1,4,1,0
121676,4,2,1,4,0,4,1,0
121677,3,2,1,4,0,3,1,0
121678,4,2,1,4,0,3,1,0
121679,3,2,1,4,1,4,1,0
121680,3,2,1,4,0,4,1,0
121681,4,2,1,4,0,4,1,0
121682,4,1,1,4,0,3,1,0
121683,3,2,1,4,0,4,1,0
121684,3,1,1,4,1,2,0,0
121685,4,2,1,4,0,4,1,0
121686,4,1,1,4,1,4,1,0
121687,3,1,1,3,0,2,0,0
121688,4,2,1,4,0,4,1,0
121689,3,1,1,4,0,4,1,0
121690,4,2,1,3,0,4,1,0
121691,4,2,1,4,0,4,1,0
121692,3,1,1,4,0,4,1,0
121693,4,1,1,4,0,3,1,0
121694,3,1,1,4,0,4,1,0
121695,3,2,1,4,1,3,1,0
121696,3,2,1,2,0,3,1,0
121697,3,1,1,4,0,4,1,0
121698,3,2,1,3,1,3,1,0
121699,3,1,1,4,1,4,1,0
121700,3,1,1,NULL,1,1,0,1
121702,3,2,1,4,0,4,1,0
121703,3,2,1,2,0,3,1,0
121704,3,1,1,4,0,4,1,0
121705,3,1,1,4,0,4,1,0
121707,4,1,1,NULL,0,2,0,1
121708,3,1,1,4,0,4,1,0
121709,4,1,1,4,0,2,0,0
121710,3,2,1,4,0,4,1,0
121711,3,2,1,4,0,4,1,0
121712,4,1,2,2,1,2,0,0
121713,5,1,2,4,0,2,0,0
121715,4,1,2,4,0,3,1,0
121716,5,1,2,3,1,3,1,0
121717,4,1,2,4,0,2,0,0
121718,5,1,2,3,0,4,1,0
121719,4,2,2,4,0,3,1,0
121721,5,2,2,4,0,3,1,0
121722,4,2,2,4,0,3,1,0
121723,5,1,2,2,0,4,1,0
121724,5,2,2,3,0,3,1,0
121725,4,1,2,4,0,3,1,0
121726,4,1,2,4,0,4,1,0
121727,5,2,2,4,0,4,1,0
121728,5,2,2,4,0,3,1,0
121729,5,1,2,4,0,3,1,0
121730,5,1,2,3,1,4,1,0
121731,5,2,2,4,1,3,1,0
121732,5,2,2,NULL,0,4,1,1
121733,4,2,2,4,0,4,1,0
121734,4,1,2,4,0,4,1,0
121735,5,1,2,4,0,4,1,0
121736,5,1,2,4,0,4,1,0
121737,4,2,2,3,0,1,0,0
121738,4,2,2,4,0,4,1,0
121739,4,2,2,4,0,4,1,0
121740,4,1,2,4,0,3,1,0
121741,4,1,2,4,0,3,1,0
121742,4,1,2,4,1,4,1,0
121744,4,2,2,4,0,4,1,0
121745,4,2,2,4,0,3,1,0
121746,4,2,2,4,0,4,1,0
121748,4,1,2,4,0,3,1,0
121749,4,1,2,3,1,2,0,0
121750,4,1,2,3,1,3,1,0
121751,4,1,2,4,0,4,1,0
121752,4,1,2,4,1,4,1,0
121753,4,1,2,4,0,4,1,0
121754,6,2,2,4,0,4,1,0
121755,4,1,2,4,0,3,1,0
121756,5,1,2,4,0,4,1,0
121757,4,1,2,4,0,4,1,0
121758,4,1,2,2,1,2,0,0
121759,5,1,2,4,0,4,1,0
121760,5,2,3,3,0,3,1,0
121761,5,2,3,4,0,3,1,0
121762,5,2,3,3,0,2,0,0
121763,6,1,3,NULL,1,3,1,1
121764,6,1,3,4,0,4,1,0
121765,5,2,3,4,0,2,0,0
121766,6,1,3,4,0,4,1,0
121768,5,2,3,4,0,4,1,0
121769,6,1,3,NULL,1,2,0,1
121771,5,1,3,4,0,2,0,0
121772,6,2,3,3,1,2,0,0
121773,5,2,3,3,0,4,1,0
121774,5,2,3,3,0,3,1,0
121775,5,1,3,2,1,2,0,0
121776,6,1,3,4,0,4,1,0
121777,5,2,3,3,1,3,1,0
121778,5,1,3,4,0,4,1,0
121779,5,2,3,2,1,3,1,0
121780,5,1,3,NULL,1,4,1,1
121781,6,2,3,3,0,3,1,0
121782,5,2,3,3,0,3,1,0
121784,6,1,3,3,0,3,1,0
121785,5,2,3,4,0,3,1,0
121786,5,1,3,4,0,4,1,0
121787,5,1,3,3,0,3,1,0
121788,5,2,3,3,0,2,0,0
121789,6,1,3,NULL,1,2,0,1
121790,6,2,3,4,0,3,1,0
121791,5,1,3,4,0,3,1,0
121792,5,2,3,4,0,4,1,0
121793,5,2,3,NULL,1,3,1,1
121794,5,1,3,4,0,3,1,0
121795,6,2,3,2,0,2,0,0
121796,5,1,3,NULL,0,4,1,1
121797,6,2,3,NULL,0,3,1,0
121799,6,1,3,4,0,3,1,0
121800,5,2,3,3,0,2,0,0
121801,8,1,4,4,0,2,0,0
121802,7,2,4,2,1,3,1,0
121804,7,2,5,4,0,3,1,0
121805,7,2,4,4,0,3,1,0
121806,7,2,4,3,0,3,1,0
121807,7,1,4,3,0,2,0,0
121808,7,2,4,3,0,4,1,0
121809,7,1,4,4,0,3,1,0
121810,7,2,4,3,0,4,1,0
121811,6,1,4,4,0,4,1,0
121812,6,1,4,3,1,4,1,0
121813,7,1,4,NULL,1,2,0,1
121814,7,1,4,4,0,3,1,0
121815,7,1,4,4,0,3,1,0
121816,7,1,4,2,0,2,0,0
121817,6,1,4,3,0,4,1,0
121818,7,1,4,3,1,3,1,0
121819,8,1,5,NULL,1,3,1,1
121820,7,1,5,3,0,3,1,0
121821,8,1,5,4,0,4,1,0
121822,8,1,5,4,0,2,0,0
121823,9,2,5,3,1,4,1,0
121824,8,2,5,NULL,1,3,1,1
121826,10,2,5,4,1,3,1,0
121827,9,2,6,NULL,1,4,1,1
121828,9,1,6,4,0,3,1,0
121829,9,2,6,4,0,1,0,0
121830,8,1,6,4,0,4,1,0
121831,9,2,6,NULL,1,4,1,1
121832,9,1,6,3,1,4,1,0
121833,8,2,6,NULL,1,1,0,1
121834,9,1,6,4,0,3,1,0
121835,8,1,6,3,0,4,1,0
121836,9,2,6,NULL,0,2,0,1
121837,8,2,6,3,0,3,1,0
121838,9,1,6,4,1,3,1,0
121839,10,1,7,4,0,2,0,0
121840,10,1,7,NULL,0,3,1,1
121841,10,2,7,NULL,0,3,1,1
121842,10,1,7,NULL,1,3,1,1
121843,9,1,7,4,1,3,1,0
121844,9,1,7,NULL,0,3,1,1
121845,9,2,7,4,0,4,1,0
121847,10,1,7,4,0,3,1,0
121848,7,1,4,4,0,3,1,0
121850,6,1,4,3,1,2,0,0
121851,6,1,4,4,0,4,1,0
121852,7,1,4,4,1,3,1,0
121853,7,2,4,3,1,4,1,0
121854,6,2,4,4,1,4,1,0
121855,6,1,4,4,0,4,1,0
121858,9,2,6,NULL,0,2,0,1
121859,8,2,6,4,1,2,0,0
121860,9,1,6,4,1,3,1,0
121861,9,2,6,3,0,3,1,0
121862,11,2,1,NULL,0,1,0,1
121863,10,1,6,4,0,4,1,0
121864,9,1,6,4,0,2,0,0
121865,9,2,6,NULL,0,4,1,1
121866,8,1,6,3,0,4,1,0
121867,9,1,1,4,0,1,0,0
121868,8,1,6,NULL,1,2,0,1
121869,9,2,6,4,1,3,1,0
121870,9,1,7,3,1,3,1,0
121872,9,2,7,4,0,4,1,0
121873,10,2,7,NULL,0,3,1,1
121874,9,2,7,4,0,3,1,0
121875,7,1,4,4,0,3,1,0
121876,6,2,4,NULL,1,3,1,1
121877,7,2,4,3,0,3,1,0
121878,7,2,4,4,1,4,1,0
121879,6,1,4,4,0,4,1,0
121880,6,1,4,3,1,3,1,0
121881,6,2,4,3,0,3,1,0
121882,7,1,4,4,1,4,1,0
121883,7,1,4,NULL,1,4,1,1
121884,8,1,6,NULL,1,4,1,1
121885,7,1,5,3,0,3,1,0
121886,8,2,5,3,0,3,1,0
121887,8,1,5,3,0,2,0,0
121888,7,1,5,4,0,2,0,0
121889,8,1,5,4,0,3,1,0
121890,8,2,5,NULL,1,2,0,1
121891,8,1,5,NULL,0,2,0,1
121892,7,2,5,4,1,4,1,0
121893,8,1,5,4,1,3,1,0
121894,7,2,5,NULL,1,3,1,1
121895,8,1,5,3,0,3,1,0
121896,8,2,5,NULL,0,2,0,1
121897,7,2,5,NULL,1,3,1,1
121898,8,1,5,NULL,1,2,0,1
121899,7,1,5,NULL,1,3,1,1
121900,7,2,5,4,0,4,1,0
121901,7,1,5,NULL,1,2,0,1
121903,7,1,5,4,1,3,1,0
121904,8,2,5,4,1,4,1,0
121905,3,2,1,2,0,3,1,0
121906,4,2,1,4,0,2,0,0
121907,4,2,1,4,0,3,1,0
121908,4,2,1,4,1,4,1,0
121909,3,2,1,4,0,3,1,0
121910,3,2,1,4,0,2,0,0
121911,4,2,1,3,1,2,0,0
121912,4,1,1,4,0,4,1,0
121913,4,1,1,3,1,3,1,0
121914,4,1,1,3,1,4,1,0
121915,3,1,1,4,1,4,1,0
121916,4,2,1,4,0,4,1,0
121917,4,2,1,4,1,3,1,0
121919,4,1,1,3,1,3,1,0
121920,3,2,1,4,0,3,1,0
121921,3,2,1,4,0,3,1,0
121922,3,1,1,4,0,3,1,0
121928,4,2,1,3,0,3,1,0
121929,4,1,1,4,1,4,1,0
121930,4,1,1,3,1,2,0,0
121931,4,1,2,4,0,4,1,0
121933,5,1,1,4,1,3,1,0
121934,5,1,1,NULL,1,1,0,1
121935,3,2,1,4,1,3,1,0
121939,5,1,2,4,0,3,1,0
121940,4,2,2,4,1,3,1,0
121942,4,1,2,4,1,3,1,0
121943,4,1,2,4,1,3,1,0
121944,4,2,2,NULL,0,3,1,1
121945,4,1,2,4,0,4,1,0
121947,4,2,2,3,1,3,1,0
121948,4,2,2,3,1,2,0,0
121949,4,1,2,4,1,4,1,0
121950,5,1,2,NULL,0,4,1,1
121951,4,2,2,1,1,3,1,0
121952,4,1,2,3,0,4,1,0
121953,4,1,2,4,0,4,1,0
121954,4,2,2,3,0,3,1,0
121955,5,1,2,3,1,1,0,0
121959,4,2,2,NULL,0,3,1,1
121960,4,2,2,4,0,4,1,0
121961,4,1,2,4,0,2,0,0
121963,5,2,2,NULL,1,3,1,1
121964,4,2,2,4,1,3,1,0
121966,5,1,2,3,0,3,1,0
121967,4,2,2,NULL,1,4,1,1
121968,5,2,2,1,1,2,0,0
121969,4,1,2,4,0,4,1,0
121970,4,2,2,4,1,3,1,0
121978,6,2,3,4,1,4,1,0
121979,5,2,3,NULL,1,3,1,1
121980,5,1,3,3,0,3,1,0
121984,7,1,3,4,1,3,1,0
121985,5,1,3,2,0,4,1,0
121987,5,2,3,NULL,1,2,0,1
121988,6,1,3,3,0,3,1,0
121989,5,2,3,3,1,2,0,0
121990,6,2,3,NULL,1,3,1,1
121991,4,1,1,NULL,1,3,1,1
121995,6,2,3,4,0,4,1,0
121996,6,2,3,4,0,3,1,0
121997,4,2,1,4,1,3,1,0
121998,4,1,1,4,0,4,1,0
121999,5,2,3,4,0,3,1,0
122001,5,1,3,4,0,2,0,0
122002,5,2,3,4,0,4,1,0
122004,6,1,3,NULL,1,2,0,1
122005,6,1,3,3,1,2,0,0
122007,4,2,1,NULL,0,4,1,1
122008,5,1,3,4,0,3,1,0
122010,6,1,3,3,0,3,1,0
122011,6,1,3,4,0,4,1,0
122015,5,1,3,3,1,4,1,0
122016,3,1,1,4,1,4,1,0
122017,7,1,4,NULL,0,2,0,1
122018,6,2,4,4,1,3,1,0
122019,7,2,4,4,0,4,1,0
122020,8,1,4,4,0,4,1,0
122021,8,2,4,4,0,4,1,0
122022,8,1,4,NULL,1,4,1,1
122023,6,2,4,4,0,4,1,0
122024,7,1,4,4,1,4,1,0
122025,8,1,4,NULL,1,2,0,1
122026,7,1,4,NULL,0,2,0,1
122028,7,2,4,3,1,2,0,0
122029,7,2,4,4,0,2,0,0
122030,7,1,4,3,1,4,1,0
122031,8,2,5,4,0,3,1,0
122032,7,1,5,NULL,0,4,1,1
122033,8,2,5,3,0,4,1,0
122034,7,1,5,4,1,4,1,0
122035,9,1,5,4,1,4,1,0
122036,8,1,5,4,0,3,1,0
122037,7,2,5,3,0,4,1,0
122038,8,1,5,NULL,1,3,1,1
122039,9,1,5,4,0,4,1,0
122040,7,2,5,4,0,4,1,0
122041,8,1,5,4,0,1,0,0
122042,8,2,5,NULL,1,4,1,1
122043,8,1,5,4,0,4,1,0
122044,7,1,5,4,1,3,1,0
122045,7,2,5,4,0,4,1,0
122046,7,1,5,3,0,2,0,0
122047,8,1,5,1,0,3,1,0
122048,8,1,5,3,0,3,1,0
122049,7,2,5,4,0,4,1,0
122050,9,1,6,4,0,4,1,0
122052,8,2,6,NULL,0,4,1,1
122053,8,2,6,4,0,4,1,0
122054,9,2,6,4,1,4,1,0
122055,9,1,6,3,0,4,1,0
122056,9,2,6,4,0,4,1,0
122057,10,1,7,3,1,4,1,0
122058,9,1,6,NULL,1,2,0,1
122060,8,2,6,4,0,4,1,0
122061,8,1,6,3,0,3,1,0
122062,10,2,7,NULL,0,2,0,1
122063,9,2,7,4,0,3,1,0
122064,9,2,6,4,1,4,1,0
122065,8,1,6,4,0,2,0,0
122066,9,1,6,NULL,1,2,0,1
122068,10,1,7,4,0,4,1,0
122069,11,1,7,4,0,4,1,0
122070,10,2,7,4,0,4,1,0
122071,10,1,7,NULL,1,4,1,1
122072,9,2,7,4,0,4,1,0
122073,10,2,7,4,1,4,1,0
122074,10,1,7,4,0,3,1,0
122075,10,1,7,3,1,3,1,0
122076,10,2,7,4,1,3,1,0
122077,10,2,7,NULL,0,2,0,1
122079,8,2,6,3,1,3,1,0
122080,8,2,6,4,0,4,1,0
122081,9,2,6,3,1,3,1,0
122082,9,1,6,NULL,1,3,1,1
122083,8,1,6,NULL,1,2,0,1
122085,9,2,6,3,1,4,1,0
122086,8,1,6,3,0,2,0,0
122087,9,1,6,NULL,0,4,1,1
122088,8,2,6,4,0,4,1,0
122089,8,2,6,4,0,3,1,0
122090,8,2,6,4,1,4,1,0
122091,8,1,6,4,0,3,1,0
122092,9,1,6,3,0,3,1,0
122094,5,1,2,NULL,0,3,1,1
122095,4,2,2,3,0,3,1,0
122097,5,1,2,3,1,3,1,0
122098,4,2,2,4,0,3,1,0
122099,5,2,2,4,0,4,1,0
122101,5,2,2,3,1,1,0,0
122102,4,2,2,NULL,1,4,1,1
122103,4,2,2,4,0,3,1,0
122104,5,2,2,4,1,3,1,0
122105,6,1,2,NULL,0,3,1,1
122106,5,2,2,3,0,2,0,0
122107,5,1,2,4,1,2,0,0
122108,5,2,2,NULL,1,4,1,1
122109,6,2,2,4,1,3,1,0
122111,5,2,2,4,0,3,1,0
122112,5,1,2,NULL,1,2,0,1
122113,5,2,2,4,0,3,1,0
122114,4,2,2,4,0,3,1,0
122115,4,2,2,4,0,3,1,0
122116,5,2,2,2,1,4,1,0
122117,5,1,2,4,0,4,1,0
122118,5,1,2,3,0,3,1,0
122119,5,2,2,4,0,4,1,0
122120,5,2,2,4,0,4,1,0
122121,5,1,2,4,0,2,0,0
122123,5,2,2,4,1,3,1,0
122124,5,2,2,4,0,3,1,0
122125,5,1,2,4,1,3,1,0
122126,5,1,2,NULL,0,2,0,1
122127,5,2,2,3,1,2,0,0
122128,5,2,2,4,0,3,1,0
122129,6,1,3,4,0,4,1,0
122130,5,2,3,4,1,3,1,0
122131,6,1,3,NULL,1,4,1,1
122132,5,2,3,3,0,4,1,0
122133,5,2,3,4,1,4,1,0
122134,6,1,3,4,0,4,1,0
122136,6,2,3,2,0,3,1,0
122137,5,1,3,NULL,0,4,1,1
122138,6,1,3,4,0,4,1,0
122139,5,2,3,4,0,4,1,0
122140,6,1,3,3,1,4,1,0
122141,6,1,3,2,0,3,1,0
122143,6,1,3,4,0,4,1,0
122144,6,2,3,4,0,4,1,0
122146,6,2,3,4,1,4,1,0
122147,6,2,3,NULL,0,3,1,1
122148,6,1,3,4,0,2,0,0
122149,6,2,3,4,0,4,1,0
122150,6,2,3,NULL,1,3,1,1
122151,6,2,3,NULL,0,2,0,1
122154,6,1,3,4,0,3,1,0
122155,6,2,3,1,1,2,0,0
122156,6,1,3,3,1,2,0,0
122157,6,1,3,4,0,4,1,0
122158,5,2,3,4,0,4,1,0
122159,5,1,3,4,0,3,1,0
122160,6,1,3,3,0,4,1,0
122161,6,1,3,4,0,4,1,0
122163,6,2,3,3,0,2,0,0
122164,6,1,3,3,0,1,0,0
122165,6,1,3,3,0,3,1,0
122166,6,2,3,4,0,3,1,0
122167,5,1,3,3,1,4,1,0
122168,6,1,3,3,1,4,1,0
122169,5,2,3,3,1,3,1,0
122170,5,1,3,4,0,4,1,0
122171,5,1,2,4,0,3,1,0
122172,4,2,2,4,0,4,1,0
122174,4,2,2,4,0,3,1,0
122177,4,1,2,4,0,2,0,0
122178,4,1,2,4,0,4,1,0
122179,4,1,2,3,0,3,1,0
122180,4,1,2,4,0,3,1,0
122181,5,2,2,NULL,1,2,0,1
122182,5,2,2,4,0,4,1,0
122185,5,2,2,4,0,4,1,0
122187,5,1,2,4,0,2,0,0
122188,5,1,2,3,1,3,1,0
122189,4,1,2,NULL,1,3,1,1
122191,4,2,2,4,0,3,1,0
122194,4,2,2,4,1,3,1,0
122201,5,2,3,3,0,3,1,0
122203,5,2,3,2,0,4,1,0
122204,6,1,3,4,0,4,1,0
122205,6,2,3,NULL,1,4,1,1
122207,6,1,3,4,0,3,1,0
122208,6,1,3,4,1,3,1,0
122210,6,2,3,3,0,3,1,0
122211,5,2,3,2,0,4,1,0
122212,6,1,3,4,0,3,1,0
122213,6,1,3,4,0,3,1,0
122214,5,1,3,3,1,3,1,0
122215,8,2,6,NULL,1,3,1,1
122216,9,2,6,3,1,3,1,0
122217,8,1,6,3,0,3,1,0
122218,9,1,6,3,0,2,0,0
122219,8,2,6,3,1,4,1,0
122220,8,2,6,4,0,3,1,0
122221,8,1,6,3,0,3,1,0
122222,9,1,6,NULL,0,2,0,1
122223,9,2,6,4,0,4,1,0
122224,8,2,6,3,0,3,1,0
122225,9,2,6,NULL,0,2,0,1
122226,9,2,6,2,0,3,1,0
122227,9,1,6,NULL,1,2,0,1
122228,8,2,6,4,0,3,1,0
122229,8,1,6,4,0,4,1,0
122230,8,1,6,4,0,4,1,0
122231,9,2,6,4,0,4,1,0
122232,9,1,6,4,0,2,0,0
122233,8,1,6,NULL,1,3,1,1
122234,8,1,6,NULL,0,3,1,0
122235,8,2,6,3,0,3,1,0
122236,9,1,7,3,1,3,1,0
122237,10,2,7,3,0,3,1,0
122239,9,2,7,4,1,3,1,0
122240,9,1,7,4,1,3,1,0
122241,9,2,7,NULL,0,3,1,1
122242,9,1,7,4,0,4,1,0
122243,9,2,7,3,0,3,1,0
122244,9,2,7,NULL,1,4,1,1
122245,9,2,7,4,0,3,1,0
122246,9,1,7,4,1,4,1,0
122247,9,2,7,4,0,4,1,0
122248,9,2,7,4,0,2,0,0
122249,10,2,7,NULL,0,4,1,1
122250,9,2,7,4,0,3,1,0
122251,10,2,7,4,1,3,1,0
122252,10,2,7,4,1,4,1,0
122253,9,2,7,NULL,0,2,0,1
122254,10,1,7,3,0,2,0,0
122255,10,2,7,3,1,3,1,0
122257,10,2,7,4,0,4,1,0
122258,9,2,7,4,0,4,1,0
122259,9,2,7,4,1,4,1,0
122260,6,1,3,3,0,4,1,0
122261,7,1,4,3,0,3,1,0
122262,6,2,4,4,0,4,1,0
122263,6,1,4,4,0,4,1,0
122265,7,1,4,3,1,2,0,0
122267,7,1,4,4,0,3,1,0
122268,7,1,4,4,0,4,1,0
122269,6,1,4,4,0,4,1,0
122271,6,1,4,4,0,3,1,0
122272,7,1,4,4,0,4,1,0
122273,7,2,4,4,0,3,1,0
122276,6,2,4,4,0,2,0,0
122277,6,1,4,1,1,1,0,0
122278,7,1,4,4,0,4,1,0
122279,6,1,4,4,0,4,1,0
122280,7,1,4,2,1,1,0,0
122281,7,2,4,4,0,3,1,0
122282,7,1,4,1,0,4,1,0
122283,6,2,4,4,0,3,1,0
122284,7,1,4,4,0,3,1,0
122285,6,1,4,NULL,1,1,0,1
122286,7,2,4,4,0,4,1,0
122287,6,1,4,3,0,4,1,0
122289,10,2,7,3,0,3,1,0
122290,9,2,7,4,0,4,1,0
122291,10,2,7,4,0,3,1,0
122292,10,1,7,4,0,4,1,0
122293,9,1,7,NULL,1,3,1,1
122294,10,1,7,3,0,4,1,0
122295,9,1,7,4,0,3,1,0
122296,9,1,7,3,1,3,1,0
122299,10,2,7,4,0,4,1,0
122300,10,2,7,4,0,3,1,0
122301,9,1,7,4,0,3,1,0
122302,10,1,7,4,0,3,1,0
122303,9,1,7,4,0,4,1,0
122305,8,1,5,4,0,4,1,0
122306,7,1,5,3,1,3,1,0
122308,11,1,1,4,1,4,1,0
122309,7,2,5,2,0,1,0,0
122310,7,1,5,4,0,4,1,0
122312,7,1,5,4,1,4,1,0
122313,7,1,5,4,0,3,1,0
122314,7,1,5,3,0,4,1,0
122315,7,2,5,3,0,3,1,0
122316,7,2,5,4,0,4,1,0
122317,8,1,5,4,0,2,0,0
122318,7,1,5,4,0,3,1,0
122320,7,1,5,4,0,4,1,0
122321,7,1,5,3,1,3,1,0
122323,8,1,5,4,0,4,1,0
122325,7,1,5,4,1,3,1,0
122326,7,1,5,3,0,3,1,0
122327,7,1,5,4,1,4,1,0
122328,8,1,5,4,0,4,1,0
122330,7,1,5,4,1,3,1,0
122331,8,1,5,4,0,2,0,0
122332,7,1,5,NULL,1,4,1,1
122333,7,1,5,4,0,4,1,0
122334,7,1,5,4,1,4,1,0
122335,7,2,5,4,0,4,1,0
122336,7,2,5,4,0,3,1,0
122338,8,2,5,4,1,4,1,0
122339,7,1,5,4,0,3,1,0
122340,7,2,5,4,0,2,0,0
122341,7,1,5,4,0,4,1,0
122342,8,2,5,4,0,4,1,0
122343,7,2,5,4,0,4,1,0
122345,7,1,5,4,0,4,1,0
122346,8,2,5,4,0,3,1,0
122347,8,1,5,4,0,4,1,0
122348,7,2,5,4,0,4,1,0
122349,7,1,5,3,0,1,0,0
122351,7,2,5,4,0,4,1,0
122353,8,1,5,4,0,4,1,0
122355,8,1,5,4,0,1,0,0
122356,7,2,5,4,0,4,1,0
122357,7,2,5,3,0,2,0,0
122358,8,2,5,2,0,2,0,0
122359,7,1,5,4,0,4,1,0
122360,7,1,5,4,1,2,0,0
122361,7,1,5,4,0,4,1,0
122362,7,1,5,4,0,4,1,0
122363,8,1,5,4,0,4,1,0
122364,9,1,6,NULL,0,3,1,1
122365,9,1,6,4,0,4,1,0
122366,8,1,6,3,1,3,1,0
122368,8,2,6,NULL,0,2,0,1
122369,8,1,6,4,0,4,1,0
122370,8,1,6,4,0,4,1,0
122372,7,2,6,NULL,1,2,0,1
122373,9,1,6,NULL,0,3,1,1
122374,9,2,6,3,1,3,1,0
122375,9,1,6,NULL,1,4,1,1
122376,8,1,6,3,0,4,1,0
122377,9,1,6,4,0,3,1,0
122378,9,2,6,NULL,0,3,1,1
122379,8,1,6,4,0,4,1,0
122380,8,1,6,NULL,0,3,1,1
122381,9,1,6,3,0,1,0,0
122383,8,1,6,NULL,0,3,1,1
122384,8,2,6,4,1,1,0,0
122385,9,1,6,NULL,0,3,1,1
122388,8,1,6,4,0,4,1,0
122389,9,2,6,NULL,0,4,1,1
122390,9,1,6,4,0,2,0,0
122391,9,1,6,3,0,3,1,0
122392,8,2,6,4,0,4,1,0
122393,8,1,6,4,0,3,1,0
122394,8,1,6,2,0,3,1,0
122395,8,2,6,2,0,2,0,0
122397,9,2,6,NULL,0,3,1,1
122398,9,2,6,4,0,3,1,0
122399,6,1,4,4,1,4,1,0
122400,8,1,6,4,0,3,1,0
122401,9,2,7,2,0,3,1,0
122402,9,1,7,2,0,4,1,0
122403,9,2,7,4,1,4,1,0
122404,10,1,7,4,1,3,1,0
122405,9,1,7,4,0,3,1,0
122406,9,1,7,3,0,4,1,0
122407,9,2,7,2,0,3,1,0
122410,10,1,7,4,0,3,1,0
122411,10,1,7,4,0,4,1,0
122413,10,1,7,4,0,4,1,0
122414,9,1,7,4,0,4,1,0
122415,10,2,7,4,0,2,0,0
122417,6,1,4,4,0,3,1,0
122419,7,2,4,3,1,2,0,0
122420,7,1,4,4,0,4,1,0
122421,6,2,4,4,0,4,1,0
122422,7,1,8,4,0,4,1,0
122424,7,1,4,4,0,4,1,0
122425,6,1,4,4,0,4,1,0
122427,7,2,4,4,0,3,1,0
122428,7,2,4,2,0,3,1,0
122430,6,1,4,4,0,4,1,0
122436,7,1,4,3,0,3,1,0
122437,7,2,4,NULL,1,1,0,1
122438,3,2,1,2,0,2,0,0
122439,3,1,1,4,0,3,1,0
122440,3,1,1,4,0,3,1,0
122441,4,2,1,4,0,3,1,0
122442,3,1,1,4,0,4,1,0
122443,4,2,1,3,0,2,0,0
122444,3,2,1,3,1,3,1,0
122445,3,1,1,3,0,3,1,0
122446,5,1,1,3,1,2,0,0
122447,3,2,1,NULL,1,4,1,1
122448,4,1,1,4,0,3,1,0
122449,3,1,1,4,0,3,1,0
122450,4,1,1,3,1,4,1,0
122451,4,1,2,3,0,3,1,0
122453,5,1,2,4,0,4,1,0
122454,5,1,2,4,1,3,1,0
122455,4,2,2,4,0,4,1,0
122456,4,1,2,4,1,2,0,0
122457,4,2,2,4,0,4,1,0
122458,5,1,2,4,1,4,1,0
122460,4,1,2,4,1,4,1,0
122461,5,1,2,4,1,4,1,0
122462,4,1,2,4,0,4,1,0
122463,5,1,2,NULL,0,2,0,1
122464,5,2,2,3,1,3,1,0
122465,5,1,2,4,0,3,1,0
122466,4,1,2,4,0,3,1,0
122467,5,1,2,3,0,3,1,0
122468,4,2,2,4,0,4,1,0
122469,5,2,2,4,0,4,1,0
122470,5,1,2,NULL,1,4,1,1
122471,5,1,2,3,0,3,1,0
122472,5,1,3,4,0,3,1,0
122473,6,2,3,3,0,3,1,0
122474,6,1,3,3,1,3,1,0
122475,5,1,3,4,1,3,1,0
122476,6,1,3,4,1,3,1,0
122477,6,1,3,4,0,4,1,0
122478,5,2,3,4,0,3,1,0
122479,5,1,3,4,0,4,1,0
122480,6,1,3,4,0,3,1,0
122481,5,2,3,3,1,3,1,0
122483,6,2,3,3,1,3,1,0
122484,6,2,3,4,0,3,1,0
122485,6,2,3,3,0,4,1,0
122486,6,2,3,NULL,1,2,0,1
122488,6,2,3,3,1,4,1,0
122489,6,2,3,3,0,4,1,0
122490,6,1,3,4,0,2,0,0
122491,5,2,3,3,1,3,1,0
122492,6,1,3,3,1,3,1,0
122494,6,1,4,4,0,3,1,0
122495,7,2,4,4,0,4,1,0
122496,6,1,4,3,1,3,1,0
122497,6,1,4,4,0,3,1,0
122498,6,2,4,NULL,1,3,1,1
122499,7,1,4,4,1,4,1,0
122500,6,2,4,4,1,3,1,0
122501,8,1,4,4,1,2,0,0
122502,6,1,4,NULL,1,4,1,1
122504,7,1,4,NULL,0,3,1,1
122505,7,2,5,3,1,3,1,0
122506,7,1,4,4,1,3,1,0
122507,6,2,4,4,0,2,0,0
122508,6,1,4,4,0,3,1,0
122510,7,1,4,4,1,3,1,0
122511,6,2,4,2,1,3,1,0
122512,7,1,4,4,0,3,1,0
122513,6,2,4,NULL,1,4,1,1
122514,7,1,4,NULL,0,4,1,1
122515,7,1,4,4,1,4,1,0
122516,6,1,4,NULL,1,3,1,1
122517,7,2,4,3,0,3,1,0
122518,6,1,4,NULL,1,2,0,1
122519,7,1,4,4,1,3,1,0
122520,6,2,4,4,0,2,0,0
122522,7,2,4,3,0,3,1,0
122525,6,1,4,NULL,1,2,0,1
122526,6,2,4,NULL,0,3,1,1
122527,6,1,4,4,1,3,1,0
122528,7,1,4,4,0,4,1,0
122529,7,1,4,4,0,3,1,0
122531,6,1,4,4,1,4,1,0
122532,6,1,4,NULL,0,3,1,1
122533,7,1,4,4,0,1,0,0
122534,7,1,4,4,1,4,1,0
122535,7,1,4,4,0,3,1,0
122536,6,1,4,4,1,3,1,0
122537,6,1,4,NULL,1,2,0,1
122540,7,1,4,3,1,3,1,0
122542,7,1,4,4,0,4,1,0
122543,7,2,4,3,0,4,1,0
122544,6,1,4,4,1,4,1,0
122545,6,1,4,NULL,1,3,1,1
122549,8,1,5,2,1,2,0,0
122550,7,1,5,NULL,0,4,1,1
122551,7,1,5,4,1,4,1,0
122552,8,2,5,3,1,2,0,0
122553,7,1,5,NULL,1,2,0,1
122554,8,2,5,4,1,3,1,0
122555,8,2,5,4,1,4,1,0
122556,7,2,5,4,0,2,0,0
122557,8,1,5,4,1,4,1,0
122558,7,1,5,NULL,1,2,0,1
122559,8,2,5,3,0,4,1,0
122560,7,2,5,4,0,3,1,0
122561,7,2,5,NULL,0,2,0,1
122562,7,1,5,NULL,1,4,1,1
122563,8,1,5,NULL,1,4,1,1
122564,7,2,5,NULL,1,4,1,1
122565,8,1,5,NULL,0,4,1,1
122566,7,1,5,4,0,2,0,0
122567,8,1,5,4,0,4,1,0
122568,7,2,5,NULL,1,3,1,1
122569,8,1,5,4,1,3,1,0
122570,8,1,5,NULL,1,4,1,1
122571,7,2,5,NULL,0,4,1,1
122572,7,1,5,NULL,1,3,1,1
122573,7,1,5,4,1,3,1,0
122575,7,2,5,NULL,0,2,0,1
122576,7,1,5,NULL,1,4,1,1
122577,8,1,5,4,0,3,1,0
122578,8,1,5,3,0,2,0,0
122579,7,1,5,NULL,1,3,1,1
122580,1,1,5,4,0,4,1,0
122581,8,2,5,NULL,1,3,1,1
122583,8,2,6,4,0,4,1,0
122584,8,2,6,NULL,1,3,1,1
122585,9,2,6,NULL,1,2,0,1
122587,8,2,6,NULL,0,3,1,1
122588,8,1,6,4,0,3,1,0
122589,9,2,6,4,0,4,1,0
122590,8,2,6,4,1,2,0,0
122591,9,2,6,NULL,1,3,1,1
122593,8,2,6,3,0,2,0,0
122594,9,1,6,NULL,0,3,1,1
122595,9,1,5,4,1,4,1,0
122596,8,2,6,3,0,3,1,0
122597,8,1,6,NULL,1,3,1,1
122598,9,1,6,4,0,3,1,0
122599,8,2,6,NULL,0,3,1,1
122600,9,2,6,NULL,1,2,0,1
122601,8,1,6,4,1,4,1,0
122602,9,1,6,1,0,2,0,0
122603,8,1,6,NULL,1,2,0,1
122604,9,2,7,4,1,3,1,0
122605,10,2,7,NULL,1,2,0,1
122606,9,2,7,NULL,1,3,1,1
122607,9,1,7,4,0,4,1,0
122608,10,1,7,4,0,3,1,0
122609,9,1,7,NULL,0,1,0,1
122611,10,2,7,4,1,2,0,0
122612,9,1,7,NULL,1,2,0,1
122613,9,2,7,NULL,0,4,1,1
122614,9,2,7,4,1,4,1,0
122615,10,1,7,NULL,0,3,1,1
122616,10,2,7,3,1,3,1,0
122617,10,1,7,4,1,2,0,0
122618,9,1,7,4,1,4,1,0
122620,10,2,7,NULL,1,3,1,1
122621,10,1,7,NULL,1,3,1,1
122623,10,1,7,4,0,4,1,0
122624,10,1,7,4,1,4,1,0
122625,9,1,7,NULL,1,3,1,1
122626,10,2,7,NULL,1,3,1,1
122627,9,2,7,NULL,1,3,1,1
122628,9,1,7,NULL,1,2,0,1
122629,9,1,7,4,1,3,1,0
122630,10,1,7,4,0,3,1,0
122631,9,2,7,NULL,1,3,1,1
122632,9,1,7,3,0,2,0,0
122633,5,1,2,3,0,4,1,0
122634,5,2,2,4,0,3,1,0
122635,5,1,2,4,0,3,1,0
122636,5,1,2,4,0,4,1,0
122637,5,2,2,2,0,3,1,0
122638,5,2,2,NULL,1,2,0,1
122639,4,2,2,3,0,4,1,0
122640,4,2,2,4,0,3,1,0
122641,5,2,2,3,1,4,1,0
122642,5,1,2,4,0,4,1,0
122643,4,2,2,4,0,4,1,0
122644,5,2,2,4,0,3,1,0
122645,5,1,2,4,0,3,1,0
122646,5,2,2,2,0,4,1,0
122647,4,2,2,4,0,4,1,0
122648,5,1,2,4,0,3,1,0
122650,4,1,2,4,0,3,1,0
122651,4,2,2,3,0,3,1,0
122652,4,2,2,3,1,3,1,0
122653,5,2,2,2,0,2,0,0
122654,5,2,2,4,0,4,1,0
122655,5,1,2,4,0,3,1,0
122656,5,2,2,4,0,3,1,0
122657,5,1,2,3,1,3,1,0
122658,5,1,2,4,1,4,1,0
122659,4,2,2,3,0,3,1,0
122660,6,1,3,3,0,4,1,0
122661,6,1,3,4,0,3,1,0
122662,6,1,3,2,1,3,1,0
122663,6,2,3,3,0,2,0,0
122664,6,2,3,4,1,4,1,0
122666,6,2,3,3,1,3,1,0
122667,6,1,3,4,0,3,1,0
122668,6,1,3,4,0,3,1,0
122669,6,2,3,2,1,1,0,0
122670,7,2,3,3,1,3,1,0
122671,5,2,3,3,1,3,1,0
122672,6,2,3,NULL,1,4,1,1
122673,6,1,3,2,0,4,1,0
122675,5,2,3,4,1,4,1,0
122676,5,2,3,3,1,3,1,0
122677,5,2,3,4,0,3,1,0
122678,6,2,3,4,0,4,1,0
122679,5,2,3,4,0,3,1,0
122680,5,1,3,4,0,4,1,0
122681,5,2,3,4,0,3,1,0
122682,5,2,3,4,0,3,1,0
122683,6,2,3,3,0,3,1,0
122684,6,2,3,4,0,3,1,0
122685,5,2,3,4,0,2,0,0
122686,6,1,3,4,0,4,1,0
122687,5,1,3,4,0,3,1,0
122688,5,1,3,4,0,4,1,0
122689,5,1,3,4,0,3,1,0
122690,5,1,3,4,0,3,1,0
122691,6,2,3,4,0,4,1,0
122692,6,1,3,4,0,4,1,0
122694,5,2,3,4,1,3,1,0
122695,4,1,1,3,0,4,1,0
122697,4,1,1,NULL,1,2,0,1
122698,4,1,1,4,1,2,0,0
122699,4,2,1,4,0,3,1,0
122702,5,1,1,NULL,1,3,1,1
122703,4,2,1,4,0,3,1,0
122704,4,1,1,4,1,4,1,0
122707,3,2,1,4,0,4,1,0
122708,3,2,1,4,0,4,1,0
122709,3,1,1,4,1,3,1,0
122710,3,2,1,4,1,4,1,0
122711,5,2,2,4,0,3,1,0
122712,4,1,2,3,1,2,0,0
122713,4,2,2,3,0,3,1,0
122714,4,2,2,4,0,3,1,0
122716,5,1,2,3,1,4,1,0
122717,5,1,2,4,0,3,1,0
122718,4,1,2,3,0,2,0,0
122720,5,2,2,3,1,3,1,0
122721,4,1,2,4,1,4,1,0
122722,5,2,2,4,1,4,1,0
122723,5,2,2,3,0,3,1,0
122724,6,1,3,3,1,3,1,0
122725,6,1,3,NULL,0,3,1,1
122726,6,2,3,NULL,1,3,1,1
122727,6,1,3,3,0,3,1,0
122728,6,1,3,4,1,4,1,0
122729,7,2,3,2,1,3,1,0
122730,6,1,3,NULL,1,3,1,1
122731,5,2,3,3,0,3,1,0
122732,6,1,3,4,1,4,1,0
122733,7,1,3,4,1,4,1,0
122735,6,1,3,3,1,4,1,0
122736,6,2,3,NULL,1,3,1,1
122737,6,1,3,3,1,4,1,0
122738,6,1,3,4,0,3,1,0
122739,5,1,3,4,1,4,1,0
122740,5,1,3,2,0,2,0,0
122741,7,1,4,NULL,1,3,1,1
122742,6,2,4,4,0,3,1,0
122743,6,2,4,4,0,4,1,0
122744,7,2,4,3,0,3,1,0
122745,7,1,4,NULL,1,2,0,1
122746,7,1,4,NULL,1,2,0,1
122747,6,1,4,4,0,4,1,0
122748,7,1,4,4,1,4,1,0
122749,7,1,4,NULL,0,3,1,1
122750,7,2,4,4,0,4,1,0
122751,7,1,4,2,1,3,1,0
122753,6,2,4,4,0,4,1,0
122754,6,1,4,3,0,3,1,0
122755,7,2,4,4,0,4,1,0
122756,7,2,4,4,0,3,1,0
122757,7,2,4,NULL,0,3,1,1
122758,6,2,4,4,0,3,1,0
122760,6,1,4,3,1,3,1,0
122761,7,2,4,NULL,0,2,0,1
122762,6,1,4,3,1,3,1,0
122763,7,1,4,NULL,0,2,0,1
122764,7,1,4,3,0,3,1,0
122765,8,1,5,4,0,2,0,0
122766,6,2,4,NULL,0,4,1,1
122767,7,1,4,3,1,4,1,0
122768,6,1,4,4,0,3,1,0
122769,6,1,4,4,0,3,1,0
122770,7,1,4,3,0,4,1,0
122771,6,2,4,4,0,3,1,0
122772,7,1,4,3,0,3,1,0
122773,6,2,4,3,0,3,1,0
122774,6,1,4,3,0,2,0,0
122775,6,2,4,4,1,4,1,0
122776,6,1,4,4,0,3,1,0
122778,6,2,4,4,0,1,0,0
122780,6,2,4,4,0,3,1,0
122781,7,1,4,4,0,2,0,0
122782,6,2,4,3,0,1,0,0
122783,7,2,4,NULL,1,2,0,1
122785,7,2,4,NULL,1,3,1,1
122786,6,2,4,3,0,3,1,0
122787,7,2,4,4,1,3,1,0
122788,7,2,4,4,0,4,1,0
122789,7,1,4,NULL,1,3,1,1
122790,6,2,4,NULL,1,3,1,1
122791,6,2,4,4,1,4,1,0
122792,7,1,4,4,0,2,0,0
122793,7,2,4,3,1,2,0,0
122795,7,1,4,NULL,0,2,0,1
122796,7,1,4,4,0,3,1,0
122797,6,1,4,4,0,2,0,0
122798,7,1,4,4,0,3,1,0
122799,7,1,4,NULL,0,3,1,1
122800,7,2,4,NULL,0,2,0,1
122801,7,2,5,2,1,4,1,0
122802,8,1,5,3,0,3,1,0
122803,8,1,5,3,0,2,0,0
122804,8,1,5,4,0,2,0,0
122805,8,2,5,3,0,3,1,0
122806,8,1,5,NULL,1,3,1,1
122807,6,2,4,3,0,3,1,0
122808,7,2,5,NULL,1,3,1,1
122809,8,1,5,NULL,1,3,1,1
122810,7,2,5,NULL,1,3,1,1
122812,7,2,5,4,0,4,1,0
122813,6,2,4,3,0,3,1,0
122814,8,1,5,NULL,0,3,1,1
122815,7,1,4,4,0,4,1,0
122816,9,1,7,NULL,0,4,1,1
122817,8,2,5,2,0,2,0,0
122818,7,2,5,4,1,4,1,0
122819,7,2,5,NULL,0,3,1,1
122820,8,1,5,NULL,0,4,1,1
122821,7,1,5,4,0,3,1,0
122822,7,2,5,4,0,4,1,0
122823,8,1,5,4,0,4,1,0
122824,7,1,5,2,1,3,1,0
122825,8,1,5,NULL,0,2,0,1
122826,7,1,5,3,1,4,1,0
122827,8,1,5,4,0,3,1,0
122829,8,1,5,3,0,3,1,0
122831,8,2,5,NULL,1,3,1,1
122832,7,2,5,NULL,1,3,1,1
122833,7,2,5,NULL,0,3,1,1
122834,7,2,5,NULL,0,4,1,1
122835,7,1,5,3,0,2,0,0
122836,8,1,5,4,0,4,1,0
122837,7,1,5,NULL,0,2,0,1
122838,8,2,5,3,1,3,1,0
122839,8,2,5,NULL,0,2,0,1
122840,8,1,5,3,1,4,1,0
122841,7,2,5,NULL,0,3,1,1
122842,7,1,5,4,0,4,1,0
122844,8,1,5,NULL,0,3,1,1
122845,8,1,5,4,0,2,0,0
122846,7,1,5,4,0,2,0,0
122847,8,2,5,NULL,1,3,1,1
122848,8,2,5,2,0,3,1,0
122850,9,1,6,3,0,3,1,0
122851,8,1,6,4,0,4,1,0
122853,8,1,5,4,1,4,1,0
122856,8,2,5,4,0,4,1,0
122857,7,2,5,4,0,4,1,0
122858,7,1,5,NULL,1,4,1,1
122859,8,2,5,2,0,3,1,0
122860,7,2,5,2,0,3,1,0
122861,8,2,6,NULL,0,2,0,1
122863,9,1,6,4,0,3,1,0
122864,8,2,6,2,0,3,1,0
122865,9,2,6,NULL,0,4,1,1
122866,9,2,6,NULL,0,2,0,1
122867,8,1,6,3,0,3,1,0
122868,9,2,6,3,0,2,0,0
122870,9,1,6,4,0,3,1,0
122871,9,2,6,NULL,1,3,1,1
122872,9,1,6,4,0,3,1,0
122873,9,2,6,NULL,0,3,1,1
122874,8,1,6,3,0,3,1,0
122875,8,2,6,NULL,0,4,1,1
122876,8,1,6,3,0,3,1,0
122877,8,1,6,3,0,3,1,0
122878,9,1,6,4,0,3,1,0
122879,8,1,6,4,0,3,1,0
122880,9,1,6,4,0,3,1,0
122881,9,1,6,4,0,4,1,0
122882,9,1,6,NULL,0,4,1,1
122883,9,2,6,3,0,3,1,0
122886,9,1,6,4,0,4,1,0
122887,9,1,6,4,1,3,1,0
122888,8,2,6,NULL,0,3,1,1
122889,8,2,6,3,0,3,1,0
122891,8,1,6,NULL,0,4,1,1
122892,8,2,6,NULL,0,3,1,1
122893,8,1,6,4,0,4,1,0
122894,9,1,6,NULL,0,4,1,1
122895,9,1,6,4,0,4,1,0
122897,8,2,6,4,0,4,1,0
122898,9,1,6,4,0,4,1,0
122899,9,2,6,NULL,0,3,1,1
122900,9,2,6,NULL,0,2,0,1
122901,9,2,7,3,0,4,1,0
122902,9,2,6,4,0,3,1,0
122903,9,1,6,3,0,3,1,0
122904,9,2,6,NULL,0,3,1,1
122905,9,2,6,3,0,2,0,0
122906,8,1,6,NULL,0,2,0,1
122907,9,2,6,4,0,3,1,0
122908,9,1,6,3,0,3,1,0
122909,8,1,6,4,0,4,1,0
122912,9,1,7,4,0,2,0,0
122913,10,2,7,NULL,0,4,1,1
122914,10,1,7,NULL,0,3,1,1
122915,10,1,7,4,0,4,1,0
122916,9,2,7,NULL,1,2,0,1
122917,9,1,7,NULL,0,2,0,1
122918,10,1,7,NULL,0,2,0,1
122921,9,2,7,2,0,2,0,0
122922,10,1,7,4,0,4,1,0
122923,10,1,7,4,0,2,0,0
122924,10,2,7,4,0,3,1,0
122925,9,2,7,NULL,1,3,1,1
122927,10,1,7,NULL,0,3,1,1
122928,9,1,7,3,1,2,0,0
122929,9,1,7,NULL,0,2,0,1
122930,9,2,7,NULL,0,4,1,1
122931,10,1,7,NULL,0,3,1,1
122933,10,1,7,4,0,4,1,0
122934,9,2,7,NULL,1,4,1,1
122935,9,2,7,4,1,4,1,0
122936,9,1,7,4,0,2,0,0
122937,9,2,7,NULL,0,3,1,1
122938,10,1,7,NULL,0,2,0,1
122940,9,2,7,4,0,4,1,0
122941,10,2,7,NULL,0,4,1,1
122942,10,1,7,NULL,0,1,0,1
122944,10,1,7,4,0,3,1,0
122946,9,1,7,NULL,0,2,0,1
122947,9,2,7,4,0,3,1,0
122948,9,2,7,3,0,4,1,0
122949,10,1,7,NULL,0,2,0,1
122950,9,2,7,NULL,0,2,0,1
122951,10,2,7,4,0,4,1,0
122954,10,2,7,NULL,1,3,1,1
122955,10,1,7,4,1,3,1,0
122956,9,1,7,4,0,3,1,0
122959,10,2,7,4,1,4,1,0
122961,10,1,7,NULL,0,4,1,1
122964,10,2,7,4,0,4,1,0
122965,10,1,7,4,0,3,1,0
122966,10,2,7,3,0,3,1,0
122967,9,2,7,4,0,4,1,0
122968,7,2,4,NULL,0,4,1,1
122969,7,1,4,4,0,4,1,0
122972,7,2,4,4,0,1,0,0
122973,7,2,5,4,0,3,1,0
122974,10,1,7,4,0,2,0,0
122976,7,1,4,3,0,2,0,0
122977,8,2,5,4,0,3,1,0
122978,6,2,4,4,0,4,1,0
122979,7,2,4,4,1,3,1,0
122980,7,2,4,4,0,1,0,0
122982,8,2,4,4,0,3,1,0
122983,7,1,5,4,0,4,1,0
122984,9,2,5,4,0,4,1,0
122985,7,1,5,4,0,4,1,0
122986,8,2,5,4,0,4,1,0
122987,8,1,5,3,0,1,0,0
122988,8,1,5,4,0,3,1,0
122989,7,1,5,4,0,4,1,0
122990,7,1,5,4,0,4,1,0
122991,8,1,5,4,0,3,1,0
122993,7,2,5,3,0,4,1,0
122994,8,1,5,4,0,1,0,0
122995,8,1,6,4,0,4,1,0
122996,9,2,6,4,0,4,1,0
122997,9,1,6,4,0,2,0,0
122998,9,2,6,4,0,4,1,0
122999,9,1,6,NULL,0,1,0,1
123000,10,2,6,4,0,4,1,0
123001,9,2,6,4,0,4,1,0
123002,8,1,6,4,0,2,0,0
123003,8,1,6,4,0,4,1,0
123004,9,1,6,NULL,0,1,0,1
123005,9,2,6,4,0,4,1,0
123006,10,2,6,4,1,1,0,0
123007,9,2,6,3,1,3,1,0
123008,8,2,6,4,0,3,1,0
123009,10,1,6,NULL,1,1,0,1
123010,8,1,6,NULL,1,2,0,1
123011,9,1,7,4,0,2,0,0
123012,9,2,7,4,0,4,1,0
123013,10,1,7,4,0,4,1,0
123014,10,2,7,4,1,4,1,0
123015,9,2,7,3,1,4,1,0
123016,9,2,7,NULL,0,1,0,1
123017,9,1,7,NULL,1,1,0,1
123018,10,1,7,4,1,4,1,0
123019,9,1,7,4,0,4,1,0
123020,9,1,7,4,0,4,1,0
123021,10,2,7,NULL,1,2,0,1
123022,10,2,7,4,1,4,1,0
123025,9,1,7,4,0,4,1,0
123026,9,1,7,4,0,2,0,0
123027,10,2,7,4,1,4,1,0
123028,6,1,4,4,0,4,1,0
123029,6,1,4,4,0,4,1,0
123031,7,1,4,4,0,1,0,0
123033,7,2,4,4,0,1,0,0
123034,6,2,4,4,1,4,1,0
123036,6,1,4,4,1,3,1,0
123039,7,1,4,4,0,4,1,0
123040,7,1,4,NULL,0,4,1,0
123041,7,2,4,2,1,3,1,0
123042,8,2,4,3,1,4,1,0
123044,8,1,4,3,0,4,1,0
123045,7,1,4,4,0,2,0,0
123046,7,2,4,3,1,3,1,0
123047,6,2,4,3,1,1,0,0
123048,6,1,4,4,0,3,1,0
123050,8,2,4,4,0,2,0,0
123052,6,2,4,3,1,3,1,0
123053,4,2,1,3,0,3,1,0
123054,3,2,1,3,0,3,1,0
123055,4,1,1,4,0,2,0,0
123056,4,1,1,4,0,3,1,0
123057,3,2,1,4,0,4,1,0
123058,3,2,1,4,0,4,1,0
123059,2,2,1,4,0,4,1,0
123060,4,2,1,4,0,3,1,0
123061,3,2,1,3,0,3,1,0
123062,3,1,1,4,0,4,1,0
123063,4,2,1,3,0,4,1,0
123064,4,2,1,4,0,4,1,0
123065,4,1,1,3,0,4,1,0
123067,4,2,1,4,0,4,1,0
123068,3,2,1,4,1,2,0,0
123069,4,2,1,4,0,3,1,0
123070,3,2,1,3,0,2,0,0
123071,4,1,1,NULL,1,3,1,1
123072,4,2,1,4,0,4,1,0
123074,3,2,1,4,0,3,1,0
123075,3,2,1,4,1,4,1,0
123076,3,2,1,4,0,4,1,0
123077,3,2,1,4,0,4,1,0
123078,3,2,1,4,0,4,1,0
123080,3,2,1,4,0,4,1,0
123081,4,1,1,3,1,3,1,0
123082,4,2,1,4,0,4,1,0
123083,4,2,1,4,0,3,1,0
123084,3,2,1,4,0,4,1,0
123086,4,2,1,3,0,4,1,0
123087,4,2,1,3,0,3,1,0
123088,3,2,1,4,1,3,1,0
123089,4,1,1,2,0,2,0,0
123090,3,2,1,4,0,3,1,0
123091,3,2,1,3,1,3,1,0
123092,4,2,1,4,0,4,1,0
123093,4,2,2,4,0,4,1,0
123094,4,1,2,4,0,3,1,0
123095,5,1,2,4,0,3,1,0
123096,4,2,2,3,0,4,1,0
123097,5,1,2,4,0,3,1,0
123098,5,2,2,3,0,3,1,0
123099,4,2,2,3,0,4,1,0
123100,5,1,2,4,0,3,1,0
123102,5,2,2,4,0,3,1,0
123103,5,1,2,4,0,3,1,0
123104,5,1,2,4,0,4,1,0
123105,5,2,2,4,0,4,1,0
123106,4,1,2,4,0,4,1,0
123107,4,2,2,2,1,1,0,0
123108,4,2,2,4,0,3,1,0
123109,4,1,2,4,0,3,1,0
123110,4,1,2,4,0,3,1,0
123112,4,1,2,3,0,4,1,0
123114,5,1,2,4,0,4,1,0
123115,5,2,2,4,0,3,1,0
123116,5,2,2,4,0,4,1,0
123117,4,2,2,4,0,4,1,0
123118,4,1,2,4,0,4,1,0
123119,5,1,2,4,0,4,1,0
123120,4,1,2,4,0,3,1,0
123122,4,1,2,4,0,3,1,0
123123,4,1,2,4,0,4,1,0
123124,4,2,2,4,0,3,1,0
123125,4,1,2,3,0,2,0,0
123126,5,2,2,4,0,4,1,0
123127,5,2,2,4,0,4,1,0
123128,5,1,2,4,0,4,1,0
123129,4,1,2,4,0,3,1,0
123130,4,2,2,4,0,3,1,0
123131,4,2,2,4,0,4,1,0
123132,5,1,2,4,0,4,1,0
123133,5,1,3,3,1,3,1,0
123134,5,1,3,4,0,4,1,0
123136,6,1,3,3,0,3,1,0
123138,6,2,3,4,0,3,1,0
123139,5,1,3,4,0,3,1,0
123140,6,1,3,3,0,4,1,0
123141,6,2,3,4,0,4,1,0
123142,5,1,3,4,0,4,1,0
123144,5,2,3,4,0,4,1,0
123145,6,1,3,4,0,4,1,0
123146,5,1,3,4,0,4,1,0
123147,5,2,3,4,0,3,1,0
123148,5,1,3,4,0,3,1,0
123149,5,1,3,4,0,4,1,0
123150,5,1,3,3,0,3,1,0
123152,5,2,3,4,0,3,1,0
123154,5,2,3,2,1,2,0,0
123155,5,1,3,4,0,3,1,0
123156,6,2,3,3,0,4,1,0
123157,5,2,3,4,0,4,1,0
123158,5,1,3,4,0,4,1,0
123159,6,2,3,3,0,1,0,0
123160,5,1,3,4,0,3,1,0
123161,6,2,3,3,0,4,1,0
123162,6,2,3,4,1,3,1,0
123163,5,2,3,4,0,3,1,0
123164,6,1,3,4,0,4,1,0
123165,5,2,3,4,0,3,1,0
123166,6,1,3,4,0,4,1,0
123168,6,2,3,2,0,2,0,0
123169,6,1,3,4,0,4,1,0
123170,7,1,4,4,0,4,1,0
123171,7,1,4,4,0,3,1,0
123172,7,1,4,4,0,4,1,0
123173,7,1,4,4,0,3,1,0
123174,7,1,4,4,0,3,1,0
123175,7,1,4,3,0,3,1,0
123176,7,1,4,4,0,2,0,0
123177,6,1,4,4,0,3,1,0
123178,8,1,4,4,0,3,1,0
123179,7,1,4,3,0,3,1,0
123180,7,1,4,3,0,3,1,0
123181,7,1,4,NULL,0,4,1,1
123182,7,1,4,3,0,3,1,0
123183,7,1,4,4,0,4,1,0
123184,8,1,5,NULL,0,3,1,1
123185,8,1,5,4,0,4,1,0
123186,8,1,5,NULL,0,3,1,1
123187,8,1,5,3,0,3,1,0
123188,8,1,5,3,0,3,1,0
123189,8,1,5,3,1,3,1,0
123190,8,1,5,NULL,0,3,1,1
123191,7,1,5,3,1,4,1,0
123192,8,1,5,4,0,3,1,0
123193,8,1,5,4,0,3,1,0
123194,8,1,5,3,0,4,1,0
123195,7,1,5,3,0,4,1,0
123196,8,1,5,3,0,2,0,0
123197,7,1,5,4,0,4,1,0
123198,9,1,6,NULL,0,1,0,1
123199,9,1,6,3,0,3,1,0
123200,9,1,6,NULL,0,3,1,1
123201,9,1,6,3,0,3,1,0
123202,9,1,6,3,0,4,1,0
123203,9,1,6,NULL,0,2,0,1
123204,9,1,6,4,0,3,1,0
123205,9,1,6,NULL,0,3,1,1
123206,9,1,6,4,0,3,1,0
123207,9,1,6,NULL,1,2,0,1
123208,9,1,6,NULL,0,3,1,1
123209,9,1,6,3,0,3,1,0
123210,9,1,6,NULL,0,3,1,1
123211,10,1,7,4,0,4,1,0
123212,10,1,7,4,0,3,1,0
123213,10,1,7,NULL,0,3,1,1
123214,10,1,7,NULL,0,3,1,1
123215,10,1,7,4,0,4,1,0
123216,10,1,7,NULL,0,2,0,1
123217,10,1,7,NULL,1,3,1,1
123218,9,1,6,NULL,0,4,1,1
123219,10,1,7,4,0,3,1,0
123221,10,1,7,NULL,0,4,1,1
123222,10,1,7,NULL,0,2,0,1
123223,9,2,6,NULL,1,2,0,1
123224,9,1,6,NULL,1,2,0,1
123225,9,2,6,NULL,1,3,1,1
123226,9,1,6,NULL,1,1,0,1
123227,9,1,6,NULL,1,3,1,1
123228,8,1,6,4,0,4,1,0
123229,8,1,6,NULL,1,2,0,1
123230,9,1,6,NULL,0,4,1,1
123231,8,2,6,NULL,1,1,0,1
123232,9,1,6,4,1,4,1,0
123233,9,2,6,NULL,1,3,1,1
123234,9,2,6,4,0,3,1,0
123235,9,2,6,NULL,1,2,0,1
123237,8,2,5,3,0,3,1,0
123238,8,1,5,NULL,0,4,1,1
123239,8,1,5,NULL,1,3,1,1
123240,7,1,5,4,0,3,1,0
123241,9,1,7,2,0,2,0,0
123242,8,2,5,NULL,1,3,1,1
123243,7,1,5,4,0,2,0,0
123244,7,2,5,4,0,3,1,0
123245,7,2,5,2,0,4,1,0
123246,8,1,5,3,1,3,1,0
123247,8,2,5,4,0,4,1,0
123248,9,2,7,NULL,1,4,1,1
123249,8,2,5,4,0,3,1,0
123250,7,2,5,4,0,4,1,0
123251,7,1,5,3,0,3,1,0
123252,8,1,5,4,0,4,1,0
123253,7,2,5,4,0,3,1,0
123255,8,2,5,3,0,3,1,0
123256,8,2,5,4,0,3,1,0
123257,8,2,5,2,0,4,1,0
123258,9,1,6,3,0,4,1,0
123259,11,2,1,4,0,4,1,0
123260,8,2,5,NULL,1,2,0,1
123261,7,1,5,3,0,3,1,0
123262,11,2,7,4,1,4,1,0
123263,7,2,5,4,0,4,1,0
123265,8,2,5,4,0,3,1,0
123266,7,2,5,NULL,1,2,0,1
123267,7,2,5,4,1,3,1,0
123268,7,2,5,4,0,4,1,0
123269,8,1,5,4,0,3,1,0
123270,8,1,5,NULL,1,3,1,1
123271,8,2,5,3,0,3,1,0
123274,9,2,6,NULL,0,4,1,1
123276,9,2,7,4,1,4,1,0
123277,9,2,6,4,1,4,1,0
123278,9,2,6,4,1,3,1,0
123279,9,2,6,NULL,0,3,1,1
123282,8,1,6,3,0,4,1,0
123284,9,2,6,2,1,4,1,0
123285,9,1,6,4,0,4,1,0
123286,9,1,6,NULL,0,4,1,1
123290,8,2,6,2,1,4,1,0
123294,6,1,4,4,0,4,1,0
123295,7,1,4,4,0,4,1,0
123298,7,1,5,NULL,0,3,1,1
123299,6,1,4,4,0,4,1,0
123301,11,1,7,NULL,1,2,0,1
123302,6,1,5,2,0,3,1,0
123303,6,2,4,3,0,4,1,0
123304,7,1,4,3,0,3,1,0
123305,7,1,4,NULL,1,3,1,1
123306,11,1,8,4,1,3,1,0
123307,7,2,4,3,1,4,1,0
123308,6,1,4,4,0,1,0,0
123309,6,2,4,3,1,2,0,0
123310,7,1,4,4,1,3,1,0
123313,7,2,4,2,0,2,0,0
123315,7,2,4,2,1,2,0,0
123317,7,2,4,4,0,4,1,0
123318,7,1,4,4,0,4,1,0
123322,6,1,4,4,0,4,1,0
123324,6,2,4,3,0,3,1,0
123325,7,2,4,4,0,3,1,0
123326,6,1,4,1,0,4,1,0
123327,7,2,4,4,1,2,0,0
123328,6,2,4,4,0,2,0,0
123329,7,1,4,4,1,4,1,0
123332,7,1,4,4,1,1,0,0
123333,7,2,4,4,0,3,1,0
123335,10,2,7,4,0,4,1,0
123336,11,1,7,3,0,4,1,0
123338,9,1,7,3,0,4,1,0
123340,9,2,7,3,0,2,0,0
123342,10,1,7,4,0,4,1,0
123344,11,1,7,4,0,1,0,0
123346,4,2,6,NULL,1,1,0,1
123347,10,1,7,4,1,4,1,0
123348,9,1,7,4,0,4,1,0
123349,10,2,7,NULL,0,3,1,1
123350,10,1,7,4,0,4,1,0
123351,10,1,7,4,0,4,1,0
123353,10,1,7,3,0,4,1,0
123354,9,2,7,4,0,4,1,0
123356,9,2,7,4,0,3,1,0
123357,9,2,7,4,1,4,1,0
123358,10,2,7,3,1,4,1,0
123359,9,2,7,3,0,2,0,0
123362,9,2,7,NULL,0,3,1,1
123364,10,2,7,4,0,4,1,0
123365,10,2,7,4,0,4,1,0
123366,9,1,7,4,1,4,1,0
123367,9,1,7,4,0,4,1,0
123371,10,1,7,4,1,2,0,0
123372,9,2,7,4,0,4,1,0
123375,10,2,7,4,0,1,0,0
123376,10,1,7,NULL,0,1,0,1
123377,8,1,5,4,0,4,1,0
123378,8,1,5,1,0,1,0,0
123379,8,2,5,NULL,0,4,1,1
123380,7,2,5,NULL,0,3,1,1
123381,8,1,5,3,1,4,1,0
123382,8,2,5,4,0,4,1,0
123383,8,1,5,2,0,1,0,0
123384,8,2,5,4,0,4,1,0
123385,7,2,5,3,0,4,1,0
123386,8,1,5,3,0,4,1,0
123388,9,2,5,4,0,2,0,0
123389,8,2,5,4,0,4,1,0
123390,7,1,5,4,0,4,1,0
123392,8,2,5,4,0,4,1,0
123393,7,1,5,4,0,4,1,0
123394,7,1,5,4,0,3,1,0
123395,8,2,5,3,0,3,1,0
123397,7,1,4,NULL,1,4,1,1
123398,7,1,4,4,0,4,1,0
123403,1,2,8,4,1,1,0,0
123404,7,2,4,2,1,4,1,0
123405,6,1,4,4,0,4,1,0
123409,7,2,4,3,1,3,1,0
123410,7,1,4,4,1,1,0,0
123411,8,2,5,NULL,0,3,1,1
123412,10,2,7,4,0,3,1,0
123416,7,2,4,3,0,4,1,0
123417,7,2,4,4,0,3,1,0
123418,10,1,6,4,0,4,1,0
123422,8,1,5,4,0,4,1,0
123424,9,2,6,4,0,4,1,0
123425,6,1,4,3,0,2,0,0
123427,8,2,6,3,1,4,1,0
123429,7,2,5,4,0,3,1,0
123431,7,1,4,4,0,3,1,0
123438,10,1,7,4,1,3,1,0
123448,7,2,4,4,0,4,1,0
123450,7,1,4,4,0,4,1,0
123451,7,1,4,4,0,4,1,0
123452,6,1,4,4,1,3,1,0
123454,6,2,4,3,0,3,1,0
123465,6,2,4,4,0,4,1,0
123473,7,1,4,NULL,1,3,1,1
123474,7,1,4,NULL,1,3,1,1
123475,6,1,4,NULL,0,4,1,1
123476,7,1,4,4,0,3,1,0
123478,6,1,4,NULL,1,3,1,1
123479,7,1,4,4,0,4,1,0
123481,6,2,4,4,0,4,1,0
123482,6,1,4,4,1,4,1,0
123483,8,1,5,4,0,4,1,0
123484,6,2,4,4,0,4,1,0
123485,6,1,4,4,0,4,1,0
123488,6,2,4,2,0,3,1,0
123489,6,2,4,4,0,3,1,0
123492,6,2,4,NULL,1,4,1,1
123499,7,1,4,4,0,4,1,0
123500,9,2,7,NULL,0,3,1,1
123501,7,1,4,3,0,4,1,0
123502,7,1,4,4,0,4,1,0
123503,6,2,4,NULL,1,2,0,1
123505,7,1,4,NULL,1,3,1,1
123507,7,1,4,4,0,4,1,0
123511,7,2,4,3,1,3,1,0
123512,7,2,4,NULL,1,3,1,1
123514,6,2,4,NULL,1,3,1,1
123515,7,2,4,4,0,3,1,0
123516,7,2,5,4,0,3,1,0
123518,7,1,4,3,0,2,0,0
123521,6,1,4,3,0,4,1,0
123525,6,2,4,4,0,4,1,0
123526,10,2,6,4,0,4,1,0
123527,6,1,4,4,0,4,1,0
123528,7,2,5,3,0,4,1,0
123529,6,1,4,4,0,4,1,0
123530,6,1,4,4,0,4,1,0
123531,7,1,4,4,1,3,1,0
123533,7,2,4,4,0,4,1,0
123534,8,1,5,NULL,1,2,0,1
123535,7,1,4,4,0,2,0,0
123536,7,2,4,NULL,1,2,0,1
123537,7,2,4,4,0,4,1,0
123538,7,2,4,3,1,2,0,0
123539,8,1,5,4,0,4,1,0
123540,6,2,4,4,0,2,0,0
123541,6,1,4,4,0,3,1,0
123543,7,2,4,NULL,1,3,1,1
123544,6,2,4,NULL,0,1,0,1
123545,7,1,4,4,0,3,1,0
123547,7,2,4,3,0,3,1,0
123548,7,2,4,4,1,3,1,0
123549,6,2,4,4,0,3,1,0
123550,7,1,4,3,0,3,1,0
123551,6,1,4,4,0,4,1,0
123552,6,1,4,3,0,2,0,0
123553,7,2,4,3,1,3,1,0
123554,6,2,4,3,0,4,1,0
123555,6,1,4,4,1,4,1,0
123556,7,1,4,2,0,3,1,0
123558,6,2,4,4,0,4,1,0
123559,6,2,4,NULL,1,3,1,1
123560,8,2,4,4,0,3,1,0
123561,7,1,4,4,0,3,1,0
123562,6,2,4,4,1,3,1,0
123564,7,1,4,4,1,3,1,0
123565,6,2,4,4,0,4,1,0
123566,7,2,4,3,0,3,1,0
123567,6,1,4,NULL,0,3,1,1
123568,7,2,4,3,0,3,1,0
123569,9,1,6,4,0,3,1,0
123570,9,1,6,4,0,4,1,0
123573,9,2,6,NULL,1,2,0,1
123574,7,1,5,4,0,3,1,0
123575,9,1,6,3,1,3,1,0
123576,7,1,5,4,0,3,1,0
123577,7,1,5,4,0,4,1,0
123579,8,1,5,NULL,1,4,1,1
123580,8,2,5,4,0,2,0,0
123581,7,1,5,4,0,3,1,0
123582,7,1,5,4,1,3,1,0
123583,8,1,5,NULL,0,3,1,1
123584,8,2,5,3,1,3,1,0
123585,7,1,5,2,0,2,0,0
123586,8,2,6,4,0,4,1,0
123589,7,1,5,4,1,4,1,0
123590,8,2,5,NULL,0,2,0,1
123591,9,1,7,3,0,4,1,0
123593,7,1,5,3,1,2,0,0
123594,8,2,6,4,0,4,1,0
123596,8,1,5,4,0,4,1,0
123600,8,2,5,4,0,4,1,0
123601,8,2,5,NULL,0,3,1,1
123602,9,1,6,3,0,3,1,0
123603,10,1,7,4,0,3,1,0
123604,9,1,6,4,0,4,1,0
123605,9,1,6,3,0,4,1,0
123606,9,1,6,3,0,4,1,0
123607,8,1,6,4,0,4,1,0
123608,9,2,6,4,0,4,1,0
123610,9,2,6,3,0,3,1,0
123612,9,1,6,NULL,0,2,0,1
123613,8,1,6,3,0,2,0,0
123614,8,1,6,4,0,4,1,0
123615,9,2,6,3,0,3,1,0
123616,8,1,6,3,0,4,1,0
123617,8,1,6,3,1,3,1,0
123618,9,1,6,4,0,4,1,0
123619,9,2,6,3,1,2,0,0
123620,9,1,6,3,0,3,1,0
123621,9,1,6,3,0,4,1,0
123622,9,1,6,4,1,4,1,0
123623,9,2,6,2,0,3,1,0
123625,9,1,6,4,0,4,1,0
123626,9,2,6,4,0,4,1,0
123627,8,1,6,4,0,3,1,0
123628,8,1,6,4,0,2,0,0
123629,8,1,6,4,0,3,1,0
123630,8,1,6,NULL,0,4,1,1
123631,9,1,6,NULL,1,3,1,1
123632,8,2,6,NULL,0,4,1,1
123633,8,2,6,3,0,3,1,0
123634,9,1,6,4,1,4,1,0
123636,9,1,6,4,0,4,1,0
123637,8,1,6,NULL,1,2,0,1
123638,8,2,6,2,0,3,1,0
123639,9,2,7,4,0,4,1,0
123640,9,2,7,NULL,1,2,0,1
123641,9,1,7,NULL,1,2,0,1
123642,9,2,7,4,0,4,1,0
123643,9,1,7,NULL,1,2,0,1
123644,9,2,7,4,0,3,1,0
123645,9,1,7,4,0,3,1,0
123646,9,2,7,3,1,3,1,0
123647,10,1,7,NULL,0,3,1,1
123648,10,2,7,NULL,0,2,0,1
123649,10,2,7,4,0,4,1,0
123650,10,1,7,4,0,4,1,0
123651,9,1,7,4,0,3,1,0
123652,9,2,7,4,0,3,1,0
123653,9,1,7,4,0,4,1,0
123654,9,2,7,4,0,4,1,0
123655,9,2,7,3,0,4,1,0
123657,9,1,7,4,0,3,1,0
123658,9,1,7,4,0,4,1,0
123660,9,1,7,4,0,4,1,0
123664,9,1,7,4,0,3,1,0
123666,10,1,7,NULL,0,2,0,1
123667,9,2,7,NULL,0,2,0,1
123669,1,2,7,1,1,3,1,0
123670,9,2,7,4,1,4,1,0
123671,4,2,1,3,0,4,1,0
123672,3,2,1,4,1,4,1,0
123673,5,1,1,4,0,4,1,0
123674,4,2,1,4,0,3,1,0
123675,3,2,1,4,0,3,1,0
123678,3,2,1,4,0,4,1,0
123679,4,1,1,4,0,4,1,0
123680,4,2,1,4,0,3,1,0
123682,3,2,1,4,0,4,1,0
123684,4,1,1,4,1,2,0,0
123685,3,2,1,4,0,4,1,0
123687,3,1,1,3,0,3,1,0
123688,3,2,1,4,0,3,1,0
123689,3,2,1,3,1,3,1,0
123692,5,2,2,3,0,4,1,0
123694,4,1,2,4,0,2,0,0
123695,4,2,2,NULL,0,3,1,1
123696,4,2,2,4,0,3,1,0
123697,4,2,2,4,0,4,1,0
123698,4,2,2,4,0,4,1,0
123699,5,2,2,4,0,3,1,0
123700,5,2,2,4,0,3,1,0
123701,5,2,2,4,0,4,1,0
123703,5,2,2,4,0,3,1,0
123704,5,1,2,4,0,3,1,0
123706,5,2,2,3,0,3,1,0
123707,5,1,2,3,1,3,1,0
123708,4,1,2,3,0,2,0,0
123709,5,2,3,4,0,4,1,0
123714,5,2,3,3,0,2,0,0
123715,6,1,3,4,0,4,1,0
123716,6,2,3,4,1,3,1,0
123717,5,1,3,4,0,4,1,0
123718,5,2,3,4,0,3,1,0
123719,5,1,3,4,0,4,1,0
123720,6,1,3,4,0,2,0,0
123722,6,1,3,4,0,3,1,0
123723,5,2,2,3,0,3,1,0
123724,4,1,2,4,0,3,1,0
123725,5,1,2,3,0,3,1,0
123726,4,2,2,4,0,4,1,0
123727,5,2,2,4,0,3,1,0
123728,5,2,2,4,0,4,1,0
123730,4,2,2,4,0,3,1,0
123731,4,2,2,3,1,3,1,0
123732,5,2,2,4,0,3,1,0
123733,4,2,2,4,1,3,1,0
123735,5,1,2,4,0,3,1,0
123737,5,1,3,3,0,3,1,0
123739,5,1,3,4,0,3,1,0
123740,5,1,3,4,0,4,1,0
123745,5,1,3,4,0,4,1,0
123746,6,2,3,3,0,3,1,0
123748,5,1,3,3,0,4,1,0
123749,6,1,3,4,0,4,1,0
123750,4,1,2,4,0,3,1,0
123752,4,1,2,4,0,2,0,0
123753,4,2,2,4,0,4,1,0
123754,4,2,2,4,0,3,1,0
123755,4,2,2,NULL,1,2,0,1
123756,5,1,2,4,1,4,1,0
123757,5,2,2,NULL,1,2,0,1
123758,5,2,2,NULL,1,4,1,1
123759,5,1,2,4,0,2,0,0
123760,4,1,2,4,1,2,0,0
123762,4,2,2,2,1,4,1,0
123764,4,1,2,NULL,1,4,1,1
123765,4,2,2,4,0,4,1,0
123767,5,2,3,4,0,3,1,0
123768,5,1,3,4,0,4,1,0
123769,6,2,3,2,1,3,1,0
123770,5,1,3,4,0,3,1,0
123771,6,2,3,4,0,3,1,0
123772,5,2,3,NULL,1,2,0,1
123773,6,1,3,3,0,2,0,0
123774,5,2,3,4,0,4,1,0
123775,5,1,3,4,0,3,1,0
123776,5,1,3,4,1,3,1,0
123777,3,1,1,4,0,4,1,0
123778,3,2,1,4,0,4,1,0
123779,3,1,1,4,0,4,1,0
123780,4,2,1,4,0,4,1,0
123781,4,1,1,3,0,4,1,0
123783,4,2,1,4,0,4,1,0
123784,3,1,1,4,0,4,1,0
123785,4,1,1,4,1,4,1,0
123786,4,1,1,2,0,2,0,0
123787,4,1,1,4,1,4,1,0
123788,3,2,1,4,0,4,1,0
123789,4,1,1,3,0,2,0,0
123790,3,1,1,3,0,4,1,0
123791,4,1,1,3,0,4,1,0
123792,4,1,1,4,0,4,1,0
123793,3,2,1,4,0,4,1,0
123794,4,1,1,4,1,3,1,0
123795,3,2,1,4,0,4,1,0
123796,3,1,1,4,0,3,1,0
123797,3,2,1,4,0,4,1,0
123798,3,2,1,4,0,4,1,0
123799,4,2,1,4,0,4,1,0
123800,3,2,1,3,0,4,1,0
123801,4,2,1,3,0,3,1,0
123802,3,1,1,NULL,1,3,1,1
123803,3,2,1,4,0,3,1,0
123804,4,1,1,4,0,4,1,0
123806,4,1,1,4,0,4,1,0
123807,4,2,1,4,1,3,1,0
123808,4,1,1,4,1,2,0,0
123809,3,1,1,4,0,4,1,0
123810,4,1,1,3,1,3,1,0
123811,5,2,2,4,0,4,1,0
123812,5,1,2,4,1,3,1,0
123813,5,2,2,4,0,4,1,0
123814,4,2,2,NULL,0,3,1,1
123815,5,1,2,4,0,4,1,0
123816,5,1,2,4,0,3,1,0
123817,5,2,2,4,0,4,1,0
123818,5,1,2,4,0,2,0,0
123819,4,1,2,4,0,3,1,0
123820,5,2,2,4,1,2,0,0
123821,5,1,2,4,0,3,1,0
123822,4,1,2,4,0,3,1,0
123823,5,2,2,4,0,4,1,0
123825,4,2,2,4,0,4,1,0
123826,4,2,2,3,0,3,1,0
123827,4,1,2,4,1,3,1,0
123828,4,2,2,4,0,4,1,0
123829,5,2,2,4,0,4,1,0
123830,4,1,2,4,0,3,1,0
123831,5,1,2,4,0,4,1,0
123832,5,1,2,4,0,4,1,0
123833,5,2,2,4,0,2,0,0
123834,5,2,2,2,1,3,1,0
123836,5,2,2,3,1,3,1,0
123837,4,2,2,2,1,3,1,0
123838,5,1,2,4,0,4,1,0
123839,4,1,2,4,0,4,1,0
123840,5,2,2,4,0,4,1,0
123841,5,1,2,4,0,4,1,0
123842,4,2,2,4,0,4,1,0
123843,4,1,2,4,0,4,1,0
123844,5,1,2,3,0,3,1,0
123845,4,2,2,3,0,3,1,0
123846,5,1,2,NULL,0,3,1,1
123847,5,1,2,4,0,4,1,0
123848,4,2,2,2,1,2,0,0
123849,6,1,3,NULL,1,3,1,1
123850,6,1,3,4,0,3,1,0
123851,6,2,3,3,0,4,1,0
123852,6,2,3,3,1,2,0,0
123853,6,2,3,4,0,4,1,0
123854,5,2,3,NULL,0,2,0,1
123855,6,1,3,2,1,4,1,0
123857,6,2,3,3,0,3,1,0
123858,5,2,3,4,0,3,1,0
123859,5,1,3,3,0,2,0,0
123860,6,2,3,2,0,3,1,0
123861,6,2,3,4,0,4,1,0
123862,6,2,3,4,1,2,0,0
123863,6,1,3,4,0,3,1,0
123864,5,2,3,4,1,3,1,0
123865,6,1,3,4,0,4,1,0
123866,5,2,3,4,0,4,1,0
123867,6,1,3,NULL,1,4,1,1
123868,6,1,3,4,0,4,1,0
123869,5,2,3,4,0,4,1,0
123870,6,2,3,4,0,4,1,0
123871,6,2,3,NULL,0,3,1,1
123872,6,2,3,4,0,4,1,0
123873,6,1,3,4,0,4,1,0
123874,6,2,3,NULL,1,2,0,1
123875,6,1,3,4,0,2,0,0
123876,5,2,3,NULL,1,4,1,1
123877,5,1,3,4,0,3,1,0
123878,5,2,3,4,1,3,1,0
123879,6,2,3,4,0,4,1,0
123880,6,1,3,4,0,4,1,0
123881,5,1,3,4,1,3,1,0
123882,5,2,3,NULL,1,2,0,1
123883,5,2,3,3,0,3,1,0
123885,5,2,3,4,0,4,1,0
123886,7,2,4,4,1,4,1,0
123887,6,2,4,3,0,3,1,0
123888,7,1,4,4,1,3,1,0
123889,6,2,4,NULL,0,3,1,1
123890,6,2,4,3,0,3,1,0
123891,6,1,4,3,0,3,1,0
123892,6,1,4,4,1,4,1,0
123894,6,1,4,4,1,4,1,0
123895,7,1,4,4,0,3,1,0
123896,6,1,4,4,0,3,1,0
123898,6,1,4,4,0,4,1,0
123899,7,1,4,NULL,0,3,1,1
123900,7,2,4,4,0,2,0,0
123901,7,1,4,4,0,3,1,0
123903,7,2,4,4,0,2,0,0
123904,6,1,4,4,0,4,1,0
123906,6,1,4,4,0,3,1,0
123907,6,1,4,4,0,4,1,0
123908,7,1,4,3,0,3,1,0
123909,6,2,4,4,0,3,1,0
123910,6,1,4,NULL,0,3,1,1
123912,6,2,4,4,0,3,1,0
123913,6,1,4,NULL,0,4,1,1
123914,6,1,4,2,1,1,0,0
123915,7,2,4,4,0,3,1,0
123917,6,1,4,3,0,3,1,0
123918,7,1,4,4,0,4,1,0
123919,6,2,4,4,0,3,1,0
123921,6,1,4,3,0,1,0,0
123923,7,1,4,4,0,3,1,0
123924,6,2,4,4,1,4,1,0
123925,7,2,4,3,0,3,1,0
123926,6,2,4,NULL,1,3,1,1
123927,7,2,4,NULL,1,3,1,1
123928,6,2,4,3,0,2,0,0
123929,6,1,4,4,0,3,1,0
123930,6,2,4,4,0,4,1,0
123931,6,1,4,4,0,4,1,0
123932,7,2,4,4,0,4,1,0
123933,7,1,4,NULL,0,1,0,1
123934,7,2,4,3,0,2,0,0
123935,8,2,4,2,1,2,0,0
123936,7,2,4,NULL,0,4,1,1
123937,7,2,4,4,0,4,1,0
123938,7,1,4,4,0,4,1,0
123939,7,1,4,4,0,4,1,0
123940,7,1,4,3,1,3,1,0
123941,6,1,4,4,0,3,1,0
123942,8,2,4,NULL,0,2,0,1
123943,6,2,4,4,0,3,1,0
123944,7,1,4,3,1,3,1,0
123945,7,2,4,3,1,4,1,0
123946,9,2,4,NULL,1,3,1,1
123947,7,1,5,4,0,2,0,0
123948,8,1,5,3,1,2,0,0
123949,8,2,5,4,0,4,1,0
123950,8,1,5,NULL,0,2,0,1
123951,8,1,5,2,1,4,1,0
123952,8,1,5,3,0,3,1,0
123953,8,1,5,3,0,1,0,0
123954,8,1,6,NULL,0,4,1,1
123955,8,2,5,NULL,1,2,0,1
123956,8,2,5,3,0,2,0,0
123957,8,2,5,NULL,0,3,1,1
123958,7,1,5,3,0,4,1,0
123959,7,2,5,NULL,0,3,1,1
123960,10,2,7,4,1,3,1,0
123961,9,2,6,NULL,1,4,1,1
123962,8,1,6,4,0,4,1,0
123963,9,2,6,NULL,1,3,1,1
123964,9,1,6,3,0,3,1,0
123965,8,1,6,4,0,4,1,0
123966,9,1,6,4,0,4,1,0
123967,10,1,6,NULL,1,3,1,1
123968,9,2,6,4,1,3,1,0
123969,9,1,6,4,1,3,1,0
123970,8,2,6,3,1,3,1,0
123971,8,1,6,NULL,0,2,0,1
123972,8,2,6,3,0,3,1,0
123973,9,2,6,NULL,1,4,1,1
123974,9,2,6,4,0,4,1,0
123975,8,1,6,NULL,0,2,0,1
123976,8,1,6,NULL,1,2,0,1
123977,9,1,7,4,0,3,1,0
123978,9,2,7,NULL,1,3,1,1
123979,9,1,7,NULL,0,3,1,1
123983,10,1,7,4,1,3,1,0
123986,6,1,4,3,0,3,1,0
123987,7,1,4,4,0,4,1,0
123988,6,1,4,4,0,4,1,0
123989,6,2,4,4,0,3,1,0
123990,6,1,4,4,0,3,1,0
123992,6,2,4,4,0,3,1,0
123993,6,2,4,4,0,3,1,0
123994,6,2,4,4,1,3,1,0
123995,6,2,4,4,0,3,1,0
123996,6,2,4,4,0,3,1,0
123997,7,1,4,2,0,4,1,0
123998,6,1,4,4,0,4,1,0
123999,6,1,4,4,0,4,1,0
124000,6,1,4,4,0,3,1,0
124001,6,1,4,4,0,4,1,0
124002,6,1,4,4,0,4,1,0
124003,6,1,4,4,0,2,0,0
124005,6,1,4,4,1,4,1,0
124006,6,2,4,3,0,3,1,0
124007,6,2,4,3,0,3,1,0
124008,6,1,4,4,0,4,1,0
124009,6,2,4,4,0,4,1,0
124010,7,1,4,4,0,3,1,0
124011,6,1,4,4,1,3,1,0
124012,7,1,4,3,0,3,1,0
124013,6,1,4,4,0,3,1,0
124015,9,1,7,4,1,4,1,0
124016,7,1,4,4,0,4,1,0
124017,7,2,4,4,0,3,1,0
124018,6,1,4,4,0,4,1,0
124019,6,1,4,4,1,1,0,0
124020,7,2,4,4,0,4,1,0
124021,7,1,4,2,1,3,1,0
124022,6,1,4,4,0,2,0,0
124023,6,2,4,4,1,3,1,0
124024,7,1,4,4,0,3,1,0
124025,6,2,4,4,1,3,1,0
124026,8,1,4,NULL,1,1,0,1
124027,7,2,5,NULL,1,2,0,1
124028,7,2,5,4,0,3,1,0
124029,8,1,5,NULL,1,4,1,1
124030,7,1,5,4,0,3,1,0
124031,8,2,5,2,0,3,1,0
124032,7,2,5,4,1,3,1,0
124033,7,2,5,3,1,3,1,0
124034,7,2,5,4,1,4,1,0
124035,7,1,5,4,0,4,1,0
124036,7,1,5,3,0,3,1,0
124037,8,2,5,NULL,0,3,1,1
124038,7,1,5,4,0,4,1,0
124039,8,1,5,4,1,4,1,0
124040,7,1,5,NULL,0,3,1,1
124041,8,2,5,3,0,4,1,0
124042,8,1,5,3,1,3,1,0
124043,7,1,5,4,1,4,1,0
124044,7,1,5,3,0,3,1,0
124045,7,1,5,4,0,4,1,0
124046,8,2,6,NULL,1,3,1,1
124047,9,1,5,NULL,0,1,0,1
124048,7,2,5,4,0,3,1,0
124049,7,1,5,NULL,1,3,1,1
124050,7,2,5,NULL,0,3,1,1
124051,9,1,7,4,1,3,1,0
124052,7,1,5,4,1,2,0,0
124053,8,2,5,3,0,3,1,0
124054,7,1,5,4,0,3,1,0
124055,7,1,5,4,0,4,1,0
124056,9,1,5,NULL,1,3,1,1
124057,7,2,5,NULL,1,2,0,1
124058,7,2,5,NULL,1,3,1,1
124059,7,1,5,4,0,3,1,0
124060,7,1,5,NULL,0,4,1,1
124061,7,2,5,3,0,3,1,0
124062,7,1,5,4,0,4,1,0
124063,7,2,5,4,1,3,1,0
124064,3,1,6,NULL,0,1,0,1
124066,7,2,5,4,1,4,1,0
124067,7,1,5,2,0,1,0,0
124068,7,2,5,3,0,4,1,0
124069,8,1,5,3,1,3,1,0
124070,8,2,6,3,0,3,1,0
124071,9,2,6,4,0,4,1,0
124072,8,2,6,4,0,3,1,0
124073,8,2,6,NULL,1,3,1,1
124074,8,2,6,4,0,3,1,0
124075,8,2,6,3,1,3,1,0
124076,8,1,6,4,1,4,1,0
124077,8,2,6,4,1,4,1,0
124079,8,1,6,4,0,2,0,0
124081,8,1,6,NULL,1,2,0,1
124082,8,1,6,2,1,4,1,0
124083,8,2,6,3,0,3,1,0
124084,9,2,6,4,1,4,1,0
124085,8,1,6,4,0,3,1,0
124086,9,1,6,4,0,4,1,0
124087,8,2,6,4,1,3,1,0
124088,11,2,6,4,0,3,1,0
124089,9,2,6,NULL,0,3,1,1
124090,8,2,6,4,0,3,1,0
124091,8,2,6,4,0,4,1,0
124092,9,2,6,4,0,3,1,0
124094,8,2,6,NULL,0,4,1,1
124095,8,2,6,4,0,4,1,0
124096,8,1,6,NULL,0,2,0,1
124097,8,1,6,4,1,1,0,0
124098,8,2,6,NULL,1,4,1,1
124099,8,2,6,2,0,3,1,0
124100,8,2,6,4,0,4,1,0
124101,8,2,6,4,0,4,1,0
124102,8,1,6,4,0,4,1,0
124103,8,2,6,NULL,0,3,1,1
124104,8,1,6,4,1,4,1,0
124105,8,2,6,4,0,4,1,0
124106,8,2,6,NULL,1,2,0,1
124107,8,1,6,4,0,4,1,0
124108,9,2,6,4,0,3,1,0
124109,9,1,6,4,1,3,1,0
124110,8,2,6,4,0,4,1,0
124111,9,2,6,4,0,4,1,0
124112,8,1,6,NULL,0,3,1,1
124113,8,2,6,4,0,4,1,0
124114,8,1,7,3,0,4,1,0
124115,9,1,7,4,0,4,1,0
124116,9,1,7,NULL,1,4,1,1
124117,9,1,7,NULL,0,2,0,1
124118,9,1,7,3,0,2,0,0
124120,10,1,7,3,0,3,1,0
124121,9,1,7,3,1,3,1,0
124122,9,2,7,4,0,4,1,0
124123,9,1,7,4,1,2,0,0
124124,9,2,7,4,0,3,1,0
124125,9,1,7,4,1,4,1,0
124126,9,2,7,NULL,0,3,1,1
124128,9,2,7,4,0,3,1,0
124130,9,2,7,3,0,2,0,0
124131,9,2,7,4,0,2,0,0
124132,10,1,7,4,0,4,1,0
124133,9,1,7,4,0,3,1,0
124134,9,1,7,3,0,3,1,0
124135,9,2,7,3,0,4,1,0
124136,9,1,7,NULL,1,4,1,1
124138,9,2,7,NULL,0,4,1,1
124139,10,1,7,4,0,3,1,0
124140,10,1,7,4,0,4,1,0
124141,9,1,7,4,0,2,0,0
124142,9,1,7,4,1,4,1,0
124143,4,2,1,4,0,4,1,0
124144,3,2,1,4,0,4,1,0
124145,3,1,1,4,0,2,0,0
124146,3,2,1,3,0,3,1,0
124147,3,1,1,3,1,2,0,0
124150,4,1,1,4,0,3,1,0
124151,3,1,1,NULL,0,3,1,1
124154,4,2,1,4,0,4,1,0
124155,3,2,1,3,0,1,0,0
124156,3,2,1,4,0,4,1,0
124157,3,1,1,4,0,4,1,0
124158,3,1,1,4,0,2,0,0
124159,3,2,1,3,0,3,1,0
124160,4,2,1,4,1,3,1,0
124161,3,2,1,4,1,4,1,0
124162,3,2,1,NULL,1,3,1,1
124164,3,1,1,3,1,3,1,0
124166,4,1,1,4,1,4,1,0
124167,4,2,1,4,0,4,1,0
124168,4,2,1,3,1,3,1,0
124169,3,2,1,4,1,4,1,0
124170,4,1,1,4,0,1,0,0
124171,5,1,1,3,1,4,1,0
124172,3,2,1,4,0,1,0,0
124173,4,1,1,4,0,3,1,0
124174,4,1,1,4,1,4,1,0
124175,3,1,1,3,0,2,0,0
124177,4,1,1,3,1,3,1,0
124178,4,1,1,4,0,3,1,0
124179,4,1,1,3,0,2,0,0
124180,3,1,1,NULL,1,4,1,1
124181,5,1,2,4,1,1,0,0
124182,6,1,3,3,0,2,0,0
124183,4,2,2,3,0,1,0,0
124184,5,2,3,4,0,3,1,0
124185,6,2,3,4,0,4,1,0
124187,5,1,3,4,0,3,1,0
124188,11,2,7,NULL,0,4,1,1
124189,6,2,3,3,1,4,1,0
124190,6,2,3,NULL,1,1,0,1
124191,5,2,2,3,0,2,0,0
124192,6,1,2,4,0,4,1,0
124193,6,1,3,4,0,4,1,0
124195,6,1,3,3,0,4,1,0
124196,6,2,3,2,0,2,0,0
124198,4,2,2,1,0,2,0,0
124199,4,2,2,4,0,4,1,0
124202,6,1,3,4,0,3,1,0
124203,6,1,3,4,0,3,1,0
124204,4,2,2,2,1,1,0,0
124205,5,2,3,NULL,1,1,0,1
124206,5,2,3,4,0,4,1,0
124207,4,1,2,4,0,4,1,0
124208,6,1,3,3,0,4,1,0
124209,5,2,2,4,0,4,1,0
124210,6,1,3,3,0,2,0,0
124211,5,2,2,4,0,4,1,0
124212,4,1,2,4,1,4,1,0
124213,4,2,2,3,1,1,0,0
124214,6,1,3,3,1,4,1,0
124216,5,2,3,4,0,4,1,0
124217,5,2,2,4,1,4,1,0
124218,5,2,2,4,0,4,1,0
124219,4,2,2,4,0,2,0,0
124221,6,2,3,4,0,1,0,0
124223,5,1,3,4,0,4,1,0
124224,5,1,3,NULL,1,2,0,1
124225,6,1,3,3,1,1,0,0
124226,5,1,2,3,0,4,1,0
124227,6,1,3,2,1,4,1,0
124229,5,1,2,4,0,4,1,0
124231,7,1,3,4,0,4,1,0
124236,5,2,3,4,1,3,1,0
124240,6,2,3,2,1,1,0,0
124241,5,2,2,4,1,4,1,0
124242,5,2,3,4,0,3,1,0
124243,6,2,3,3,0,4,1,0
124244,6,2,3,4,0,4,1,0
124245,5,1,2,4,0,3,1,0
124246,5,1,3,1,1,1,0,0
124248,4,2,2,4,0,4,1,0
124249,6,2,3,4,0,4,1,0
124250,6,2,3,4,0,3,1,0
124252,4,1,2,4,1,4,1,0
124254,5,2,3,4,0,3,1,0
124255,5,1,3,4,0,4,1,0
124256,4,2,2,4,0,4,1,0
124257,5,2,3,4,0,3,1,0
124258,5,1,3,4,0,1,0,0
124259,5,2,3,4,0,4,1,0
124262,6,2,3,4,0,1,0,0
124264,4,2,2,4,0,4,1,0
124265,5,2,3,4,1,3,1,0
124266,6,1,3,4,0,4,1,0
124267,4,2,2,4,0,3,1,0
124269,5,1,3,4,1,3,1,0
124270,4,1,2,4,0,2,0,0
124272,6,2,2,4,0,3,1,0
124273,5,2,3,4,0,3,1,0
124274,6,1,3,4,0,3,1,0
124276,4,1,2,4,0,4,1,0
124277,4,1,1,4,1,3,1,0
124278,4,1,1,4,0,3,1,0
124279,3,2,1,4,1,4,1,0
124280,3,2,1,4,0,4,1,0
124281,5,2,1,4,1,4,1,0
124282,3,1,1,NULL,1,2,0,1
124283,4,2,1,4,0,4,1,0
124284,4,1,1,4,0,4,1,0
124285,4,1,1,4,0,3,1,0
124286,4,1,1,4,0,4,1,0
124287,4,2,1,4,0,4,1,0
124289,4,1,1,4,0,4,1,0
124291,4,1,1,4,1,1,0,0
124292,4,1,1,4,0,3,1,0
124293,3,1,1,4,0,4,1,0
124294,4,2,1,4,0,3,1,0
124295,4,1,1,NULL,1,2,0,1
124297,3,1,1,4,0,4,1,0
124298,4,1,1,4,1,2,0,0
124299,3,1,1,4,0,4,1,0
124300,4,2,1,4,0,4,1,0
124301,4,1,1,4,1,3,1,0
124302,4,2,1,3,1,3,1,0
124303,3,2,1,4,0,4,1,0
124304,4,1,1,4,0,3,1,0
124305,4,2,1,4,0,4,1,0
124306,4,2,1,3,1,3,1,0
124307,3,2,1,3,0,2,0,0
124308,3,1,1,4,0,1,0,0
124309,3,2,1,4,0,3,1,0
124310,3,2,1,4,0,1,0,0
124311,4,1,1,3,0,3,1,0
124312,3,2,1,3,1,2,0,0
124313,4,1,1,4,0,4,1,0
124314,3,2,1,4,1,4,1,0
124315,3,1,1,4,1,3,1,0
124316,6,2,4,NULL,0,3,1,1
124317,7,2,4,4,0,3,1,0
124318,7,2,4,3,1,3,1,0
124319,7,1,5,3,1,2,0,0
124320,6,2,4,NULL,1,2,0,1
124321,6,2,4,3,0,2,0,0
124322,6,2,4,NULL,0,3,1,1
124323,7,2,4,NULL,1,4,1,1
124324,7,1,4,4,0,4,1,0
124325,7,2,4,4,0,4,1,0
124326,7,2,4,2,0,3,1,0
124327,7,2,4,4,1,2,0,0
124328,6,2,4,NULL,1,3,1,1
124329,6,2,4,2,0,3,1,0
124330,7,1,4,4,0,4,1,0
124332,7,2,4,NULL,0,3,1,1
124333,7,1,4,4,1,3,1,0
124334,6,2,4,4,0,4,1,0
124335,7,2,4,NULL,0,3,1,1
124336,7,1,4,4,0,4,1,0
124337,7,2,4,NULL,0,4,1,1
124338,7,1,4,4,0,4,1,0
124339,7,2,4,4,0,4,1,0
124340,7,1,4,4,0,4,1,0
124341,6,1,4,4,0,3,1,0
124342,6,1,4,NULL,1,3,1,1
124343,8,1,4,4,1,3,1,0
124344,6,1,4,1,0,2,0,0
124345,6,2,4,NULL,1,4,1,1
124346,6,1,4,3,0,2,0,0
124347,7,2,4,NULL,0,3,1,1
124348,7,2,4,4,0,3,1,0
124350,6,1,4,4,0,4,1,0
124351,7,2,4,4,0,3,1,0
124352,7,1,4,2,0,3,1,0
124353,7,1,4,4,0,4,1,0
124354,7,1,4,3,0,3,1,0
124355,7,2,4,4,1,3,1,0
124356,7,1,4,4,0,4,1,0
124357,6,1,4,3,0,2,0,0
124358,6,1,4,NULL,1,2,0,1
124359,6,1,4,3,1,3,1,0
124360,7,1,4,3,0,4,1,0
124361,7,2,4,4,0,3,1,0
124362,7,1,4,3,0,3,1,0
124363,8,1,5,NULL,1,3,1,1
124364,7,2,5,4,0,3,1,0
124365,10,2,7,2,1,3,1,0
124368,8,2,5,4,0,4,1,0
124370,7,1,5,4,1,3,1,0
124371,9,2,5,NULL,0,4,1,1
124372,8,2,5,4,0,3,1,0
124373,7,2,5,4,0,3,1,0
124374,7,1,5,4,0,3,1,0
124375,8,1,5,4,0,2,0,0
124376,8,1,5,4,1,2,0,0
124377,7,1,5,3,0,2,0,0
124381,7,2,5,4,0,3,1,0
124382,8,1,5,3,1,4,1,0
124383,9,2,6,4,0,3,1,0
124384,8,1,5,4,0,3,1,0
124385,8,1,5,4,1,4,1,0
124386,8,1,5,4,0,4,1,0
124387,9,1,6,3,1,4,1,0
124388,8,2,5,3,0,4,1,0
124389,7,1,5,4,0,4,1,0
124390,8,2,5,4,0,4,1,0
124391,8,1,5,3,0,3,1,0
124392,7,2,5,4,0,3,1,0
124394,9,1,5,4,0,2,0,0
124395,8,2,5,NULL,0,3,1,1
124396,8,2,5,3,0,1,0,0
124397,8,2,5,4,0,3,1,0
124398,8,1,5,NULL,1,1,0,1
124399,7,1,5,4,1,3,1,0
124400,8,2,5,NULL,0,3,1,1
124401,7,1,5,4,0,3,1,0
124402,7,2,5,NULL,1,2,0,1
124403,9,2,5,2,1,4,1,0
124405,8,2,5,4,0,2,0,0
124406,7,2,5,2,0,3,1,0
124407,7,1,5,3,1,3,1,0
124408,8,1,6,4,0,3,1,0
124409,9,1,6,4,0,4,1,0
124410,8,1,6,4,1,3,1,0
124411,8,1,6,4,0,3,1,0
124413,9,2,6,NULL,1,4,1,1
124414,9,1,6,4,0,4,1,0
124416,8,1,6,3,0,1,0,0
124417,8,1,6,4,0,2,0,0
124418,9,2,6,NULL,1,4,1,1
124420,8,2,6,3,0,3,1,0
124421,9,1,6,4,0,3,1,0
124423,9,2,6,NULL,1,1,0,1
124424,9,2,6,NULL,0,4,1,1
124425,8,2,6,3,0,3,1,0
124426,8,2,6,4,0,4,1,0
124427,9,1,6,4,0,3,1,0
124428,8,1,6,4,0,4,1,0
124429,9,2,6,4,0,3,1,0
124430,9,2,6,4,1,4,1,0
124431,9,1,6,NULL,1,3,1,1
124432,9,1,6,NULL,1,2,0,1
124433,8,2,6,3,0,3,1,0
124434,8,1,6,4,1,2,0,0
124435,8,1,6,4,1,4,1,0
124436,10,2,7,NULL,0,2,0,1
124437,9,2,6,NULL,1,3,1,1
124438,8,1,6,4,0,4,1,0
124439,9,2,6,2,0,4,1,0
124440,9,2,6,4,0,3,1,0
124441,8,1,6,4,0,3,1,0
124442,10,1,7,4,0,4,1,0
124443,9,1,6,3,0,4,1,0
124444,9,1,6,4,0,3,1,0
124445,8,1,6,4,0,3,1,0
124446,9,1,6,NULL,0,4,1,1
124447,9,2,6,4,1,3,1,0
124448,9,2,6,NULL,1,3,1,1
124449,10,2,7,4,0,4,1,0
124450,9,2,6,3,0,4,1,0
124453,9,1,7,3,0,2,0,0
124454,10,2,7,NULL,0,2,0,1
124455,10,2,7,3,0,4,1,0
124456,10,1,7,NULL,0,3,1,1
124457,10,2,7,4,0,4,1,0
124458,10,2,7,4,0,3,1,0
124459,9,1,7,4,0,3,1,0
124460,10,1,7,NULL,1,3,1,1
124461,10,1,7,3,0,3,1,0
124462,9,2,7,3,0,4,1,0
124463,9,2,7,4,1,4,1,0
124464,10,1,7,4,1,4,1,0
124465,9,1,7,4,0,4,1,0
124466,9,2,7,4,1,3,1,0
124467,10,2,7,3,1,4,1,0
124468,10,2,7,NULL,0,2,0,1
124469,10,2,7,NULL,1,2,0,1
124470,10,2,7,3,0,3,1,0
124471,10,2,7,NULL,1,3,1,1
124472,10,1,7,NULL,0,3,1,1
124473,10,2,7,3,0,2,0,0
124474,9,2,7,3,0,3,1,0
124475,10,1,7,NULL,0,3,1,1
124476,10,2,7,NULL,0,3,1,1
124477,10,1,7,NULL,0,4,1,1
124478,10,2,7,NULL,0,3,1,1
124479,10,1,7,3,0,3,1,0
124480,8,1,7,3,0,2,0,0
124481,9,1,7,4,0,3,1,0
124482,10,1,7,4,0,2,0,0
124483,10,1,7,NULL,1,2,0,1
124484,9,1,7,4,0,4,1,0
124485,10,1,7,3,0,3,1,0
124486,10,2,7,4,0,4,1,0
124487,10,1,7,NULL,1,3,1,1
124488,10,2,7,NULL,1,3,1,1
124489,10,1,7,4,1,3,1,0
124490,10,2,7,4,0,4,1,0
124491,10,2,7,NULL,1,3,1,1
124492,10,2,7,NULL,0,3,1,1
124493,10,2,7,NULL,0,3,1,1
124494,10,2,7,4,0,3,1,0
124495,9,2,7,NULL,0,3,1,1
124496,10,1,7,NULL,0,4,1,1
124497,9,2,7,2,0,4,1,0
124498,9,1,7,NULL,0,4,1,1
124499,10,2,7,4,0,4,1,0
124500,10,1,7,NULL,0,4,1,1
124501,10,2,7,NULL,0,4,1,1
124502,10,2,7,4,1,2,0,0
124503,10,1,7,NULL,1,2,0,1
124504,9,2,7,4,1,3,1,0
124505,10,2,7,4,0,4,1,0
124506,10,1,7,3,0,3,1,0
124507,4,2,1,2,1,1,0,0
124508,3,2,1,4,1,4,1,0
124509,3,2,1,3,1,2,0,0
124510,5,1,2,4,0,3,1,0
124511,4,1,1,3,1,2,0,0
124512,4,2,1,4,0,4,1,0
124513,4,1,1,3,1,3,1,0
124514,3,2,1,4,0,4,1,0
124515,5,1,2,4,0,4,1,0
124516,4,1,1,NULL,1,3,1,1
124517,5,2,2,NULL,0,2,0,1
124518,4,2,1,NULL,1,3,1,1
124519,4,2,1,4,0,4,1,0
124520,3,1,1,4,0,4,1,0
124521,3,2,1,4,0,3,1,0
124522,4,2,2,3,0,2,0,0
124523,4,1,1,NULL,1,1,0,1
124524,4,2,1,3,1,2,0,0
124525,4,1,1,4,0,4,1,0
124526,4,1,1,4,0,4,1,0
124527,5,2,2,4,0,3,1,0
124528,3,2,1,2,1,4,1,0
124529,4,1,1,3,1,3,1,0
124530,4,1,1,4,0,3,1,0
124531,3,2,1,3,0,3,1,0
124532,5,1,2,4,0,2,0,0
124533,4,1,2,4,0,3,1,0
124535,5,1,2,4,0,2,0,0
124536,6,2,3,4,0,4,1,0
124537,5,2,2,4,1,3,1,0
124538,5,1,3,3,1,4,1,0
124539,6,1,3,3,1,3,1,0
124540,4,2,2,4,0,3,1,0
124541,5,2,2,4,0,3,1,0
124542,5,1,2,4,1,4,1,0
124543,6,2,3,3,0,4,1,0
124544,4,2,2,2,0,2,0,0
124545,6,1,3,4,1,4,1,0
124547,5,2,2,4,0,3,1,0
124548,7,1,3,2,0,4,1,0
124549,6,2,3,4,0,4,1,0
124551,5,2,2,4,0,4,1,0
124552,5,2,2,2,0,4,1,0
124553,5,1,3,4,0,3,1,0
124554,4,2,2,4,0,3,1,0
124555,5,1,2,4,0,4,1,0
124556,5,1,2,4,0,2,0,0
124558,5,2,3,4,0,3,1,0
124559,5,2,3,2,1,3,1,0
124560,7,1,4,4,0,3,1,0
124561,4,1,2,4,0,4,1,0
124562,4,1,2,4,0,3,1,0
124563,5,2,2,4,1,4,1,0
124564,5,2,3,NULL,0,3,1,1
124565,5,2,3,4,0,4,1,0
124566,6,2,3,3,0,3,1,0
124567,5,2,3,4,1,3,1,0
124568,6,2,3,4,0,4,1,0
124569,5,1,3,4,1,3,1,0
124570,6,1,3,3,1,4,1,0
124571,5,2,3,4,0,4,1,0
124572,5,2,3,NULL,0,3,1,1
124573,5,1,3,4,1,4,1,0
124574,6,1,3,3,0,3,1,0
124575,5,2,3,NULL,1,3,1,1
124576,6,2,3,4,0,4,1,0
124577,5,2,3,4,0,3,1,0
124578,6,2,3,2,1,2,0,0
124579,6,1,3,3,0,2,0,0
124580,5,2,3,4,0,3,1,0
124583,5,2,3,4,0,3,1,0
124584,5,2,3,2,1,4,1,0
124585,6,2,3,4,1,4,1,0
124587,5,2,3,3,0,4,1,0
124588,6,2,3,4,0,4,1,0
124590,7,1,3,4,1,3,1,0
124591,6,2,3,NULL,1,2,0,1
124592,6,1,3,4,0,2,0,0
124593,5,2,3,3,1,4,1,0
124594,6,2,3,4,0,4,1,0
124595,7,1,3,4,0,3,1,0
124596,6,1,3,4,0,4,1,0
124597,5,2,3,4,1,4,1,0
124599,5,2,3,4,1,3,1,0
124600,6,1,3,4,1,3,1,0
124601,5,1,3,4,1,4,1,0
124602,5,2,3,NULL,1,2,0,1
124603,5,2,2,4,0,4,1,0
124606,5,2,3,NULL,0,3,1,1
124607,5,2,2,4,0,3,1,0
124609,5,2,2,3,0,1,0,0
124610,4,2,2,NULL,1,3,1,1
124611,4,1,2,4,0,3,1,0
124612,5,1,2,4,0,4,1,0
124613,5,2,2,2,0,4,1,0
124614,4,1,2,4,0,4,1,0
124615,5,2,3,4,0,3,1,0
124616,5,1,3,3,1,4,1,0
124617,5,2,2,4,0,4,1,0
124618,5,1,2,3,1,2,0,0
124619,5,2,2,3,1,3,1,0
124621,5,1,2,4,0,4,1,0
124622,5,2,2,3,0,3,1,0
124626,4,2,2,4,0,4,1,0
124632,5,2,2,4,0,4,1,0
124633,6,1,2,3,0,2,0,0
124634,4,1,2,4,0,3,1,0
124635,5,2,2,4,1,3,1,0
124641,5,1,2,2,0,4,1,0
124643,5,1,2,NULL,1,3,1,1
124644,5,1,2,4,0,4,1,0
124645,4,2,2,4,0,3,1,0
124646,5,1,2,3,0,3,1,0
124648,4,2,2,4,0,4,1,0
124649,5,1,2,4,0,4,1,0
124650,5,2,2,4,1,4,1,0
124651,5,2,2,3,1,2,0,0
124652,4,1,2,4,0,4,1,0
124653,5,1,2,3,0,3,1,0
124654,5,2,2,3,0,4,1,0
124656,5,2,2,4,1,3,1,0
124657,5,1,2,3,0,4,1,0
124658,5,1,2,4,0,4,1,0
124659,5,2,2,3,0,4,1,0
124660,5,2,2,4,1,4,1,0
124661,5,2,2,4,0,4,1,0
124662,5,1,2,4,1,4,1,0
124663,5,1,2,4,0,4,1,0
124665,7,1,4,4,1,3,1,0
124666,7,2,4,4,0,4,1,0
124668,7,1,4,4,0,4,1,0
124669,7,2,4,NULL,1,3,1,1
124670,7,1,4,NULL,0,3,1,1
124671,6,1,4,4,0,4,1,0
124672,7,1,4,NULL,1,1,0,1
124673,6,2,4,3,1,2,0,0
124674,7,2,4,NULL,0,4,1,1
124675,6,1,4,4,0,1,0,0
124676,7,2,4,NULL,0,2,0,1
124677,6,2,4,3,0,3,1,0
124678,6,1,4,3,1,3,1,0
124680,6,2,4,4,0,3,1,0
124681,6,1,4,3,1,3,1,0
124682,6,2,4,4,0,4,1,0
124683,6,1,4,NULL,0,3,1,1
124684,6,2,4,4,0,3,1,0
124685,7,1,5,4,0,4,1,0
124686,8,1,5,3,1,3,1,0
124687,7,1,5,4,1,4,1,0
124688,8,1,5,NULL,0,3,1,1
124690,8,2,5,NULL,1,3,1,1
124691,8,1,5,NULL,0,2,0,1
124692,7,2,5,NULL,0,2,0,1
124693,7,2,5,NULL,1,3,1,1
124694,7,1,5,3,0,4,1,0
124695,8,1,5,4,0,3,1,0
124696,7,2,5,4,1,3,1,0
124697,9,1,5,4,0,4,1,0
124698,8,2,5,NULL,0,3,1,1
124699,7,2,5,NULL,0,3,1,1
124700,8,1,5,4,0,4,1,0
124701,9,1,5,4,1,2,0,0
124703,7,2,5,3,1,2,0,0
124704,7,2,5,NULL,1,4,1,1
124705,8,2,5,4,0,3,1,0
124708,10,1,6,4,0,4,1,0
124709,8,2,6,4,0,4,1,0
124710,9,1,6,4,0,4,1,0
124711,9,2,6,NULL,1,3,1,1
124713,9,1,6,4,0,1,0,0
124714,9,2,6,4,0,2,0,0
124715,8,2,6,4,1,4,1,0
124716,9,2,6,2,1,3,1,0
124717,8,1,6,3,0,3,1,0
124718,9,2,6,4,0,3,1,0
124719,9,1,6,4,0,3,1,0
124720,9,1,6,NULL,1,2,0,1
124721,8,2,6,4,1,4,1,0
124723,8,1,6,4,0,4,1,0
124724,9,1,6,4,0,4,1,0
124725,10,1,6,NULL,0,2,0,1
124726,9,1,6,4,0,4,1,0
124727,8,2,6,4,0,4,1,0
124728,9,2,6,4,0,3,1,0
124729,9,2,6,NULL,1,2,0,1
124730,9,1,6,4,0,4,1,0
124731,8,2,6,4,0,4,1,0
124732,8,1,6,4,0,2,0,0
124733,10,2,7,4,1,3,1,0
124734,11,1,7,NULL,1,1,0,1
124735,10,1,7,NULL,1,2,0,1
124736,9,1,7,NULL,0,4,1,1
124737,11,1,7,4,0,4,1,0
124738,9,2,7,3,1,3,1,0
124739,10,1,7,NULL,1,2,0,1
124740,9,2,7,3,0,3,1,0
124741,9,2,7,4,1,4,1,0
124742,9,2,7,4,0,3,1,0
124743,9,1,7,NULL,1,2,0,1
124744,9,2,7,4,0,3,1,0
124745,9,2,7,NULL,0,4,1,1
124746,9,2,7,4,0,3,1,0
124747,10,2,7,NULL,0,2,0,1
124748,10,2,7,NULL,0,2,0,1
124749,10,2,7,4,0,4,1,0
124750,10,1,7,4,0,4,1,0
124751,6,1,4,4,0,4,1,0
124752,7,2,4,3,0,3,1,0
124754,7,1,4,3,0,3,1,0
124755,6,1,4,4,0,3,1,0
124756,6,2,4,4,0,3,1,0
124757,7,1,4,NULL,1,3,1,1
124758,7,1,4,NULL,0,4,1,1
124760,7,2,4,4,0,4,1,0
124762,6,2,4,4,0,3,1,0
124763,7,1,4,3,0,2,0,0
124765,7,2,4,4,0,3,1,0
124766,7,1,4,4,0,4,1,0
124767,7,1,4,4,0,3,1,0
124768,6,2,4,4,0,4,1,0
124769,7,2,4,4,0,3,1,0
124770,7,2,4,4,0,3,1,0
124771,6,2,4,4,0,4,1,0
124772,6,1,4,4,0,3,1,0
124773,6,1,4,4,0,4,1,0
124774,6,1,4,4,1,4,1,0
124775,7,1,4,4,0,3,1,0
124776,6,1,4,3,0,3,1,0
124777,6,2,4,4,0,3,1,0
124778,6,1,4,NULL,1,3,1,1
124779,6,2,4,3,0,3,1,0
124781,7,2,4,3,0,3,1,0
124782,6,2,4,NULL,1,2,0,1
124783,6,2,4,4,0,4,1,0
124784,6,2,4,4,0,3,1,0
124785,7,1,4,3,0,3,1,0
124786,6,1,4,4,0,4,1,0
124787,7,1,4,NULL,1,3,1,1
124788,7,1,4,4,0,4,1,0
124789,6,2,4,NULL,1,2,0,1
124790,6,1,4,4,0,3,1,0
124791,7,1,4,2,1,3,1,0
124792,6,2,4,NULL,1,3,1,1
124793,7,2,4,4,0,4,1,0
124794,6,2,4,4,0,3,1,0
124795,7,2,4,2,0,3,1,0
124796,7,2,4,4,0,4,1,0
124798,7,2,4,3,0,3,1,0
124799,7,2,5,4,0,3,1,0
124800,7,2,5,4,0,2,0,0
124801,7,1,5,NULL,0,2,0,1
124802,7,2,5,3,0,4,1,0
124803,8,1,5,4,0,3,1,0
124804,7,2,5,NULL,1,3,1,1
124805,7,2,5,NULL,0,3,1,1
124807,7,1,5,4,0,4,1,0
124808,7,2,5,1,1,3,1,0
124809,7,2,5,4,0,3,1,0
124810,8,2,5,4,0,4,1,0
124811,7,2,5,3,0,3,1,0
124812,7,2,5,2,0,2,0,0
124813,7,1,5,4,0,3,1,0
124814,8,1,5,3,0,4,1,0
124816,1,1,1,4,1,4,1,0
124817,8,2,5,4,0,2,0,0
124818,7,1,5,3,0,3,1,0
124819,7,2,5,3,0,2,0,0
124820,7,2,4,4,0,4,1,0
124821,7,1,5,4,0,3,1,0
124822,7,2,5,3,0,3,1,0
124823,7,1,5,NULL,0,1,0,1
124824,7,2,5,4,0,3,1,0
124825,7,2,5,3,0,3,1,0
124827,8,1,5,4,0,3,1,0
124828,8,1,5,3,0,2,0,0
124829,8,1,5,4,0,3,1,0
124830,8,1,5,4,0,4,1,0
124831,7,2,5,4,0,3,1,0
124832,9,1,6,NULL,0,2,0,1
124834,8,1,6,3,0,3,1,0
124836,8,1,6,3,0,2,0,0
124837,9,2,6,4,0,4,1,0
124838,8,2,6,4,1,4,1,0
124839,9,1,6,4,0,4,1,0
124840,8,1,6,NULL,0,2,0,1
124841,8,2,6,4,0,3,1,0
124842,9,2,7,4,0,3,1,0
124843,9,2,6,4,0,4,1,0
124844,8,2,6,4,0,2,0,0
124845,9,1,6,4,0,3,1,0
124846,9,1,6,4,0,4,1,0
124847,8,1,5,4,0,3,1,0
124848,8,2,6,4,0,3,1,0
124849,8,2,6,4,1,4,1,0
124850,8,1,6,4,0,3,1,0
124851,8,2,6,3,0,3,1,0
124852,9,2,6,NULL,1,2,0,1
124853,9,1,6,4,0,3,1,0
124855,8,2,6,3,0,4,1,0
124856,8,2,6,4,0,3,1,0
124857,8,2,6,NULL,0,3,1,1
124858,8,1,6,NULL,0,2,0,1
124860,8,2,6,4,0,3,1,0
124861,8,2,6,4,0,4,1,0
124862,9,1,6,4,0,3,1,0
124864,8,2,6,4,0,4,1,0
124866,8,2,6,4,0,3,1,0
124867,8,2,6,4,0,1,0,0
124870,8,2,6,3,0,3,1,0
124871,8,1,6,3,0,3,1,0
124872,8,1,6,4,0,3,1,0
124873,8,1,6,4,0,4,1,0
124874,8,1,6,3,0,4,1,0
124875,9,2,7,NULL,0,3,1,1
124876,10,1,7,3,0,2,0,0
124877,9,2,7,4,0,3,1,0
124878,9,1,7,NULL,1,3,1,1
124879,9,1,7,NULL,1,4,1,1
124880,10,2,7,NULL,1,2,0,1
124881,9,1,7,4,0,4,1,0
124882,9,2,7,4,0,3,1,0
124883,9,2,7,4,0,3,1,0
124884,9,1,7,4,0,1,0,0
124885,9,2,7,4,0,3,1,0
124886,10,1,7,3,0,3,1,0
124887,10,2,7,4,1,4,1,0
124888,9,1,7,NULL,0,3,1,1
124889,10,1,7,4,0,2,0,0
124890,10,2,7,4,0,4,1,0
124891,9,1,7,NULL,0,2,0,1
124893,9,1,7,4,0,3,1,0
124894,9,2,7,3,0,3,1,0
124895,9,2,7,NULL,1,2,0,1
124896,10,1,7,4,0,3,1,0
124897,9,2,7,4,0,3,1,0
124898,10,1,7,NULL,0,4,1,1
124899,9,1,7,4,1,4,1,0
124900,10,2,7,4,1,4,1,0
124901,10,1,7,4,0,4,1,0
124902,9,1,7,3,0,3,1,0
124903,10,2,7,4,0,4,1,0
124904,9,1,7,4,0,3,1,0
124905,10,1,7,4,0,4,1,0
124906,10,1,7,4,0,3,1,0
124907,10,2,7,4,1,3,1,0
124908,9,1,7,4,0,2,0,0
124909,9,1,7,4,0,3,1,0
124910,10,1,7,4,0,4,1,0
124911,9,2,7,4,0,3,1,0
124912,9,1,7,4,0,3,1,0
124913,9,2,7,2,0,4,1,0
124916,7,1,4,NULL,1,2,0,1
124917,6,1,4,4,0,3,1,0
124919,6,1,4,4,1,1,0,0
124920,7,2,5,NULL,0,1,0,1
124921,7,1,4,2,0,3,1,0
124922,7,2,4,3,0,4,1,0
124923,6,2,4,3,1,3,1,0
124925,6,2,4,4,1,2,0,0
124926,7,2,4,NULL,1,3,1,1
124927,6,1,4,4,1,4,1,0
124928,6,1,4,4,0,3,1,0
124929,7,1,4,4,0,4,1,0
124930,6,2,4,NULL,1,3,1,1
124932,7,1,4,4,0,4,1,0
124933,6,2,4,NULL,1,3,1,1
124934,7,1,4,4,0,4,1,0
124936,7,2,4,3,1,1,0,0
124937,7,1,4,NULL,1,3,1,1
124938,6,1,4,3,1,3,1,0
124939,5,2,4,4,0,3,1,0
124940,6,1,4,3,1,4,1,0
124942,6,1,4,4,0,4,1,0
124943,6,2,4,NULL,1,4,1,1
124944,7,1,4,NULL,1,2,0,1
124945,6,2,4,4,0,4,1,0
124946,6,1,4,NULL,1,3,1,1
124947,6,1,4,4,0,3,1,0
124948,8,1,5,NULL,0,4,1,1
124949,6,1,4,4,0,2,0,0
124950,6,1,4,4,1,3,1,0
124951,7,2,5,4,1,3,1,0
124953,8,1,5,4,0,2,0,0
124954,7,2,5,4,0,4,1,0
124955,9,1,7,NULL,0,3,1,1
124956,7,1,5,NULL,0,3,1,1
124959,7,2,5,4,0,3,1,0
124960,8,2,5,3,1,2,0,0
124965,9,2,7,4,1,3,1,0
124966,7,1,5,4,0,3,1,0
124971,8,2,5,4,0,4,1,0
124975,8,1,5,2,0,2,0,0
124976,7,2,5,NULL,1,4,1,1
124978,7,2,5,3,1,4,1,0
124979,7,1,5,4,0,2,0,0
124980,8,1,5,NULL,1,3,1,1
124981,7,2,5,4,0,3,1,0
124982,7,2,5,3,1,4,1,0
124983,8,2,5,4,1,4,1,0
124985,7,2,5,NULL,0,4,1,1
124986,8,1,5,NULL,1,3,1,1
124988,7,2,5,NULL,0,4,1,1
124989,8,2,5,4,0,4,1,0
124990,8,2,6,NULL,0,4,1,1
124991,8,1,6,4,0,3,1,0
124992,8,1,6,3,0,3,1,0
124993,8,1,6,4,1,3,1,0
124994,8,2,6,NULL,0,3,1,1
124995,8,2,6,4,1,3,1,0
124996,8,1,6,4,1,3,1,0
124997,8,1,6,NULL,0,2,0,1
124999,9,1,6,NULL,1,2,0,1
125000,8,2,6,NULL,0,4,1,1
125001,8,2,6,4,0,4,1,0
125002,9,2,6,NULL,1,2,0,1
125003,9,1,6,NULL,1,3,1,1
125004,8,2,6,NULL,0,4,1,1
125005,9,2,6,4,1,4,1,0
125006,8,1,6,4,1,3,1,0
125007,8,1,6,4,0,4,1,0
125008,9,1,6,4,1,3,1,0
125009,8,1,6,4,0,4,1,0
125010,9,1,6,NULL,1,4,1,1
125011,9,1,6,NULL,0,4,1,1
125012,8,1,6,4,0,4,1,0
125013,8,1,6,NULL,1,4,1,1
125014,8,1,6,4,0,3,1,0
125015,8,2,6,2,0,3,1,0
125016,8,2,6,NULL,1,4,1,1
125018,9,1,6,4,0,4,1,0
125019,8,2,6,3,1,1,0,0
125020,8,2,6,NULL,1,3,1,1
125021,9,2,6,NULL,1,3,1,1
125022,9,1,7,NULL,0,2,0,1
125026,9,1,7,3,1,3,1,0
125027,9,2,7,NULL,0,2,0,1
125028,9,1,7,NULL,1,4,1,1
125029,9,1,7,4,0,4,1,0
125030,9,1,7,NULL,1,4,1,1
125031,10,2,7,4,0,4,1,0
125032,9,2,7,4,0,4,1,0
125033,9,1,7,4,1,3,1,0
125034,9,1,6,3,1,3,1,0
125037,9,1,7,4,0,3,1,0
125038,9,1,6,4,1,4,1,0
125039,8,2,6,NULL,1,4,1,1
125040,9,1,7,4,1,3,1,0
125041,8,2,6,NULL,1,3,1,1
125042,10,1,7,4,1,4,1,0
125043,9,2,7,4,0,4,1,0
125044,8,2,6,4,0,4,1,0
125045,9,2,6,4,1,4,1,0
125046,8,1,6,4,1,3,1,0
125047,8,1,5,4,1,3,1,0
125048,4,2,2,4,1,3,1,0
125050,4,1,2,3,1,4,1,0
125051,5,1,2,4,0,3,1,0
125052,4,2,2,4,0,4,1,0
125053,5,2,2,3,1,2,0,0
125054,4,1,2,NULL,0,3,1,1
125057,5,2,2,NULL,1,3,1,1
125058,4,2,2,4,0,3,1,0
125059,5,2,2,4,0,4,1,0
125060,5,2,2,NULL,1,3,1,1
125061,4,1,2,4,0,3,1,0
125062,5,1,2,4,0,4,1,0
125063,4,1,2,3,0,4,1,0
125064,4,2,2,4,0,4,1,0
125065,4,1,2,4,0,4,1,0
125066,4,2,2,4,0,3,1,0
125067,5,1,2,3,1,1,0,0
125068,4,1,2,4,0,3,1,0
125069,4,2,2,4,0,4,1,0
125071,4,1,2,3,0,3,1,0
125075,5,1,2,4,1,3,1,0
125076,4,2,2,4,0,3,1,0
125078,4,1,2,4,0,2,0,0
125079,5,1,2,3,1,4,1,0
125080,4,2,2,2,0,3,1,0
125081,5,2,2,2,1,2,0,0
125082,5,2,2,2,0,2,0,0
125083,5,2,2,4,0,4,1,0
125087,4,2,2,4,0,3,1,0
125088,5,1,2,3,0,1,0,0
125089,4,1,2,4,0,3,1,0
125092,5,2,2,3,0,2,0,0
125093,5,2,2,4,1,4,1,0
125095,6,2,3,4,0,3,1,0
125096,6,1,3,3,0,3,1,0
125097,5,2,3,4,0,4,1,0
125099,7,1,3,4,0,3,1,0
125100,5,2,3,4,0,4,1,0
125101,5,2,3,3,0,4,1,0
125102,6,2,3,NULL,1,3,1,1
125103,6,2,3,4,0,3,1,0
125104,6,1,3,3,1,4,1,0
125105,6,2,3,3,1,3,1,0
125106,5,2,3,2,1,3,1,0
125107,5,2,3,NULL,1,2,0,1
125108,5,1,3,4,0,4,1,0
125109,6,1,3,3,0,3,1,0
125110,5,2,3,4,0,3,1,0
125111,5,2,3,3,0,4,1,0
125112,5,1,3,4,0,3,1,0
125115,6,1,3,NULL,0,3,1,1
125116,6,2,3,4,0,3,1,0
125117,5,2,3,4,0,2,0,0
125118,6,1,3,3,0,4,1,0
125119,6,1,3,4,0,3,1,0
125120,5,1,3,4,0,3,1,0
125121,6,1,3,4,1,2,0,0
125123,5,2,3,NULL,0,4,1,1
125124,6,1,3,3,0,2,0,0
125125,6,1,3,4,0,4,1,0
125126,7,1,3,3,1,2,0,0
125127,6,2,3,3,0,4,1,0
125128,6,2,3,3,1,3,1,0
125130,6,2,3,NULL,0,1,0,1
125131,5,2,3,4,0,3,1,0
125132,6,1,3,3,0,1,0,0
125133,5,1,3,4,0,4,1,0
125134,7,2,4,4,0,4,1,0
125135,8,1,4,2,0,3,1,0
125136,8,1,4,4,1,4,1,0
125137,8,2,6,4,0,4,1,0
125138,9,1,7,NULL,0,4,1,1
125139,7,1,4,3,0,1,0,0
125141,7,2,4,NULL,0,3,1,1
125142,6,2,4,4,0,3,1,0
125143,6,2,4,4,0,3,1,0
125144,7,1,4,4,0,2,0,0
125145,6,1,4,NULL,1,1,0,1
125146,7,2,4,4,0,3,1,0
125147,7,1,5,4,0,4,1,0
125148,10,2,7,4,0,1,0,0
125149,6,1,4,4,1,3,1,0
125153,10,2,7,NULL,1,2,0,1
125154,7,1,4,NULL,1,3,1,1
125155,6,1,4,4,1,3,1,0
125156,9,1,7,4,0,4,1,0
125157,9,2,7,NULL,0,4,1,1
125159,10,1,7,3,0,4,1,0
125160,9,1,7,NULL,0,3,1,1
125161,6,1,4,3,0,4,1,0
125162,10,1,7,NULL,1,3,1,1
125163,6,2,4,NULL,1,1,0,1
125164,7,2,4,3,1,3,1,0
125165,6,1,4,4,0,4,1,0
125166,9,1,7,NULL,0,4,1,1
125167,6,2,4,4,0,3,1,0
125168,11,1,7,3,0,3,1,0
125169,9,1,7,NULL,1,4,1,1
125170,7,1,4,NULL,0,2,0,1
125171,7,2,4,NULL,0,3,1,1
125172,7,1,4,3,1,4,1,0
125174,6,1,4,NULL,1,1,0,1
125175,9,1,7,4,0,3,1,0
125177,6,2,4,3,0,2,0,0
125178,7,1,4,4,1,3,1,0
125180,6,1,4,NULL,0,3,1,1
125182,9,2,6,4,0,4,1,0
125183,10,1,7,NULL,0,4,1,1
125184,6,2,4,4,0,4,1,0
125185,6,1,4,4,1,4,1,0
125186,8,2,4,4,0,3,1,0
125187,6,2,4,4,1,4,1,0
125188,7,1,4,4,0,4,1,0
125189,6,2,4,4,0,4,1,0
125190,8,1,6,4,1,2,0,0
125191,6,1,4,NULL,1,4,1,1
125192,10,2,7,4,1,2,0,0
125193,10,1,7,NULL,1,3,1,1
125194,10,2,7,NULL,1,3,1,1
125195,6,2,4,4,0,3,1,0
125196,7,2,4,3,0,3,1,0
125197,8,2,5,3,1,4,1,0
125198,6,2,4,3,1,3,1,0
125199,7,2,4,NULL,0,2,0,1
125201,7,1,4,4,1,1,0,0
125202,6,1,4,NULL,1,2,0,1
125203,8,2,4,3,0,3,1,0
125204,9,1,7,4,0,3,1,0
125205,6,2,4,4,1,3,1,0
125206,7,1,4,4,0,2,0,0
125207,8,2,7,4,1,4,1,0
125208,8,2,6,4,0,3,1,0
125209,6,1,4,4,0,3,1,0
125210,6,2,4,NULL,0,3,1,1
125211,6,2,4,4,0,4,1,0
125212,9,1,7,4,1,4,1,0
125213,9,2,7,4,0,4,1,0
125214,7,1,4,4,0,4,1,0
125217,10,1,7,NULL,0,4,1,1
125218,7,1,4,4,0,4,1,0
125219,6,2,4,3,0,4,1,0
125220,9,1,7,NULL,1,3,1,1
125221,6,2,4,4,0,3,1,0
125222,7,2,4,3,0,1,0,0
125223,6,2,4,4,0,3,1,0
125224,6,1,4,3,0,3,1,0
125226,7,1,4,4,0,4,1,0
125227,6,2,4,4,0,3,1,0
125228,10,1,7,4,0,4,1,0
125229,7,2,4,3,0,4,1,0
125230,6,1,4,3,1,3,1,0
125231,7,2,4,NULL,1,3,1,1
125232,6,1,4,4,1,4,1,0
125233,10,1,7,4,0,4,1,0
125234,7,1,4,4,1,3,1,0
125235,10,1,7,4,0,4,1,0
125236,10,2,7,4,0,4,1,0
125237,7,1,4,4,0,2,0,0
125240,10,2,7,2,0,3,1,0
125241,7,2,4,2,0,3,1,0
125242,6,1,4,4,0,3,1,0
125245,7,2,4,NULL,0,2,0,1
125246,6,2,4,4,0,3,1,0
125247,7,2,4,NULL,0,4,1,0
125250,10,1,6,4,0,3,1,0
125251,7,2,4,3,0,3,1,0
125252,6,2,4,NULL,1,4,1,1
125253,7,1,4,NULL,0,2,0,1
125254,7,2,4,4,0,4,1,0
125255,10,1,6,4,0,4,1,0
125257,6,2,4,4,0,3,1,0
125258,7,1,4,4,1,4,1,0
125259,6,1,4,2,1,3,1,0
125260,6,2,4,4,0,4,1,0
125261,6,2,4,2,0,4,1,0
125262,6,2,4,3,0,4,1,0
125263,7,2,4,NULL,1,3,1,1
125264,6,2,4,4,0,4,1,0
125265,6,2,4,4,0,2,0,0
125266,7,1,4,4,0,3,1,0
125268,6,2,4,NULL,0,3,1,1
125269,6,1,4,3,0,3,1,0
125270,6,2,4,4,0,3,1,0
125271,6,2,4,4,0,4,1,0
125272,6,2,4,3,0,3,1,0
125276,4,2,2,4,0,3,1,0
125277,4,1,2,3,0,3,1,0
125278,5,1,2,3,0,3,1,0
125280,4,1,2,3,0,3,1,0
125281,4,1,2,4,0,3,1,0
125282,4,1,2,4,0,3,1,0
125283,4,1,2,4,0,3,1,0
125285,4,2,2,3,1,3,1,0
125286,4,1,2,4,0,4,1,0
125288,4,2,2,4,0,3,1,0
125292,4,2,2,4,0,4,1,0
125295,5,2,2,3,0,3,1,0
125296,5,2,2,4,0,4,1,0
125298,5,2,2,4,0,3,1,0
125299,4,1,2,4,0,4,1,0
125300,5,1,2,4,0,4,1,0
125301,4,2,2,4,0,4,1,0
125302,4,2,2,4,0,4,1,0
125303,4,2,2,4,0,4,1,0
125304,5,2,2,4,0,3,1,0
125305,4,1,2,4,0,4,1,0
125306,4,2,2,4,0,4,1,0
125307,4,1,2,4,1,2,0,0
125308,4,1,2,4,0,4,1,0
125309,4,1,2,4,0,3,1,0
125310,4,1,2,4,0,4,1,0
125311,5,1,2,4,0,3,1,0
125312,5,2,2,4,0,4,1,0
125313,4,2,2,3,0,3,1,0
125314,4,2,2,4,0,4,1,0
125315,4,2,2,4,0,3,1,0
125316,4,1,2,4,0,3,1,0
125317,4,1,2,4,0,4,1,0
125318,4,1,2,3,0,4,1,0
125319,5,1,2,4,0,3,1,0
125320,5,1,2,4,0,3,1,0
125321,4,1,2,3,1,4,1,0
125322,4,1,2,4,0,3,1,0
125323,4,1,2,3,0,2,0,0
125324,4,2,2,3,0,4,1,0
125325,5,2,3,NULL,1,4,1,1
125326,6,1,3,4,0,4,1,0
125327,5,2,3,4,0,3,1,0
125328,6,2,3,4,0,4,1,0
125332,6,1,3,4,0,4,1,0
125333,7,1,3,4,0,4,1,0
125334,5,1,3,4,0,4,1,0
125335,6,2,3,3,0,3,1,0
125336,6,2,3,4,0,4,1,0
125337,6,1,3,3,0,3,1,0
125338,6,2,3,3,0,3,1,0
125339,5,2,3,4,0,1,0,0
125340,5,2,3,4,1,4,1,0
125344,5,1,3,4,0,4,1,0
125345,6,1,3,4,0,4,1,0
125346,5,2,3,4,1,3,1,0
125347,5,1,3,4,0,4,1,0
125349,6,1,3,4,0,3,1,0
125350,6,1,3,NULL,0,4,1,1
125352,6,1,3,4,0,4,1,0
125353,6,2,3,4,1,4,1,0
125354,5,2,3,4,0,4,1,0
125355,5,1,3,3,0,3,1,0
125356,5,2,3,NULL,1,4,1,1
125357,5,2,3,3,0,4,1,0
125359,5,2,3,4,0,4,1,0
125360,5,1,3,4,0,4,1,0
125361,6,1,3,4,0,4,1,0
125362,5,2,3,4,0,4,1,0
125363,6,2,3,4,0,3,1,0
125364,5,2,3,4,0,3,1,0
125365,7,2,3,4,0,3,1,0
125367,5,2,3,4,0,4,1,0
125368,5,1,3,4,0,3,1,0
125369,5,2,3,3,0,2,0,0
125370,6,1,3,4,0,3,1,0
125371,5,1,3,4,0,4,1,0
125372,6,1,3,4,0,4,1,0
125373,5,1,3,4,0,4,1,0
125374,6,2,3,4,1,4,1,0
125375,5,1,3,4,1,4,1,0
125376,5,2,3,3,0,4,1,0
125377,5,1,3,4,0,4,1,0
125378,5,2,3,4,0,3,1,0
125379,5,1,3,4,0,4,1,0
125380,5,1,3,4,0,4,1,0
125381,5,2,3,3,0,3,1,0
125383,5,2,3,3,0,3,1,0
125384,5,2,3,3,0,2,0,0
125387,5,2,3,4,0,3,1,0
125388,5,1,3,4,0,3,1,0
125390,5,1,3,4,1,4,1,0
125392,6,1,3,4,0,4,1,0
125393,5,2,3,4,0,4,1,0
125394,5,1,3,4,1,4,1,0
125395,5,1,3,4,0,3,1,0
125396,6,1,3,4,0,4,1,0
125397,5,1,3,4,0,3,1,0
125398,6,2,3,4,1,3,1,0
125399,5,2,3,3,0,4,1,0
125400,6,1,3,4,0,3,1,0
125402,4,2,2,3,0,4,1,0
125405,5,1,2,4,0,4,1,0
125406,5,1,2,4,0,2,0,0
125408,4,2,2,4,0,3,1,0
125409,3,2,2,4,1,3,1,0
125410,4,1,2,4,1,3,1,0
125412,5,2,2,2,1,4,1,0
125413,4,1,2,4,0,4,1,0
125414,4,2,2,4,0,3,1,0
125415,4,1,2,3,0,4,1,0
125419,4,2,2,4,0,4,1,0
125421,5,1,3,4,0,3,1,0
125422,5,1,3,4,0,4,1,0
125424,5,1,3,4,0,3,1,0
125425,5,1,3,4,0,4,1,0
125426,6,2,3,4,0,4,1,0
125427,6,2,4,NULL,1,4,1,1
125428,7,2,4,4,1,3,1,0
125429,7,2,4,NULL,1,3,1,1
125430,6,2,4,3,1,3,1,0
125431,7,2,4,NULL,1,3,1,1
125432,7,2,4,NULL,0,4,1,1
125433,6,1,4,NULL,1,3,1,1
125434,7,2,4,4,1,4,1,0
125436,6,1,4,3,0,3,1,0
125437,7,1,4,NULL,0,4,1,1
125438,7,2,4,4,1,3,1,0
125439,7,1,4,4,0,3,1,0
125440,7,1,4,4,0,4,1,0
125441,7,2,4,NULL,1,4,1,1
125442,7,1,4,4,1,4,1,0
125443,7,2,4,4,1,4,1,0
125444,7,2,4,4,1,4,1,0
125445,7,1,4,3,0,3,1,0
125446,7,2,4,4,1,4,1,0
125447,7,2,4,4,1,3,1,0
125448,6,2,4,4,1,1,0,0
125449,6,2,4,4,1,3,1,0
125451,6,2,4,4,0,4,1,0
125452,6,2,4,NULL,1,4,1,1
125453,6,1,4,NULL,0,3,1,1
125454,7,2,4,2,1,4,1,0
125455,7,1,4,3,1,3,1,0
125456,7,1,4,4,0,3,1,0
125457,6,2,4,NULL,1,2,0,1
125458,6,1,4,3,1,3,1,0
125459,6,1,4,4,1,3,1,0
125461,6,2,4,NULL,1,3,1,1
125463,7,2,4,4,0,4,1,0
125465,7,2,4,4,0,3,1,0
125466,7,2,4,NULL,1,3,1,1
125468,7,1,5,4,1,4,1,0
125469,8,2,5,3,0,4,1,0
125470,7,2,5,3,0,3,1,0
125471,7,2,5,3,1,4,1,0
125472,7,2,5,NULL,1,3,1,1
125473,8,1,5,3,1,1,0,0
125474,7,2,5,4,0,3,1,0
125475,7,1,5,4,1,3,1,0
125476,7,1,5,3,0,3,1,0
125477,7,2,5,4,1,4,1,0
125478,8,1,5,NULL,1,3,1,1
125479,7,2,5,4,0,4,1,0
125480,7,2,5,NULL,1,2,0,1
125481,8,2,5,4,0,3,1,0
125482,8,1,5,NULL,1,2,0,1
125483,7,1,5,3,0,4,1,0
125484,7,2,5,NULL,1,4,1,1
125485,7,1,5,NULL,0,3,1,1
125486,7,1,5,4,0,2,0,0
125488,7,1,5,4,0,4,1,0
125489,8,1,6,4,0,4,1,0
125491,7,1,4,4,0,3,1,0
125492,8,2,5,4,1,3,1,0
125493,8,1,5,4,1,3,1,0
125494,7,1,5,NULL,0,3,1,1
125496,7,2,5,4,0,3,1,0
125497,7,2,5,NULL,1,4,1,1
125498,7,2,5,4,1,4,1,0
125499,7,2,5,NULL,1,3,1,1
125500,7,1,5,NULL,1,2,0,1
125501,8,1,5,3,0,3,1,0
125502,9,1,6,4,1,3,1,0
125503,8,2,6,NULL,0,3,1,1
125504,8,1,6,3,0,2,0,0
125505,8,2,6,NULL,1,3,1,1
125506,9,1,6,NULL,1,1,0,1
125507,9,2,6,4,0,3,1,0
125508,8,2,6,3,0,2,0,0
125509,8,2,6,NULL,0,4,1,1
125510,9,2,7,NULL,0,3,1,1
125511,8,1,6,3,0,3,1,0
125512,8,2,6,NULL,1,3,1,1
125514,9,1,6,3,0,4,1,0
125515,10,1,6,4,1,3,1,0
125516,9,2,6,4,0,3,1,0
125517,8,2,6,4,0,2,0,0
125518,8,1,6,NULL,0,1,0,1
125520,8,1,6,NULL,1,3,1,1
125521,8,2,6,4,0,4,1,0
125523,8,2,6,3,0,3,1,0
125525,9,1,6,NULL,1,2,0,1
125526,9,2,6,NULL,1,3,1,1
125528,9,1,6,3,0,1,0,0
125531,8,2,6,3,1,3,1,0
125532,8,1,6,NULL,1,4,1,1
125533,8,2,6,4,1,3,1,0
125534,10,2,7,NULL,0,4,1,1
125535,9,1,7,3,0,3,1,0
125536,10,2,7,NULL,0,3,1,1
125538,9,2,7,NULL,1,2,0,1
125539,10,2,7,NULL,1,4,1,1
125540,10,1,7,4,0,3,1,0
125541,10,2,7,NULL,1,3,1,1
125542,10,2,7,NULL,0,2,0,1
125543,9,1,7,NULL,1,3,1,1
125545,10,2,7,4,0,3,1,0
125546,9,2,7,NULL,0,4,1,1
125547,10,2,7,NULL,1,3,1,1
125548,9,1,7,4,0,3,1,0
125549,9,2,7,3,1,3,1,0
125550,9,2,7,4,0,3,1,0
125551,9,1,7,4,0,3,1,0
125552,9,1,7,NULL,1,4,1,1
125553,9,2,7,NULL,1,2,0,1
125554,10,2,7,2,1,3,1,0
125555,9,1,7,4,0,4,1,0
125556,9,1,7,4,0,3,1,0
125557,8,1,6,2,0,3,1,0
125558,10,2,7,NULL,1,1,0,1
125559,10,2,7,4,1,4,1,0
125560,9,1,7,3,1,2,0,0
125562,10,1,7,4,0,4,1,0
125563,11,1,7,4,1,3,1,0
125564,5,2,1,3,1,1,0,0
125565,5,1,1,NULL,1,1,0,1
125567,4,1,1,4,0,4,1,0
125568,4,1,1,4,1,3,1,0
125569,3,2,1,3,0,4,1,0
125570,3,2,1,3,0,3,1,0
125571,5,2,1,4,0,4,1,0
125572,5,2,1,3,0,3,1,0
125573,4,1,1,3,1,2,0,0
125574,4,2,1,4,1,3,1,0
125575,4,2,1,3,1,3,1,0
125577,5,1,1,4,0,4,1,0
125578,4,2,1,NULL,0,2,0,1
125579,4,1,1,4,1,3,1,0
125580,4,2,1,4,1,3,1,0
125581,4,2,1,NULL,1,2,0,1
125583,4,1,1,3,0,4,1,0
125584,4,1,1,4,0,3,1,0
125585,4,1,1,4,1,3,1,0
125586,4,2,1,3,0,4,1,0
125587,3,1,1,4,0,4,1,0
125588,3,1,1,4,0,4,1,0
125589,4,1,1,4,0,4,1,0
125590,4,2,1,4,1,3,1,0
125591,4,2,1,4,1,3,1,0
125592,4,1,1,3,1,4,1,0
125593,3,2,1,4,0,4,1,0
125594,4,2,1,3,1,3,1,0
125595,3,2,1,3,0,4,1,0
125596,3,2,1,4,0,3,1,0
125597,4,2,1,3,1,3,1,0
125598,3,2,1,4,0,4,1,0
125599,4,1,1,4,1,4,1,0
125600,4,1,1,4,0,4,1,0
125601,3,2,1,4,0,4,1,0
125602,3,1,1,4,0,3,1,0
125603,3,2,1,4,1,4,1,0
125604,4,2,1,3,0,4,1,0
125605,3,1,1,4,0,4,1,0
125606,4,1,1,4,0,2,0,0
125607,4,1,1,4,0,4,1,0
125608,4,1,1,4,0,4,1,0
125609,3,1,1,4,1,3,1,0
125610,3,1,1,4,0,4,1,0
125613,3,2,1,4,0,4,1,0
125614,3,1,1,4,1,2,0,0
125615,4,2,1,4,0,4,1,0
125616,3,1,1,4,0,3,1,0
125618,3,2,1,4,0,4,1,0
125619,3,1,1,4,1,4,1,0
125623,3,1,1,4,0,4,1,0
125626,3,2,1,4,0,3,1,0
125627,3,1,1,4,0,4,1,0
125628,3,2,1,4,0,4,1,0
125629,4,1,1,4,1,4,1,0
125633,5,2,2,4,0,3,1,0
125634,5,1,2,4,1,4,1,0
125635,4,2,2,4,0,3,1,0
125637,4,1,2,4,0,3,1,0
125638,4,2,2,4,0,4,1,0
125640,4,2,2,2,1,3,1,0
125641,4,2,2,4,0,3,1,0
125642,5,1,2,4,1,4,1,0
125643,4,1,2,4,0,4,1,0
125644,4,1,2,4,1,4,1,0
125646,5,2,2,4,1,4,1,0
125647,4,2,2,4,0,4,1,0
125648,4,2,2,4,1,2,0,0
125649,4,1,2,4,0,4,1,0
125650,4,2,2,4,0,4,1,0
125651,4,1,2,4,0,4,1,0
125652,4,1,2,4,0,3,1,0
125653,4,1,2,4,0,4,1,0
125654,4,2,2,4,0,4,1,0
125655,4,1,2,3,1,3,1,0
125656,4,2,2,4,1,3,1,0
125659,6,1,3,4,1,4,1,0
125660,5,1,3,4,0,2,0,0
125661,5,1,3,3,0,1,0,0
125662,5,1,3,4,0,4,1,0
125664,6,1,3,4,0,4,1,0
125665,5,1,3,4,0,4,1,0
125666,5,1,3,NULL,1,3,1,1
125667,6,1,3,3,0,3,1,0
125668,6,1,3,3,1,3,1,0
125669,6,1,3,4,0,3,1,0
125670,5,1,3,4,0,2,0,0
125671,5,1,3,3,0,3,1,0
125672,6,1,3,4,1,2,0,0
125673,5,1,3,4,0,1,0,0
125674,6,1,3,4,0,1,0,0
125676,5,2,3,NULL,1,2,0,1
125677,5,1,3,4,0,4,1,0
125678,5,2,3,4,0,4,1,0
125679,6,1,3,2,1,2,0,0
125680,6,1,3,4,0,4,1,0
125681,6,1,3,4,0,4,1,0
125682,5,2,3,3,0,3,1,0
125686,5,2,3,3,1,3,1,0
125687,5,1,3,4,1,4,1,0
125688,6,2,3,3,0,3,1,0
125689,6,2,1,NULL,1,4,1,1
125691,3,1,1,4,1,3,1,0
125692,3,2,1,4,1,2,0,0
125693,3,2,1,4,1,4,1,0
125694,3,1,1,4,0,3,1,0
125695,3,1,1,3,1,4,1,0
125696,4,2,1,4,0,3,1,0
125697,3,2,1,3,1,3,1,0
125698,3,2,1,3,1,3,1,0
125699,3,1,1,4,1,4,1,0
125700,4,1,1,NULL,0,3,1,1
125701,3,1,1,4,0,3,1,0
125702,4,2,1,4,0,3,1,0
125703,4,2,1,4,1,2,0,0
125704,4,1,1,4,0,1,0,0
125706,4,2,1,NULL,1,3,1,1
125707,4,2,1,4,0,4,1,0
125708,4,2,2,4,1,4,1,0
125709,5,2,2,NULL,1,2,0,1
125710,4,2,2,4,1,4,1,0
125711,5,1,2,4,0,4,1,0
125714,5,1,2,4,1,4,1,0
125715,5,1,2,4,1,4,1,0
125716,5,1,2,4,0,3,1,0
125717,5,2,2,NULL,0,2,0,1
125718,4,1,2,4,1,3,1,0
125719,4,2,2,NULL,1,3,1,1
125720,5,2,2,4,0,4,1,0
125721,4,2,2,4,0,3,1,0
125722,5,2,2,4,0,3,1,0
125723,6,2,3,4,1,4,1,0
125724,6,1,3,4,1,4,1,0
125725,5,2,3,NULL,1,3,1,1
125726,5,2,3,NULL,0,4,1,1
125727,5,2,3,NULL,1,3,1,1
125728,7,1,3,4,0,4,1,0
125729,5,2,3,4,0,4,1,0
125730,6,1,3,NULL,1,2,0,1
125731,7,2,3,4,0,3,1,0
125733,6,1,3,4,0,4,1,0
125734,5,1,3,4,0,4,1,0
125735,7,2,3,2,1,1,0,0
125736,6,1,3,NULL,1,3,1,1
125737,5,2,3,4,0,3,1,0
125738,5,1,3,4,0,4,1,0
125739,5,1,3,4,1,2,0,0
125740,6,2,3,NULL,0,4,1,1
125742,6,1,3,3,0,4,1,0
125743,4,1,1,4,0,4,1,0
125744,3,2,1,2,1,2,0,0
125745,3,2,1,4,0,3,1,0
125746,3,1,1,2,0,4,1,0
125747,4,2,1,2,1,2,0,0
125748,4,1,1,3,1,3,1,0
125751,4,1,1,4,0,3,1,0
125753,4,1,1,4,0,4,1,0
125754,3,1,1,4,0,3,1,0
125756,3,2,1,4,0,4,1,0
125757,4,2,1,4,0,2,0,0
125758,3,2,1,4,0,3,1,0
125759,3,2,1,4,0,3,1,0
125760,6,1,4,3,0,4,1,0
125761,6,1,4,3,0,2,0,0
125762,7,2,4,4,0,3,1,0
125763,6,1,4,4,0,2,0,0
125764,6,2,4,4,0,4,1,0
125765,6,2,4,NULL,1,2,0,1
125766,7,2,4,4,1,3,1,0
125767,6,2,4,3,0,3,1,0
125768,7,1,4,4,0,3,1,0
125769,6,1,4,4,1,4,1,0
125770,7,2,4,4,0,4,1,0
125771,7,2,4,4,0,3,1,0
125772,6,1,4,4,0,4,1,0
125773,6,1,4,4,0,4,1,0
125774,6,2,4,4,0,4,1,0
125775,7,2,4,3,0,3,1,0
125776,7,1,4,4,1,3,1,0
125778,7,1,4,4,0,4,1,0
125779,6,2,4,3,0,2,0,0
125780,7,1,4,4,0,3,1,0
125781,6,2,4,3,0,4,1,0
125782,6,1,4,4,0,4,1,0
125783,6,2,4,4,0,3,1,0
125784,7,1,4,4,0,3,1,0
125785,6,2,4,4,0,3,1,0
125787,6,2,4,2,0,3,1,0
125788,6,2,4,NULL,0,4,1,1
125789,6,2,4,4,1,2,0,0
125790,7,2,4,4,0,4,1,0
125791,7,2,4,4,0,4,1,0
125792,6,1,4,4,0,4,1,0
125793,6,1,4,4,0,3,1,0
125794,6,2,4,3,1,2,0,0
125795,7,2,4,4,0,4,1,0
125796,6,1,4,NULL,0,4,1,1
125797,6,1,4,3,1,4,1,0
125798,6,2,4,4,0,3,1,0
125799,6,2,4,4,1,3,1,0
125800,7,1,4,4,0,4,1,0
125801,7,1,4,4,0,3,1,0
125802,6,2,4,3,0,2,0,0
125804,7,1,4,3,0,3,1,0
125805,7,1,4,4,1,3,1,0
125806,7,2,4,4,0,4,1,0
125808,7,2,4,3,0,2,0,0
125809,6,1,4,4,1,4,1,0
125810,7,1,4,4,0,3,1,0
125811,7,2,4,4,1,4,1,0
125812,6,1,4,4,0,2,0,0
125813,6,1,4,4,0,4,1,0
125814,6,2,4,NULL,1,3,1,1
125816,6,2,4,4,0,1,0,0
125817,7,1,4,4,0,3,1,0
125818,6,2,4,4,0,2,0,0
125819,6,1,4,NULL,0,4,1,1
125820,7,1,4,3,0,3,1,0
125821,8,1,5,4,0,4,1,0
125822,7,1,4,4,0,4,1,0
125823,6,2,4,4,0,3,1,0
125824,6,2,4,4,1,3,1,0
125825,7,1,4,NULL,1,3,1,1
125826,6,1,4,4,0,3,1,0
125827,6,1,4,4,1,4,1,0
125828,7,1,4,4,0,4,1,0
125829,8,2,6,4,0,3,1,0
125830,7,1,4,NULL,0,4,1,1
125831,7,2,4,4,0,4,1,0
125832,6,1,4,4,1,4,1,0
125833,9,2,6,NULL,1,3,1,1
125834,6,2,4,3,0,3,1,0
125835,7,2,4,4,0,3,1,0
125836,7,2,5,4,1,3,1,0
125837,7,1,4,4,0,4,1,0
125838,7,1,4,NULL,1,4,1,1
125839,6,1,4,4,0,4,1,0
125840,6,1,4,4,0,3,1,0
125841,6,1,4,4,1,3,1,0
125842,9,2,7,4,0,4,1,0
125843,7,1,4,4,0,4,1,0
125844,6,2,4,4,0,4,1,0
125845,7,1,4,4,0,4,1,0
125846,7,1,4,3,0,2,0,0
125847,6,1,4,4,0,3,1,0
125849,7,1,4,4,0,3,1,0
125850,7,1,4,4,0,4,1,0
125851,6,2,4,4,0,4,1,0
125854,6,1,4,4,0,4,1,0
125855,7,2,4,NULL,0,3,1,1
125856,7,2,4,4,0,4,1,0
125857,6,2,4,4,1,3,1,0
125858,7,1,5,4,0,4,1,0
125859,7,2,5,4,0,3,1,0
125860,6,1,4,4,0,3,1,0
125861,9,2,7,NULL,1,4,1,1
125862,9,2,6,3,0,4,1,0
125863,9,1,6,4,0,4,1,0
125865,8,2,6,NULL,0,2,0,1
125866,8,2,6,3,1,2,0,0
125868,8,1,6,NULL,0,3,1,1
125869,8,1,6,4,1,3,1,0
125870,8,1,6,4,0,3,1,0
125871,8,1,7,NULL,1,4,1,1
125872,9,2,6,4,0,3,1,0
125873,9,2,7,NULL,0,4,1,1
125874,8,1,6,NULL,1,2,0,1
125875,8,2,6,4,0,4,1,0
125876,8,1,6,4,0,3,1,0
125877,8,1,6,2,1,4,1,0
125878,8,2,6,4,0,4,1,0
125879,8,1,6,4,0,3,1,0
125880,8,2,6,NULL,1,1,0,1
125882,9,1,6,4,0,3,1,0
125883,8,2,6,4,0,1,0,0
125884,9,1,6,3,0,3,1,0
125885,9,1,6,NULL,1,3,1,1
125886,9,1,6,3,0,3,1,0
125887,8,1,6,3,0,2,0,0
125888,8,2,6,4,0,3,1,0
125889,8,2,6,4,0,4,1,0
125890,8,1,6,3,0,3,1,0
125891,8,2,6,3,1,3,1,0
125892,8,2,6,NULL,0,3,1,1
125893,9,1,6,4,0,3,1,0
125894,8,2,6,2,0,3,1,0
125895,8,1,6,4,0,3,1,0
125896,9,1,6,NULL,0,1,0,1
125897,8,2,6,2,0,2,0,0
125898,9,2,6,4,0,3,1,0
125899,8,1,6,4,1,3,1,0
125900,9,1,6,4,1,3,1,0
125901,8,1,6,3,0,3,1,0
125902,8,2,6,4,0,4,1,0
125903,8,2,6,4,0,4,1,0
125904,8,2,6,4,1,4,1,0
125906,9,1,7,4,0,4,1,0
125909,10,1,7,4,0,4,1,0
125910,9,1,7,4,0,1,0,0
125911,9,1,7,4,0,4,1,0
125912,10,1,7,4,0,2,0,0
125913,10,1,7,4,1,3,1,0
125914,9,2,7,NULL,0,2,0,1
125915,11,1,7,4,0,4,1,0
125916,9,2,7,4,0,4,1,0
125917,9,2,7,3,0,2,0,0
125918,9,2,7,4,0,4,1,0
125920,10,1,7,4,0,1,0,0
125921,9,1,7,4,0,1,0,0
125922,9,2,7,4,0,3,1,0
125924,9,2,7,NULL,1,4,1,1
125925,9,1,7,4,0,4,1,0
125926,9,1,7,4,0,4,1,0
125927,9,2,7,3,0,4,1,0
125928,9,1,7,4,0,4,1,0
125929,9,2,7,4,0,3,1,0
125930,10,1,7,4,1,2,0,0
125931,9,1,7,4,0,3,1,0
125933,9,2,7,NULL,0,4,1,1
125934,10,2,7,4,0,4,1,0
125935,10,2,7,4,1,4,1,0
125937,9,2,7,3,0,4,1,0
125938,10,2,7,3,0,4,1,0
125939,10,2,7,4,0,4,1,0
125940,10,2,7,4,0,4,1,0
125942,10,1,7,4,0,3,1,0
125943,10,2,7,NULL,0,4,1,1
125944,10,2,7,4,0,4,1,0
125945,9,1,7,4,0,4,1,0
125946,9,1,7,4,0,4,1,0
125947,9,2,7,4,0,4,1,0
125950,10,1,7,3,0,2,0,0
125951,9,2,7,4,0,3,1,0
125953,10,1,7,3,0,2,0,0
125956,9,2,7,3,0,3,1,0
125957,9,1,7,4,0,1,0,0
125958,10,1,7,4,1,3,1,0
125959,9,1,7,NULL,0,4,1,1
125963,9,2,5,4,0,4,1,0
125964,8,1,5,NULL,0,3,1,1
125967,8,1,5,4,0,2,0,0
125968,7,2,5,2,1,3,1,0
125969,8,2,5,4,0,4,1,0
125970,8,1,5,4,1,3,1,0
125971,8,1,5,4,1,4,1,0
125972,8,1,5,NULL,0,2,0,1
125975,8,1,5,4,1,4,1,0
125977,8,2,5,4,0,4,1,0
125979,8,2,6,NULL,0,3,1,1
125980,9,2,6,2,0,2,0,0
125981,9,1,6,4,0,4,1,0
125982,9,2,6,4,0,4,1,0
125983,9,1,6,3,1,2,0,0
125987,8,1,6,4,0,4,1,0
125988,9,1,6,4,0,4,1,0
125989,9,1,6,4,0,3,1,0
125990,9,2,6,3,0,3,1,0
125991,9,1,6,4,0,4,1,0
125994,9,2,7,3,0,4,1,0
125995,10,1,7,4,1,3,1,0
125999,9,2,7,NULL,0,3,1,1
126000,11,1,7,NULL,0,4,1,1
126003,9,1,7,4,0,2,0,0
126004,9,1,7,3,0,2,0,0
126006,7,2,4,4,0,2,0,0
126009,8,2,5,NULL,0,4,1,1
126011,7,2,4,3,1,3,1,0
126014,8,1,4,4,1,2,0,0
126015,8,2,5,4,0,3,1,0
126019,7,2,4,4,1,4,1,0
126020,6,2,5,4,0,4,1,0
126024,7,2,5,2,1,2,0,0
126026,7,2,4,4,1,3,1,0
126027,6,2,4,4,1,4,1,0
126028,7,1,4,4,0,4,1,0
126029,7,2,4,4,1,4,1,0
126031,6,2,4,4,1,3,1,0
126032,6,2,4,3,0,3,1,0
126033,6,2,4,4,0,4,1,0
126035,7,1,4,4,0,3,1,0
126036,8,1,4,4,0,4,1,0
126038,7,1,4,4,1,4,1,0
126039,7,2,4,NULL,1,3,1,1
126040,5,2,4,4,0,4,1,0
126042,7,1,5,3,0,4,1,0
126043,8,2,5,4,1,3,1,0
126044,8,2,5,4,0,3,1,0
126045,7,2,5,NULL,1,3,1,1
126046,7,1,5,4,0,4,1,0
126047,8,1,5,3,1,3,1,0
126048,7,2,5,4,0,3,1,0
126050,8,2,5,4,0,4,1,0
126052,7,2,5,4,0,4,1,0
126055,8,2,5,3,1,4,1,0
126056,11,2,7,4,1,3,1,0
126059,10,1,5,4,1,4,1,0
126061,8,2,5,2,0,2,0,0
126062,7,2,5,4,0,1,0,0
126063,8,2,6,4,1,4,1,0
126064,10,1,7,4,0,1,0,0
126065,8,2,5,3,1,4,1,0
126066,9,1,7,4,0,4,1,0
126067,9,2,7,NULL,1,2,0,1
126068,9,2,6,3,0,4,1,0
126069,8,1,6,NULL,0,3,1,1
126070,9,1,7,4,1,4,1,0
126071,8,2,6,3,1,3,1,0
126072,10,1,6,4,0,4,1,0
126073,9,1,7,4,0,4,1,0
126074,9,2,6,4,1,4,1,0
126075,9,2,7,2,1,3,1,0
126076,8,1,6,4,1,3,1,0
126077,9,1,6,4,1,3,1,0
126078,9,2,7,3,0,4,1,0
126081,9,1,6,4,1,4,1,0
126082,9,2,6,4,0,4,1,0
126083,9,1,6,4,0,3,1,0
126084,9,2,6,4,1,3,1,0
126085,8,1,6,NULL,0,3,1,1
126087,9,2,6,4,0,4,1,0
126088,8,2,6,NULL,0,4,1,1
126089,8,2,6,4,1,4,1,0
126090,10,2,7,3,0,4,1,0
126091,9,2,7,4,0,4,1,0
126092,9,2,7,4,0,4,1,0
126093,10,1,7,4,0,4,1,0
126094,10,2,7,4,0,4,1,0
126095,9,2,6,3,0,3,1,0
126096,9,2,6,4,0,4,1,0
126097,10,2,7,4,1,4,1,0
126098,11,1,7,4,0,1,0,0
126099,9,1,7,4,0,3,1,0
126101,10,2,7,4,1,4,1,0
126103,11,2,7,4,0,3,1,0
126105,10,2,7,3,0,3,1,0
126106,9,2,7,3,0,3,1,0
126107,9,2,7,3,1,3,1,0
126108,9,1,7,4,0,4,1,0
126109,9,1,7,4,1,3,1,0
126112,10,2,7,NULL,1,3,1,1
126113,10,2,7,4,0,2,0,0
126114,9,2,7,4,0,4,1,0
126115,9,2,7,4,0,3,1,0
126116,9,2,7,4,1,4,1,0
126117,8,2,5,4,0,4,1,0
126118,9,1,5,4,0,4,1,0
126119,7,2,5,NULL,1,1,0,1
126120,8,1,6,NULL,1,3,1,1
126121,7,2,5,4,0,4,1,0
126123,8,2,6,4,0,4,1,0
126125,9,2,6,4,0,4,1,0
126126,10,2,6,4,1,4,1,0
126127,7,1,5,3,0,3,1,0
126128,9,2,6,4,0,4,1,0
126129,8,2,7,4,0,4,1,0
126130,8,2,6,4,0,4,1,0
126132,9,2,6,NULL,1,3,1,1
126133,7,1,5,4,1,4,1,0
126134,9,2,6,4,0,4,1,0
126135,9,1,6,3,1,2,0,0
126136,9,2,6,4,0,4,1,0
126137,9,2,6,2,0,4,1,0
126138,8,1,6,4,0,4,1,0
126140,8,2,6,4,0,2,0,0
126141,10,1,6,4,0,4,1,0
126142,9,2,6,NULL,0,3,1,1
126143,7,1,5,3,1,2,0,0
126144,10,1,7,4,1,3,1,0
126145,8,1,5,NULL,1,2,0,1
126146,10,2,7,4,0,4,1,0
126147,8,2,6,4,0,4,1,0
126148,9,1,7,4,1,4,1,0
126149,8,2,5,3,0,4,1,0
126150,8,1,5,4,0,4,1,0
126152,9,1,6,3,0,2,0,0
126154,10,1,7,NULL,1,3,1,1
126155,9,1,7,NULL,0,3,1,1
126156,8,1,6,3,0,4,1,0
126157,9,2,7,NULL,0,4,1,1
126159,9,1,6,3,1,4,1,0
126160,10,2,7,4,0,3,1,0
126161,8,2,5,4,0,4,1,0
126162,8,1,5,4,1,4,1,0
126163,9,1,6,4,0,3,1,0
126164,9,1,8,4,0,1,0,0
126165,8,2,6,3,1,3,1,0
126166,10,1,7,NULL,1,4,1,1
126167,8,2,6,4,0,3,1,0
126168,9,1,7,4,0,4,1,0
126169,9,1,6,4,0,4,1,0
126170,8,2,6,3,0,3,1,0
126171,10,1,7,3,0,3,1,0
126173,10,1,7,4,0,3,1,0
126174,8,2,6,4,0,4,1,0
126176,9,2,6,4,0,1,0,0
126177,9,2,6,3,0,3,1,0
126179,6,2,4,4,0,4,1,0
126180,6,2,4,4,0,3,1,0
126181,6,1,4,4,0,4,1,0
126183,1,1,7,1,0,1,0,0
126185,7,1,4,3,0,3,1,0
126189,7,1,4,4,0,4,1,0
126190,6,2,4,4,1,2,0,0
126191,7,1,4,4,0,4,1,0
126192,7,2,4,4,0,4,1,0
126193,6,1,4,4,1,4,1,0
126194,6,1,4,4,0,4,1,0
126195,6,2,4,4,0,4,1,0
126196,7,2,4,4,1,3,1,0
126197,6,2,4,4,0,3,1,0
126198,6,1,4,4,0,3,1,0
126199,6,2,4,NULL,0,4,1,1
126200,7,1,4,4,0,3,1,0
126201,6,2,4,4,0,3,1,0
126202,6,2,4,NULL,0,2,0,1
126203,6,2,4,4,0,4,1,0
126204,6,1,4,4,0,2,0,0
126205,6,2,4,4,0,3,1,0
126206,10,2,7,4,0,3,1,0
126207,8,1,5,4,0,3,1,0
126208,7,2,5,3,0,3,1,0
126209,7,1,5,3,0,4,1,0
126210,8,1,6,NULL,1,3,1,1
126212,7,1,5,4,0,3,1,0
126214,7,1,5,3,0,3,1,0
126216,8,1,5,3,0,2,0,0
126217,7,1,5,4,0,4,1,0
126218,7,2,5,NULL,1,2,0,1
126219,7,1,5,3,0,3,1,0
126220,8,1,5,4,0,4,1,0
126221,9,2,6,4,0,3,1,0
126222,8,2,6,3,0,3,1,0
126223,9,2,7,4,1,3,1,0
126224,9,2,6,4,0,2,0,0
126225,8,1,5,NULL,0,2,0,1
126226,8,2,5,NULL,1,3,1,1
126227,8,1,5,4,0,3,1,0
126228,8,1,5,4,0,3,1,0
126229,11,1,7,NULL,1,2,0,1
126231,7,1,5,4,0,4,1,0
126232,9,1,7,3,0,4,1,0
126233,7,1,5,3,0,3,1,0
126234,10,2,7,4,1,4,1,0
126235,7,1,5,NULL,0,1,0,1
126236,10,1,7,4,1,2,0,0
126237,10,1,7,NULL,1,3,1,1
126238,8,1,5,3,1,3,1,0
126239,8,2,6,4,0,3,1,0
126240,8,1,5,4,1,4,1,0
126241,8,1,6,NULL,1,3,1,1
126242,7,1,5,4,1,4,1,0
126243,10,1,7,NULL,1,4,1,1
126244,9,1,6,3,1,3,1,0
126245,7,1,5,4,0,3,1,0
126246,7,1,5,3,0,4,1,0
126247,7,2,5,3,1,4,1,0
126248,9,1,6,4,0,4,1,0
126249,8,2,6,4,0,2,0,0
126250,7,1,5,3,0,4,1,0
126251,8,1,5,3,1,4,1,0
126252,8,1,6,4,0,3,1,0
126253,8,1,6,3,0,3,1,0
126254,7,1,5,3,1,4,1,0
126255,9,1,7,2,0,3,1,0
126256,8,2,6,4,0,4,1,0
126257,8,1,6,NULL,0,4,1,1
126259,7,1,5,4,0,4,1,0
126260,6,1,4,4,0,4,1,0
126261,7,1,5,3,0,3,1,0
126262,7,1,5,4,0,4,1,0
126263,8,2,5,3,1,4,1,0
126265,9,1,6,3,0,3,1,0
126266,8,1,6,4,0,4,1,0
126267,8,1,5,3,1,4,1,0
126268,8,2,5,4,0,4,1,0
126269,7,1,5,3,0,3,1,0
126270,8,1,6,2,1,2,0,0
126271,8,1,5,3,1,4,1,0
126272,9,2,6,NULL,0,4,1,1
126273,8,2,6,4,0,4,1,0
126274,8,1,5,4,0,4,1,0
126275,8,2,6,4,0,3,1,0
126276,9,1,6,NULL,0,2,0,1
126277,9,1,6,4,0,4,1,0
126278,9,2,6,NULL,1,2,0,1
126279,8,2,6,4,0,4,1,0
126280,9,1,6,3,0,3,1,0
126281,8,2,6,4,0,4,1,0
126282,7,2,5,3,0,3,1,0
126284,9,1,6,4,0,4,1,0
126285,8,2,5,4,1,3,1,0
126286,8,2,5,3,0,4,1,0
126287,8,1,6,4,0,4,1,0
126288,9,1,6,NULL,1,3,1,1
126289,9,2,6,NULL,1,3,1,1
126290,8,1,6,4,0,3,1,0
126291,7,1,5,4,0,4,1,0
126292,8,2,6,NULL,0,4,1,1
126293,8,2,6,4,1,4,1,0
126294,9,1,7,3,0,3,1,0
126295,8,2,6,NULL,0,3,1,1
126296,8,2,6,3,0,4,1,0
126297,9,1,6,4,0,2,0,0
126298,8,2,6,2,0,4,1,0
126299,8,1,6,4,1,2,0,0
126300,9,1,7,NULL,0,2,0,1
126301,9,2,7,4,0,3,1,0
126302,9,2,7,4,0,3,1,0
126303,9,2,7,NULL,0,3,1,1
126304,10,2,7,NULL,1,3,1,1
126305,9,1,7,4,0,3,1,0
126306,9,1,7,4,0,4,1,0
126307,10,1,7,3,0,3,1,0
126308,10,1,7,3,0,4,1,0
126309,9,1,7,4,0,3,1,0
126310,9,1,7,4,0,4,1,0
126312,10,1,7,3,0,3,1,0
126313,9,1,7,3,0,4,1,0
126315,10,1,7,4,0,4,1,0
126316,9,1,7,NULL,0,2,0,1
126317,9,1,7,NULL,1,2,0,1
126318,9,1,7,4,1,4,1,0
126319,9,1,7,NULL,1,2,0,1
126320,10,1,7,4,0,3,1,0
126321,9,2,7,3,0,3,1,0
126322,10,1,7,3,0,3,1,0
126323,10,2,7,4,0,2,0,0
126324,11,2,7,NULL,0,2,0,1
126325,10,1,7,4,0,4,1,0
126329,9,1,7,NULL,1,4,1,1
126330,9,2,7,4,0,3,1,0
126331,9,1,7,2,1,2,0,0
126332,9,1,7,4,0,4,1,0
126333,9,1,7,3,0,3,1,0
126336,10,2,7,NULL,0,4,1,1
126339,9,1,7,4,0,4,1,0
126340,10,2,7,4,0,3,1,0
126341,9,1,7,3,0,3,1,0
126344,9,2,7,4,1,3,1,0
126345,9,1,7,2,0,4,1,0
126346,9,2,7,4,0,4,1,0
126348,6,1,4,4,1,3,1,0
126360,7,1,4,4,0,4,1,0
126362,7,2,4,4,1,3,1,0
126364,7,1,4,4,0,4,1,0
126368,7,1,4,3,0,3,1,0
126369,7,1,4,NULL,0,3,1,1
126370,7,2,4,3,1,4,1,0
126371,7,2,4,3,1,1,0,0
126372,7,1,4,4,0,2,0,0
126373,7,2,4,2,1,3,1,0
126374,7,1,4,4,0,3,1,0
126375,6,2,4,4,0,2,0,0
126376,7,2,4,4,0,3,1,0
126377,6,2,4,4,1,4,1,0
126379,7,1,4,4,0,3,1,0
126380,6,1,4,4,0,4,1,0
126381,7,2,4,3,1,4,1,0
126382,7,1,4,4,0,3,1,0
126383,6,1,4,NULL,1,2,0,1
126386,7,1,4,3,1,2,0,0
126387,8,2,5,2,1,3,1,0
126388,8,2,5,2,1,3,1,0
126389,8,2,5,3,0,4,1,0
126390,7,2,5,4,0,4,1,0
126391,7,1,5,4,1,4,1,0
126392,8,2,5,2,0,2,0,0
126393,7,2,5,NULL,1,4,1,1
126394,8,2,5,4,0,4,1,0
126395,7,1,5,3,0,2,0,0
126396,7,2,5,NULL,1,4,1,1
126397,8,1,5,NULL,0,4,1,1
126398,7,2,5,3,0,4,1,0
126399,8,1,5,3,1,4,1,0
126400,7,1,5,4,0,4,1,0
126401,7,2,5,4,0,4,1,0
126402,7,2,5,NULL,0,4,1,1
126403,8,2,5,4,0,4,1,0
126404,7,1,5,NULL,0,2,0,1
126406,7,1,5,NULL,0,2,0,1
126407,8,2,5,4,0,4,1,0
126408,8,1,5,NULL,0,3,1,1
126410,7,1,5,NULL,1,2,0,1
126411,8,1,5,4,0,4,1,0
126412,8,1,5,4,0,3,1,0
126413,7,1,5,4,1,4,1,0
126414,8,2,5,4,0,3,1,0
126415,7,1,5,4,1,3,1,0
126416,7,1,5,3,0,3,1,0
126419,8,2,5,NULL,1,3,1,1
126420,8,1,5,4,0,3,1,0
126421,7,1,5,3,1,3,1,0
126422,7,1,5,4,0,4,1,0
126423,8,2,5,4,1,3,1,0
126424,7,2,5,4,0,3,1,0
126425,8,2,5,4,0,3,1,0
126426,7,2,5,4,0,1,0,0
126427,7,2,5,4,1,3,1,0
126428,9,1,6,4,0,4,1,0
126429,8,1,6,4,1,2,0,0
126431,8,1,6,4,0,4,1,0
126432,9,1,6,NULL,0,3,1,1
126433,8,1,6,4,0,4,1,0
126434,9,1,6,4,1,4,1,0
126435,9,2,6,4,0,1,0,0
126436,8,1,6,4,0,4,1,0
126437,8,1,6,2,0,4,1,0
126438,9,2,6,4,1,4,1,0
126439,8,2,6,4,0,3,1,0
126440,9,1,6,3,0,4,1,0
126441,8,1,6,1,0,2,0,0
126443,8,1,6,4,0,3,1,0
126444,9,2,6,4,0,3,1,0
126445,8,1,6,4,0,4,1,0
126446,8,1,6,4,0,4,1,0
126447,8,2,6,4,0,3,1,0
126448,9,1,6,4,1,4,1,0
126449,8,1,6,4,0,4,1,0
126450,9,1,6,4,0,4,1,0
126452,9,2,6,3,0,4,1,0
126453,8,2,6,4,0,4,1,0
126454,10,1,6,3,0,4,1,0
126455,8,1,6,3,0,3,1,0
126456,8,1,6,4,0,4,1,0
126457,10,2,7,NULL,1,2,0,1
126460,9,1,7,4,0,1,0,0
126463,9,2,7,NULL,1,3,1,1
126464,10,1,7,2,0,4,1,0
126465,9,2,7,NULL,1,2,0,1
126466,10,2,7,4,0,4,1,0
126467,11,1,7,4,1,4,1,0
126468,9,1,7,NULL,0,4,1,1
126469,9,2,7,4,0,4,1,0
126472,10,2,7,4,0,4,1,0
126473,10,2,7,NULL,1,3,1,1
126474,9,2,7,NULL,1,4,1,1
126477,11,2,7,4,1,1,0,0
126479,9,1,7,3,0,3,1,0
126481,9,2,7,NULL,0,4,1,1
126482,9,1,7,NULL,0,2,0,1
126483,10,2,7,4,0,3,1,0
126484,9,2,7,4,1,4,1,0
126486,9,2,7,3,1,4,1,0
126487,10,1,7,4,1,3,1,0
126488,6,1,3,3,1,2,0,0
126489,5,2,3,3,0,3,1,0
126490,5,1,3,4,1,3,1,0
126491,6,2,3,4,1,3,1,0
126492,5,2,3,NULL,1,4,1,1
126493,6,1,3,4,0,4,1,0
126494,5,1,3,4,1,3,1,0
126495,6,1,3,3,1,3,1,0
126496,6,1,3,4,1,4,1,0
126497,5,2,3,4,0,3,1,0
126498,5,1,3,4,0,3,1,0
126499,5,2,3,4,1,3,1,0
126500,6,1,3,3,1,3,1,0
126501,5,2,3,NULL,1,4,1,1
126502,5,1,3,4,0,3,1,0
126503,6,2,3,4,0,4,1,0
126504,5,1,3,4,1,4,1,0
126505,6,1,3,3,1,2,0,0
126507,5,2,3,4,1,2,0,0
126508,6,1,3,3,0,2,0,0
126509,6,2,3,4,0,3,1,0
126510,6,1,3,4,0,4,1,0
126511,6,1,3,NULL,1,3,1,1
126512,5,1,2,4,1,3,1,0
126513,4,2,2,NULL,0,3,1,1
126514,5,1,2,4,1,4,1,0
126515,4,2,2,4,0,4,1,0
126516,4,1,2,4,1,2,0,0
126517,4,1,2,4,0,4,1,0
126518,5,1,2,NULL,1,3,1,1
126519,4,2,2,4,0,4,1,0
126521,5,2,2,4,0,4,1,0
126522,5,1,2,3,0,4,1,0
126523,4,1,2,4,0,2,0,0
126524,5,2,2,NULL,1,4,1,1
126525,5,1,2,NULL,1,3,1,1
126527,5,2,2,4,1,4,1,0
126528,5,2,2,4,0,4,1,0
126530,5,2,2,4,0,4,1,0
126532,4,2,2,4,0,3,1,0
126533,4,2,2,3,0,4,1,0
126534,5,2,2,4,0,3,1,0
126535,5,1,2,4,1,1,0,0
126536,4,2,2,4,0,4,1,0
126537,4,2,2,3,0,3,1,0
126538,5,2,2,NULL,1,1,0,1
126539,4,1,2,4,0,3,1,0
126540,5,2,2,4,1,3,1,0
126541,6,2,2,3,0,2,0,0
126542,4,2,2,4,0,4,1,0
126543,5,2,2,4,1,4,1,0
126544,5,1,2,3,0,2,0,0
126545,4,1,2,4,1,4,1,0
126546,5,2,2,2,0,3,1,0
126547,7,1,3,NULL,1,2,0,1
126549,6,1,3,3,1,4,1,0
126551,5,1,3,4,0,4,1,0
126552,6,1,3,NULL,1,4,1,1
126553,5,2,3,4,0,3,1,0
126554,6,2,3,4,0,3,1,0
126556,6,2,3,4,0,4,1,0
126557,6,1,3,NULL,1,2,0,1
126558,5,1,2,4,0,3,1,0
126559,5,1,2,4,0,3,1,0
126560,5,2,2,4,0,2,0,0
126561,4,2,2,3,0,3,1,0
126562,4,1,2,NULL,1,2,0,1
126563,5,2,2,4,0,3,1,0
126564,6,2,2,NULL,0,1,0,1
126565,5,2,2,3,1,2,0,0
126566,5,2,2,NULL,1,2,0,1
126567,5,2,2,4,0,4,1,0
126569,5,2,3,4,1,3,1,0
126570,7,2,3,4,0,3,1,0
126571,5,1,3,4,0,3,1,0
126572,6,2,3,4,1,4,1,0
126573,5,2,3,4,0,4,1,0
126574,6,1,3,3,0,4,1,0
126576,5,2,3,3,0,3,1,0
126578,7,2,4,4,0,3,1,0
126579,7,2,4,4,0,4,1,0
126580,7,2,4,NULL,0,3,1,1
126581,7,1,4,2,0,3,1,0
126582,7,2,4,4,0,3,1,0
126583,7,1,4,NULL,0,4,1,1
126584,6,1,4,4,0,1,0,0
126585,7,2,4,NULL,0,4,1,1
126586,7,1,4,4,0,4,1,0
126587,6,2,4,4,0,4,1,0
126588,6,2,4,NULL,0,4,1,1
126589,7,2,4,3,0,3,1,0
126590,6,1,4,4,1,2,0,0
126591,7,2,4,3,0,4,1,0
126592,6,1,4,3,0,3,1,0
126593,6,2,4,3,0,3,1,0
126594,7,2,4,4,0,3,1,0
126595,7,2,4,3,1,2,0,0
126596,6,2,4,3,0,3,1,0
126597,6,2,4,4,1,4,1,0
126598,6,2,4,4,0,3,1,0
126599,7,2,4,3,1,3,1,0
126600,6,1,4,3,0,4,1,0
126601,6,2,4,NULL,1,4,1,1
126602,7,1,4,4,1,4,1,0
126603,6,1,4,4,0,3,1,0
126604,6,1,4,NULL,0,3,1,1
126605,7,2,4,NULL,0,4,1,1
126606,7,1,4,4,0,2,0,0
126607,6,2,4,NULL,1,2,0,1
126609,7,1,4,NULL,1,4,1,1
126610,7,2,4,NULL,1,4,1,1
126611,6,2,4,4,0,3,1,0
126612,7,1,4,4,0,4,1,0
126613,7,2,5,2,0,3,1,0
126614,8,2,4,NULL,1,2,0,1
126615,9,1,5,4,0,3,1,0
126616,8,1,5,4,0,4,1,0
126617,7,1,5,3,0,3,1,0
126618,8,2,5,4,0,4,1,0
126619,8,2,5,4,0,4,1,0
126622,8,2,5,2,0,3,1,0
126624,7,2,5,4,1,3,1,0
126625,7,2,5,4,0,4,1,0
126628,8,1,5,4,0,4,1,0
126629,8,2,5,3,0,4,1,0
126632,7,1,5,4,0,4,1,0
126633,8,1,5,NULL,1,3,1,1
126634,9,2,5,4,0,4,1,0
126635,8,1,5,4,0,1,0,0
126636,8,1,5,NULL,0,2,0,1
126637,8,1,4,NULL,1,3,1,1
126638,7,1,5,4,0,4,1,0
126639,7,2,5,4,0,4,1,0
126640,7,1,5,4,1,3,1,0
126641,7,1,5,4,0,4,1,0
126642,7,2,5,NULL,1,2,0,1
126643,7,2,5,NULL,0,3,1,1
126644,7,2,4,4,0,4,1,0
126645,7,2,5,4,0,4,1,0
126646,8,2,5,4,0,3,1,0
126647,7,1,5,NULL,1,1,0,1
126648,8,2,5,NULL,1,3,1,1
126649,8,1,5,NULL,0,2,0,1
126650,7,1,4,2,0,1,0,0
126651,7,1,5,3,0,4,1,0
126652,8,2,5,NULL,0,2,0,1
126653,7,2,5,4,1,3,1,0
126654,8,1,5,NULL,1,2,0,1
126655,7,1,5,NULL,0,2,0,1
126656,8,2,5,NULL,0,3,1,1
126657,8,2,5,4,0,4,1,0
126658,8,2,5,NULL,1,3,1,1
126659,7,1,5,2,0,4,1,0
126660,8,2,5,3,0,4,1,0
126662,9,2,7,4,0,3,1,0
126664,8,2,6,NULL,0,3,1,1
126665,9,1,6,NULL,1,2,0,1
126668,8,1,6,NULL,1,4,1,1
126669,9,2,6,4,0,3,1,0
126670,10,2,6,4,0,4,1,0
126671,9,1,6,4,0,3,1,0
126672,9,2,6,4,0,3,1,0
126673,8,2,6,3,0,2,0,0
126674,9,2,6,3,1,4,1,0
126675,10,2,6,4,0,4,1,0
126676,10,1,6,2,1,2,0,0
126678,7,1,5,4,0,4,1,0
126679,8,2,6,4,0,3,1,0
126680,8,1,6,4,0,3,1,0
126681,11,1,7,4,1,3,1,0
126683,10,1,6,NULL,0,2,0,1
126684,9,2,6,3,0,3,1,0
126685,9,2,7,NULL,1,2,0,1
126686,9,2,6,4,0,3,1,0
126688,9,1,6,4,0,3,1,0
126689,10,1,6,4,0,4,1,0
126690,9,2,6,4,0,3,1,0
126691,9,1,6,4,0,4,1,0
126694,7,2,5,3,0,4,1,0
126695,9,1,6,4,0,4,1,0
126696,8,1,6,NULL,0,3,1,1
126697,9,2,7,NULL,0,3,1,1
126698,10,1,7,NULL,1,4,1,1
126699,9,2,7,NULL,0,4,1,1
126700,9,2,7,4,0,4,1,0
126701,9,1,7,3,0,3,1,0
126702,11,1,7,3,0,3,1,0
126703,10,1,7,4,0,4,1,0
126704,9,1,7,4,0,3,1,0
126705,9,1,7,3,0,4,1,0
126706,9,1,7,4,0,2,0,0
126707,9,1,7,4,0,4,1,0
126708,10,1,7,NULL,1,3,1,1
126709,10,2,6,NULL,0,3,1,1
126710,10,1,7,4,0,3,1,0
126711,10,1,7,4,1,4,1,0
126712,10,1,7,NULL,1,2,0,1
126713,10,2,7,4,0,3,1,0
126714,10,2,7,3,0,3,1,0
126716,8,1,6,2,1,3,1,0
126718,10,2,7,NULL,0,4,1,1
126719,10,1,7,3,1,1,0,0
126720,9,1,7,4,1,4,1,0
126721,9,1,7,4,1,3,1,0
126722,9,2,7,NULL,0,3,1,1
126723,6,2,4,4,0,2,0,0
126724,6,2,4,4,1,2,0,0
126725,6,2,4,NULL,1,4,1,1
126726,7,2,4,3,1,4,1,0
126727,7,2,4,4,0,4,1,0
126728,7,2,4,4,1,3,1,0
126729,6,1,4,NULL,1,3,1,1
126730,8,1,4,4,1,3,1,0
126731,7,1,4,NULL,1,4,1,1
126732,6,2,4,NULL,1,2,0,1
126734,6,1,4,NULL,1,4,1,1
126735,7,2,4,NULL,1,2,0,1
126736,8,1,4,3,0,4,1,0
126737,6,2,4,2,0,3,1,0
126738,7,1,4,4,1,3,1,0
126740,6,2,4,4,1,4,1,0
126741,7,2,4,NULL,1,3,1,1
126742,6,1,4,4,1,2,0,0
126743,7,2,4,4,0,4,1,0
126744,7,1,4,4,1,2,0,0
126745,6,2,4,4,1,3,1,0
126747,6,2,4,4,0,4,1,0
126748,11,2,7,4,0,1,0,0
126749,6,2,4,4,0,3,1,0
126750,7,1,4,3,0,4,1,0
126751,6,2,4,2,1,3,1,0
126752,7,1,4,4,0,4,1,0
126753,7,2,4,4,0,3,1,0
126754,7,1,4,2,1,4,1,0
126755,7,2,4,NULL,1,3,1,1
126756,7,1,4,NULL,1,3,1,1
126757,7,1,4,4,1,1,0,0
126758,8,2,5,2,1,1,0,0
126759,8,1,5,NULL,1,1,0,1
126761,7,1,5,4,1,2,0,0
126763,7,2,5,NULL,1,4,1,1
126764,8,1,5,4,1,3,1,0
126765,8,1,5,NULL,1,1,0,1
126767,8,2,5,NULL,0,3,1,1
126768,7,1,5,NULL,1,2,0,1
126769,8,1,5,NULL,1,3,1,1
126770,8,2,5,2,1,2,0,0
126771,8,1,5,3,1,4,1,0
126773,8,2,5,4,0,4,1,0
126774,7,1,5,4,1,4,1,0
126775,9,1,5,4,1,4,1,0
126776,7,2,5,3,1,3,1,0
126777,8,2,5,4,0,3,1,0
126778,8,1,5,NULL,0,4,1,1
126779,9,1,5,4,1,4,1,0
126780,9,1,5,3,1,2,0,0
126781,7,2,5,3,0,3,1,0
126782,8,1,5,NULL,0,2,0,1
126783,7,2,5,4,0,3,1,0
126784,8,1,5,4,1,4,1,0
126785,8,1,5,NULL,1,2,0,1
126786,7,1,5,3,1,3,1,0
126787,8,2,5,NULL,0,3,1,1
126788,8,1,6,NULL,0,3,1,1
126789,8,1,5,4,0,3,1,0
126790,7,1,5,NULL,0,4,1,1
126791,7,1,5,4,1,3,1,0
126792,7,2,5,4,1,3,1,0
126793,7,1,5,NULL,0,3,1,1
126795,7,1,5,NULL,0,3,1,1
126796,8,1,5,NULL,0,3,1,1
126797,8,1,5,4,0,3,1,0
126798,9,2,6,NULL,0,4,1,1
126799,8,1,6,4,0,4,1,0
126800,8,2,6,NULL,0,4,1,1
126801,9,2,6,NULL,1,4,1,1
126802,9,2,6,3,0,4,1,0
126803,9,2,6,NULL,1,4,1,1
126804,8,1,6,4,0,3,1,0
126806,9,1,6,4,0,4,1,0
126807,8,2,6,NULL,0,3,1,1
126808,9,1,6,4,1,3,1,0
126809,7,2,5,4,0,4,1,0
126810,9,1,6,4,0,2,0,0
126811,9,1,6,4,1,3,1,0
126812,9,1,6,4,0,4,1,0
126813,9,2,6,NULL,0,3,1,1
126814,8,2,6,4,1,3,1,0
126815,7,1,5,4,0,3,1,0
126816,7,2,5,4,0,4,1,0
126817,9,1,6,4,0,4,1,0
126818,9,1,6,4,0,3,1,0
126819,7,2,5,3,1,3,1,0
126820,8,2,5,4,0,2,0,0
126821,8,1,5,4,1,2,0,0
126822,8,1,6,4,0,4,1,0
126823,9,2,6,4,1,4,1,0
126824,8,1,5,3,1,4,1,0
126825,9,1,6,4,0,4,1,0
126826,7,2,5,NULL,1,4,1,1
126827,8,2,6,NULL,1,1,0,1
126828,8,1,5,4,0,4,1,0
126829,9,1,6,4,0,2,0,0
126830,9,2,6,4,1,4,1,0
126831,8,2,5,4,1,3,1,0
126832,10,2,6,4,0,4,1,0
126833,7,2,5,4,0,3,1,0
126834,8,2,5,4,0,4,1,0
126835,10,1,7,NULL,0,2,0,1
126836,9,2,7,3,0,2,0,0
126837,9,1,7,NULL,1,3,1,1
126838,9,1,7,4,1,3,1,0
126839,10,1,7,4,0,4,1,0
126840,9,1,7,4,0,3,1,0
126841,9,1,7,3,1,2,0,0
126842,9,1,7,NULL,0,2,0,1
126843,10,1,7,4,0,4,1,0
126844,9,1,7,NULL,1,2,0,1
126845,10,2,7,3,1,3,1,0
126846,10,2,7,4,1,4,1,0
126848,9,1,7,NULL,1,3,1,1
126850,9,2,7,4,1,4,1,0
126851,9,2,7,4,1,4,1,0
126852,9,2,7,NULL,0,4,1,1
126853,9,2,7,3,0,3,1,0
126854,9,2,7,4,0,3,1,0
126856,10,2,7,4,0,4,1,0
126857,10,1,7,4,1,4,1,0
126858,9,2,7,3,1,2,0,0
126859,10,2,7,4,1,3,1,0
126860,9,1,7,2,0,3,1,0
126861,10,1,7,NULL,1,1,0,1
126862,10,2,7,4,0,4,1,0
126864,9,2,7,4,0,3,1,0
126865,11,1,7,4,0,4,1,0
126867,10,1,7,2,1,1,0,0
126868,10,2,7,3,0,3,1,0
126869,4,1,1,3,1,2,0,0
126870,3,1,1,4,1,3,1,0
126871,4,2,1,4,0,3,1,0
126872,3,2,1,3,0,3,1,0
126873,3,2,1,4,0,3,1,0
126874,3,2,1,4,1,4,1,0
126875,3,2,1,4,1,3,1,0
126876,3,1,1,4,1,3,1,0
126877,4,1,1,4,0,3,1,0
126878,3,2,1,4,0,2,0,0
126879,4,2,1,4,1,2,0,0
126881,3,1,1,4,0,4,1,0
126882,3,2,1,3,1,2,0,0
126883,3,1,1,NULL,1,3,1,1
126884,4,2,1,4,0,4,1,0
126885,4,2,1,4,0,3,1,0
126887,6,1,4,4,0,4,1,0
126888,6,2,4,3,0,3,1,0
126889,7,2,4,4,1,3,1,0
126890,6,2,4,3,1,3,1,0
126892,6,1,4,4,0,2,0,0
126893,6,1,4,4,0,4,1,0
126894,7,2,4,2,0,4,1,0
126895,7,1,4,4,0,3,1,0
126896,7,1,4,4,0,3,1,0
126897,6,2,4,4,0,3,1,0
126898,7,2,4,4,0,4,1,0
126899,7,2,4,NULL,0,3,1,1
126901,7,1,4,4,1,1,0,0
126902,7,1,4,4,0,4,1,0
126904,6,2,4,4,0,2,0,0
126906,6,1,4,4,0,4,1,0
126907,6,2,4,3,0,3,1,0
126908,7,2,4,4,0,4,1,0
126909,7,2,4,4,0,4,1,0
126910,6,2,4,4,0,4,1,0
126911,7,1,4,4,0,4,1,0
126912,6,2,4,4,0,4,1,0
126913,6,2,4,3,1,4,1,0
126914,6,2,4,2,0,3,1,0
126916,6,2,4,3,0,4,1,0
126917,7,2,4,NULL,1,3,1,1
126919,6,2,4,4,0,4,1,0
126920,6,1,4,3,0,4,1,0
126921,7,1,5,4,0,3,1,0
126922,8,2,5,3,0,4,1,0
126923,7,1,5,4,0,2,0,0
126924,7,1,5,NULL,0,4,1,1
126925,8,2,5,2,0,4,1,0
126926,7,2,5,4,0,4,1,0
126927,7,1,5,4,0,3,1,0
126928,7,2,5,3,1,4,1,0
126929,7,2,5,4,0,3,1,0
126930,8,2,5,4,0,4,1,0
126931,8,1,5,4,0,4,1,0
126932,7,2,5,4,0,3,1,0
126933,8,2,5,3,0,3,1,0
126934,7,1,5,4,0,3,1,0
126935,8,2,5,4,0,4,1,0
126936,8,1,5,4,0,3,1,0
126937,7,2,5,4,0,3,1,0
126938,8,1,5,4,0,4,1,0
126940,7,2,5,4,0,3,1,0
126941,7,2,5,4,0,2,0,0
126942,7,2,5,NULL,0,3,1,1
126943,7,2,5,3,0,3,1,0
126944,8,1,5,4,0,3,1,0
126945,7,2,5,4,0,4,1,0
126946,8,2,5,NULL,1,4,1,1
126947,7,1,5,3,0,1,0,0
126948,8,2,6,4,0,3,1,0
126949,8,1,6,4,0,4,1,0
126950,8,2,6,3,0,3,1,0
126951,8,2,6,NULL,0,4,1,1
126952,9,2,6,4,0,4,1,0
126953,9,2,6,3,0,4,1,0
126954,9,1,6,3,0,4,1,0
126955,8,1,6,3,0,2,0,0
126956,8,2,6,4,0,4,1,0
126957,9,1,6,4,0,3,1,0
126958,9,1,6,3,1,3,1,0
126959,9,2,6,4,1,4,1,0
126960,9,2,6,4,0,4,1,0
126961,9,1,6,NULL,1,2,0,1
126963,9,1,6,4,0,4,1,0
126964,9,2,6,4,0,3,1,0
126966,8,1,6,4,0,4,1,0
126967,8,2,6,4,0,3,1,0
126968,9,1,6,4,0,3,1,0
126969,8,2,6,4,0,4,1,0
126971,8,2,6,4,0,4,1,0
126973,8,1,6,NULL,0,2,0,1
126974,8,2,6,4,0,4,1,0
126976,9,2,6,4,0,3,1,0
126977,8,2,6,4,0,3,1,0
126978,8,1,6,3,0,3,1,0
126979,9,2,7,NULL,0,3,1,1
126981,9,2,7,4,0,3,1,0
126985,9,1,7,4,0,4,1,0
126986,9,1,7,4,0,2,0,0
126987,9,1,7,4,0,3,1,0
126988,10,2,7,4,0,3,1,0
126989,9,1,7,4,0,1,0,0
126990,10,2,7,2,1,2,0,0
126991,10,2,7,4,0,4,1,0
126992,9,1,7,NULL,1,2,0,1
126993,10,1,7,4,0,4,1,0
126994,9,1,7,4,0,3,1,0
126995,9,2,7,NULL,0,3,1,1
126996,9,1,7,4,0,4,1,0
126997,10,2,7,4,1,4,1,0
126998,9,1,7,4,0,3,1,0
126999,10,2,7,2,1,3,1,0
127000,4,2,1,4,0,3,1,0
127001,3,1,1,4,0,2,0,0
127002,4,2,1,3,0,3,1,0
127003,3,1,1,3,0,3,1,0
127005,4,2,1,3,0,4,1,0
127006,3,1,1,4,0,3,1,0
127007,4,1,1,4,0,4,1,0
127008,4,1,1,3,0,2,0,0
127009,3,1,1,4,0,3,1,0
127010,3,1,1,4,0,4,1,0
127011,3,1,1,4,0,4,1,0
127012,4,2,1,3,0,4,1,0
127016,6,1,4,4,0,3,1,0
127017,7,1,4,NULL,1,2,0,1
127018,7,2,4,4,0,4,1,0
127019,7,2,5,NULL,0,2,0,1
127020,6,1,4,4,0,4,1,0
127021,9,1,6,4,0,4,1,0
127022,7,1,4,4,1,4,1,0
127023,7,1,4,NULL,0,4,1,1
127024,7,2,4,3,0,3,1,0
127026,6,1,4,4,0,4,1,0
127027,7,1,4,4,0,4,1,0
127029,7,2,4,4,0,3,1,0
127031,6,1,4,4,0,4,1,0
127032,7,1,4,4,0,3,1,0
127033,7,1,4,4,0,3,1,0
127035,6,2,4,NULL,1,4,1,1
127036,8,1,5,4,0,4,1,0
127037,6,1,4,4,0,4,1,0
127038,7,2,4,2,0,2,0,0
127039,7,1,4,4,1,3,1,0
127040,7,1,4,4,0,3,1,0
127041,7,2,4,4,0,3,1,0
127042,7,2,4,4,1,4,1,0
127043,7,1,4,4,0,4,1,0
127044,7,2,4,4,0,3,1,0
127045,7,1,4,3,0,2,0,0
127046,8,1,5,3,0,3,1,0
127047,7,1,4,4,1,3,1,0
127049,7,2,4,4,0,4,1,0
127050,7,2,4,4,0,4,1,0
127051,7,1,4,4,0,4,1,0
127052,7,1,4,2,0,4,1,0
127053,6,2,4,3,1,4,1,0
127054,7,1,4,4,0,3,1,0
127055,7,2,5,4,0,3,1,0
127056,10,2,7,2,1,3,1,0
127057,9,1,7,3,0,4,1,0
127058,7,2,5,4,1,3,1,0
127059,8,1,5,NULL,1,3,1,1
127060,8,1,5,4,1,3,1,0
127061,7,2,5,NULL,0,3,1,1
127062,8,2,5,4,1,3,1,0
127063,7,1,5,2,0,3,1,0
127065,7,2,5,4,0,4,1,0
127066,7,1,5,4,0,4,1,0
127067,8,2,5,NULL,0,3,1,1
127068,8,1,5,4,1,2,0,0
127069,8,1,5,4,0,4,1,0
127070,8,1,5,NULL,1,3,1,1
127071,8,2,5,NULL,0,3,1,1
127072,9,2,6,2,0,4,1,0
127073,7,1,5,3,0,3,1,0
127074,8,1,5,4,0,3,1,0
127075,8,1,5,3,0,3,1,0
127077,9,2,6,4,1,3,1,0
127078,8,1,5,4,0,3,1,0
127079,8,2,5,4,0,3,1,0
127080,8,1,5,4,0,3,1,0
127081,8,2,5,3,0,2,0,0
127082,8,2,5,3,0,3,1,0
127083,7,1,5,4,0,4,1,0
127084,8,2,5,NULL,1,4,1,1
127085,9,1,6,3,1,2,0,0
127086,8,1,5,4,0,4,1,0
127087,8,2,5,4,0,4,1,0
127088,7,2,5,3,0,3,1,0
127089,8,1,5,4,0,4,1,0
127090,8,1,5,NULL,0,4,1,1
127091,9,1,6,4,1,2,0,0
127092,7,2,5,4,0,3,1,0
127093,7,1,5,NULL,1,4,1,1
127094,10,1,7,4,1,3,1,0
127095,9,1,6,4,1,3,1,0
127096,8,1,5,4,0,2,0,0
127097,7,1,5,NULL,0,2,0,1
127098,8,2,5,3,0,3,1,0
127099,8,2,5,4,0,3,1,0
127100,8,1,5,NULL,0,3,1,1
127101,8,2,6,NULL,0,3,1,1
127103,8,1,6,4,0,4,1,0
127104,9,2,6,4,1,3,1,0
127105,9,2,6,4,0,4,1,0
127106,8,2,6,3,0,2,0,0
127107,9,2,6,NULL,1,4,1,1
127108,8,2,6,4,0,4,1,0
127109,8,2,6,4,0,4,1,0
127110,8,2,6,4,0,4,1,0
127111,9,1,6,4,0,4,1,0
127112,9,2,6,4,0,3,1,0
127113,9,1,6,4,1,4,1,0
127115,9,2,6,4,0,4,1,0
127116,8,2,6,4,0,3,1,0
127117,9,2,6,3,0,3,1,0
127118,9,1,6,NULL,1,4,1,1
127119,9,2,6,3,1,4,1,0
127120,9,2,6,NULL,0,4,1,1
127121,8,2,6,3,0,4,1,0
127122,9,1,6,NULL,1,3,1,1
127123,8,2,6,4,0,4,1,0
127125,9,1,6,3,0,3,1,0
127126,9,2,6,NULL,0,4,1,1
127127,9,1,6,2,0,3,1,0
127128,9,1,6,NULL,0,3,1,1
127129,9,1,6,NULL,1,3,1,1
127132,9,2,6,3,0,3,1,0
127136,10,1,7,4,0,3,1,0
127137,10,2,7,4,0,3,1,0
127138,10,1,7,4,0,3,1,0
127140,10,2,7,4,1,3,1,0
127141,9,2,7,4,0,2,0,0
127143,9,1,7,4,0,4,1,0
127144,10,2,7,4,0,3,1,0
127146,10,1,7,3,0,4,1,0
127147,9,2,7,4,0,4,1,0
127148,10,2,7,4,0,2,0,0
127149,11,1,7,NULL,1,4,1,1
127150,10,1,7,4,0,2,0,0
127151,10,2,7,4,0,3,1,0
127152,9,2,7,4,1,4,1,0
127153,9,2,7,4,0,1,0,0
127154,10,2,7,NULL,0,4,1,1
127155,9,1,7,4,0,4,1,0
127156,10,2,7,NULL,1,3,1,1
127157,9,1,7,NULL,1,3,1,1
127158,10,1,7,4,1,3,1,0
127159,9,1,7,2,1,3,1,0
127161,9,1,7,4,1,3,1,0
127163,6,1,4,4,0,4,1,0
127168,7,2,4,4,0,4,1,0
127169,7,1,4,4,0,3,1,0
127171,6,1,4,3,0,3,1,0
127172,6,2,4,4,0,3,1,0
127173,8,1,4,4,0,4,1,0
127174,8,2,4,4,0,1,0,0
127175,6,1,4,4,0,2,0,0
127178,6,2,4,4,0,4,1,0
127179,6,1,4,4,0,2,0,0
127180,6,2,4,NULL,1,3,1,1
127181,7,1,4,1,1,2,0,0
127182,6,1,4,4,1,3,1,0
127183,7,2,4,4,0,4,1,0
127186,6,1,4,4,0,2,0,0
127187,6,2,4,3,0,3,1,0
127188,7,1,4,4,0,3,1,0
127189,6,2,4,4,0,4,1,0
127190,7,2,4,3,0,2,0,0
127192,7,2,4,NULL,1,4,1,1
127193,7,1,4,4,0,4,1,0
127195,6,2,4,4,0,3,1,0
127196,6,2,4,3,0,3,1,0
127198,7,2,4,4,0,4,1,0
127200,7,2,4,3,0,3,1,0
127201,7,2,4,2,0,4,1,0
127202,6,2,4,3,0,3,1,0
127203,6,2,4,3,0,2,0,0
127206,7,2,4,3,0,4,1,0
127207,7,1,4,NULL,1,2,0,1
127208,6,2,4,4,0,3,1,0
127209,7,1,5,3,0,3,1,0
127210,8,2,5,3,0,2,0,0
127211,7,1,5,4,0,4,1,0
127212,9,2,6,1,1,3,1,0
127213,7,1,5,NULL,1,3,1,1
127214,7,2,5,2,0,2,0,0
127215,7,2,5,3,1,3,1,0
127216,7,2,5,NULL,0,2,0,1
127217,7,1,5,4,0,3,1,0
127219,7,1,5,3,0,3,1,0
127220,7,1,5,3,0,3,1,0
127221,7,2,5,3,0,4,1,0
127222,7,2,5,3,0,4,1,0
127223,7,2,5,NULL,1,2,0,1
127224,9,2,7,3,0,3,1,0
127225,7,1,5,4,0,4,1,0
127226,7,1,5,NULL,0,4,1,1
127227,7,1,5,4,0,4,1,0
127228,7,2,5,3,0,2,0,0
127229,7,2,5,4,0,3,1,0
127230,7,1,5,4,0,3,1,0
127231,7,2,4,3,0,4,1,0
127232,7,2,5,4,0,3,1,0
127233,7,1,5,4,0,3,1,0
127234,7,2,5,NULL,1,3,1,1
127235,7,2,5,3,0,3,1,0
127236,7,2,5,4,0,4,1,0
127237,7,1,5,3,0,4,1,0
127238,7,1,5,4,0,4,1,0
127240,7,1,5,4,0,4,1,0
127241,7,2,5,3,1,3,1,0
127242,7,2,5,4,0,4,1,0
127243,7,1,5,NULL,0,4,1,1
127244,7,2,5,4,0,4,1,0
127245,7,2,5,4,1,3,1,0
127246,7,2,4,4,0,3,1,0
127247,7,2,5,4,0,4,1,0
127248,7,2,5,4,0,4,1,0
127249,9,1,6,3,0,2,0,0
127250,9,1,6,1,0,3,1,0
127251,9,1,6,NULL,0,4,1,1
127252,8,2,6,4,1,4,1,0
127253,9,1,6,2,0,2,0,0
127254,8,2,6,3,0,3,1,0
127255,10,1,7,NULL,0,1,0,1
127256,8,1,6,3,1,4,1,0
127257,9,1,6,4,1,2,0,0
127258,8,2,6,NULL,0,2,0,1
127259,8,1,6,3,0,3,1,0
127261,10,1,7,NULL,0,1,0,1
127262,8,1,6,4,1,4,1,0
127263,9,2,6,4,0,3,1,0
127264,9,1,7,3,0,3,1,0
127265,9,1,7,4,0,1,0,0
127266,10,2,7,4,0,4,1,0
127267,10,1,7,3,0,3,1,0
127268,8,1,6,3,0,3,1,0
127270,10,1,7,4,0,4,1,0
127271,8,2,6,4,0,3,1,0
127272,8,2,6,NULL,0,3,1,1
127273,8,1,6,NULL,0,3,1,1
127276,10,1,7,4,1,4,1,0
127277,8,2,6,2,0,1,0,0
127278,9,1,6,NULL,0,3,1,1
127279,9,1,7,4,0,3,1,0
127280,9,2,7,3,0,4,1,0
127281,10,2,7,4,0,3,1,0
127282,9,2,7,3,1,2,0,0
127283,10,1,7,4,0,3,1,0
127284,8,2,6,4,1,4,1,0
127286,8,2,6,4,0,3,1,0
127287,8,2,6,4,1,4,1,0
127288,9,2,7,NULL,1,3,1,1
127292,10,1,7,4,0,4,1,0
127293,9,2,7,4,0,4,1,0
127294,10,1,6,4,0,4,1,0
127295,9,2,6,3,1,3,1,0
127296,9,1,7,3,0,4,1,0
127297,9,1,6,NULL,0,3,1,1
127299,9,2,6,3,0,3,1,0
127301,8,1,6,4,0,4,1,0
127302,9,1,6,4,0,4,1,0
127303,8,2,6,2,0,3,1,0
127304,10,2,7,4,1,4,1,0
127305,9,1,7,NULL,0,1,0,1
127306,10,2,7,NULL,0,2,0,1
127307,9,2,6,3,0,4,1,0
127308,9,1,6,3,0,3,1,0
127309,10,2,7,NULL,0,3,1,1
127310,9,1,6,2,1,1,0,0
127314,10,2,7,4,1,3,1,0
127316,8,1,6,4,0,3,1,0
127317,10,1,7,3,0,4,1,0
127318,9,2,6,NULL,0,1,0,1
127320,8,2,6,3,0,3,1,0
127322,9,2,7,4,0,3,1,0
127325,9,2,7,4,0,4,1,0
127326,9,1,7,4,0,4,1,0
127328,9,2,7,4,0,2,0,0
127329,8,1,6,3,1,3,1,0
127331,9,1,7,4,0,3,1,0
127332,8,2,6,3,0,1,0,0
127333,9,1,6,4,0,4,1,0
127335,9,1,7,3,0,4,1,0
127336,9,2,6,NULL,0,2,0,1
127337,10,1,7,4,1,2,0,0
127338,8,1,6,NULL,0,3,1,1
127340,8,1,6,NULL,0,3,1,1
127342,8,1,6,NULL,1,3,1,1
127343,8,1,6,NULL,0,3,1,1
127345,9,2,6,3,1,2,0,0
127346,8,1,6,NULL,0,2,0,1
127347,9,2,6,NULL,1,2,0,1
127348,9,1,7,4,0,3,1,0
127349,9,2,7,NULL,1,3,1,1
127354,8,1,6,4,1,1,0,0
127355,10,1,6,NULL,0,1,0,1
127357,9,1,7,4,0,4,1,0
127359,8,1,6,1,1,3,1,0
127360,9,2,7,NULL,1,2,0,1
127361,8,2,6,3,0,3,1,0
127362,8,2,6,NULL,0,3,1,1
127363,8,2,6,4,0,3,1,0
127364,9,1,6,1,0,3,1,0
127365,9,1,7,4,0,4,1,0
127366,8,1,6,3,0,1,0,0
127368,9,1,7,4,1,4,1,0
127369,8,1,6,4,0,3,1,0
127370,9,1,6,NULL,0,3,1,1
127371,3,1,1,4,0,4,1,0
127372,4,1,1,4,0,4,1,0
127373,4,2,1,4,0,3,1,0
127375,4,2,1,4,0,3,1,0
127376,3,1,1,4,0,4,1,0
127377,4,2,1,4,0,3,1,0
127378,4,1,1,2,1,1,0,0
127379,4,1,1,4,0,4,1,0
127380,4,2,1,NULL,0,1,0,1
127381,3,1,1,3,1,4,1,0
127382,4,1,1,4,0,2,0,0
127383,4,1,1,2,1,2,0,0
127384,3,2,1,4,1,2,0,0
127385,3,2,1,4,0,2,0,0
127386,4,1,1,4,0,3,1,0
127387,4,2,1,1,0,3,1,0
127388,4,1,1,3,1,3,1,0
127391,4,2,1,NULL,1,4,1,1
127392,4,2,1,4,0,4,1,0
127393,4,2,1,4,0,3,1,0
127395,4,1,2,4,0,3,1,0
127397,6,1,2,3,0,4,1,0
127398,4,1,2,3,0,2,0,0
127399,5,1,2,4,0,1,0,0
127400,4,2,2,3,0,3,1,0
127401,4,1,2,4,1,4,1,0
127402,5,1,2,3,0,2,0,0
127403,4,2,2,2,0,2,0,0
127404,5,2,2,4,0,3,1,0
127408,4,1,2,4,0,3,1,0
127409,5,2,2,4,0,4,1,0
127411,5,1,2,4,0,4,1,0
127413,5,1,2,NULL,0,4,1,0
127414,5,2,2,3,0,4,1,0
127415,5,1,2,NULL,0,3,1,1
127416,4,1,2,3,0,3,1,0
127417,5,1,2,4,1,3,1,0
127418,4,2,2,4,0,4,1,0
127419,5,1,2,NULL,1,4,1,1
127422,6,1,3,3,1,2,0,0
127423,5,2,3,4,0,4,1,0
127424,6,2,3,4,0,3,1,0
127425,6,1,3,4,1,4,1,0
127426,6,1,3,4,1,3,1,0
127428,5,1,3,4,1,3,1,0
127429,6,2,3,4,0,3,1,0
127430,6,1,3,NULL,0,2,0,1
127431,6,1,3,3,0,2,0,0
127432,6,2,3,3,0,3,1,0
127433,5,2,3,4,0,4,1,0
127434,5,1,3,NULL,0,4,1,1
127435,6,2,3,4,0,3,1,0
127436,5,2,3,4,0,3,1,0
127437,6,1,3,NULL,0,4,1,1
127439,6,1,3,4,0,3,1,0
127440,6,2,3,2,0,3,1,0
127442,6,1,3,3,0,3,1,0
127443,5,2,3,4,0,4,1,0
127445,6,2,3,3,0,2,0,0
127446,6,2,3,3,0,3,1,0
127448,6,2,3,4,0,4,1,0
127449,6,1,4,4,0,3,1,0
127450,6,1,4,4,0,4,1,0
127451,6,2,4,4,1,4,1,0
127452,7,1,4,4,0,3,1,0
127454,6,1,4,3,1,3,1,0
127455,7,2,4,4,0,4,1,0
127456,6,1,4,4,0,3,1,0
127457,7,1,4,NULL,1,2,0,1
127459,7,1,4,3,0,3,1,0
127460,6,2,4,4,0,4,1,0
127461,6,2,4,NULL,1,3,1,1
127462,8,2,5,4,0,3,1,0
127463,6,1,4,3,1,3,1,0
127465,7,2,4,NULL,1,3,1,1
127466,7,1,4,4,0,3,1,0
127467,6,1,4,4,1,3,1,0
127468,6,1,4,4,1,3,1,0
127469,7,2,5,4,0,3,1,0
127470,7,1,4,NULL,1,3,1,1
127471,7,1,4,NULL,1,4,1,1
127472,7,1,4,4,1,3,1,0
127476,8,1,5,4,0,4,1,0
127490,10,1,6,4,1,3,1,0
127491,9,2,6,4,1,4,1,0
127492,8,1,6,3,0,3,1,0
127493,9,2,6,NULL,1,3,1,1
127494,8,2,6,4,0,4,1,0
127495,8,1,6,4,1,3,1,0
127496,9,1,6,4,1,4,1,0
127497,8,2,6,3,0,4,1,0
127498,8,2,6,4,1,3,1,0
127500,8,2,6,4,1,4,1,0
127501,9,1,6,4,0,1,0,0
127502,9,1,6,4,0,4,1,0
127503,8,2,6,NULL,1,3,1,1
127504,8,2,6,NULL,0,2,0,1
127506,8,1,6,4,1,4,1,0
127507,8,1,6,4,0,2,0,0
127508,8,2,6,NULL,0,3,1,1
127509,9,2,6,4,1,4,1,0
127510,9,1,6,NULL,1,2,0,1
127511,9,2,6,NULL,1,4,1,1
127512,9,2,6,3,0,3,1,0
127513,10,2,7,3,1,4,1,0
127514,10,1,7,4,1,3,1,0
127515,10,1,7,4,0,3,1,0
127516,10,1,7,NULL,1,4,1,1
127517,10,1,7,NULL,0,3,1,1
127518,10,2,7,4,0,2,0,0
127519,11,2,7,NULL,1,3,1,1
127521,9,2,7,NULL,1,1,0,1
127522,9,1,7,NULL,1,1,0,1
127523,10,2,7,NULL,1,2,0,1
127525,10,1,7,4,0,3,1,0
127526,10,1,7,4,0,4,1,0
127527,9,1,7,NULL,1,3,1,1
127528,10,1,7,4,0,4,1,0
127529,9,2,7,3,1,3,1,0
127530,10,2,7,4,0,3,1,0
127531,10,2,7,NULL,1,3,1,1
127532,6,1,4,3,1,3,1,0
127533,7,2,4,4,0,3,1,0
127534,6,1,4,4,0,4,1,0
127535,7,1,4,4,0,4,1,0
127536,7,1,4,3,0,1,0,0
127537,7,1,4,4,1,3,1,0
127538,6,1,4,4,0,4,1,0
127539,7,2,4,4,1,4,1,0
127540,7,2,4,4,0,3,1,0
127542,6,2,4,4,0,4,1,0
127543,6,2,4,NULL,0,3,1,1
127545,6,2,4,4,0,4,1,0
127546,7,2,5,4,1,4,1,0
127547,8,1,5,4,1,2,0,0
127548,8,2,5,4,0,3,1,0
127549,8,2,5,4,0,4,1,0
127550,6,2,5,4,0,4,1,0
127551,7,2,5,3,0,4,1,0
127552,8,1,5,NULL,0,2,0,1
127553,8,1,5,NULL,0,3,1,1
127554,7,2,5,4,0,3,1,0
127555,7,2,5,2,0,3,1,0
127556,7,2,5,NULL,0,2,0,1
127557,8,2,5,NULL,0,3,1,1
127558,8,2,5,3,0,4,1,0
127559,7,2,5,3,1,4,1,0
127560,8,2,5,2,0,3,1,0
127561,8,1,5,4,0,4,1,0
127562,7,1,5,4,0,4,1,0
127564,7,2,5,4,0,4,1,0
127565,8,2,6,2,1,4,1,0
127566,8,2,6,3,0,3,1,0
127568,8,1,6,3,0,4,1,0
127569,9,2,6,4,1,3,1,0
127570,9,2,6,4,0,3,1,0
127571,8,2,6,NULL,0,3,1,1
127572,9,1,6,4,0,3,1,0
127573,9,2,6,3,0,4,1,0
127574,9,1,6,3,1,4,1,0
127576,9,2,6,4,0,4,1,0
127577,9,2,6,4,0,3,1,0
127578,9,2,6,3,0,4,1,0
127579,9,2,6,4,0,3,1,0
127580,10,1,7,NULL,0,3,1,1
127581,9,2,7,4,0,1,0,0
127582,10,1,7,NULL,1,4,1,1
127583,10,2,7,NULL,1,3,1,1
127585,10,2,7,4,0,4,1,0
127586,10,2,7,3,0,4,1,0
127588,9,1,7,3,1,1,0,0
127589,9,2,7,4,1,4,1,0
127590,10,2,7,NULL,0,2,0,1
127591,9,1,7,4,1,4,1,0
127592,9,2,7,4,0,4,1,0
127593,10,2,7,NULL,0,4,1,1
127594,9,2,7,4,0,3,1,0
127595,10,1,7,3,0,4,1,0
127596,10,2,7,4,0,4,1,0
127599,10,1,7,NULL,0,1,0,1
127600,10,2,7,4,0,4,1,0
127601,8,1,5,4,1,3,1,0
127602,8,1,5,3,1,4,1,0
127603,9,1,5,4,0,4,1,0
127605,7,2,5,NULL,1,2,0,1
127606,7,2,5,3,0,3,1,0
127607,8,2,5,4,0,3,1,0
127609,8,2,5,3,1,3,1,0
127610,8,1,5,NULL,0,2,0,1
127611,7,2,5,NULL,0,3,1,1
127612,8,1,5,4,1,4,1,0
127613,1,1,1,NULL,0,4,1,1
127614,8,1,5,4,0,4,1,0
127616,8,1,5,4,0,4,1,0
127617,8,1,5,3,0,3,1,0
127619,7,1,5,4,0,3,1,0
127620,7,2,5,4,0,3,1,0
127621,7,2,5,4,0,4,1,0
127622,8,1,5,4,0,4,1,0
127623,8,2,5,NULL,1,2,0,1
127624,8,1,5,4,0,2,0,0
127625,8,2,5,4,0,3,1,0
127626,8,2,5,4,0,4,1,0
127627,8,2,5,4,1,3,1,0
127630,7,1,5,NULL,0,2,0,1
127631,8,2,5,NULL,1,3,1,1
127633,8,2,5,3,1,3,1,0
127634,8,2,5,4,0,3,1,0
127636,8,1,5,NULL,0,4,1,1
127637,8,2,5,3,0,4,1,0
127638,8,1,5,4,1,3,1,0
127639,8,1,5,4,0,4,1,0
127640,8,1,5,3,0,3,1,0
127641,8,1,5,4,0,3,1,0
127642,7,2,5,3,0,2,0,0
127643,8,1,5,4,1,3,1,0
127647,9,2,6,NULL,1,3,1,1
127648,8,2,6,4,0,4,1,0
127649,9,1,6,NULL,1,3,1,1
127650,9,2,6,3,0,4,1,0
127651,9,1,6,3,0,3,1,0
127652,9,1,6,4,1,4,1,0
127654,8,2,6,4,0,4,1,0
127655,10,1,6,NULL,0,2,0,1
127656,8,2,6,NULL,1,2,0,1
127657,8,1,6,NULL,1,3,1,1
127658,9,1,6,3,0,2,0,0
127659,10,2,6,4,0,3,1,0
127660,9,2,6,NULL,1,3,1,1
127663,9,1,6,NULL,1,1,0,1
127664,8,2,6,4,0,4,1,0
127665,9,1,6,NULL,1,2,0,1
127666,8,2,6,4,0,3,1,0
127667,9,1,6,4,0,4,1,0
127668,9,1,6,4,1,2,0,0
127669,9,1,6,NULL,1,2,0,1
127670,8,1,6,NULL,0,3,1,1
127671,9,1,6,NULL,1,4,1,1
127672,9,1,6,NULL,1,4,1,1
127673,9,2,6,4,0,4,1,0
127674,8,1,6,NULL,0,2,0,1
127675,9,2,7,4,0,4,1,0
127676,10,1,7,3,0,3,1,0
127677,10,1,7,4,0,4,1,0
127678,10,2,7,NULL,1,4,1,1
127679,9,2,7,3,0,3,1,0
127680,11,1,7,4,1,2,0,0
127681,9,2,7,NULL,1,4,1,1
127682,9,2,7,NULL,1,4,1,1
127683,11,2,7,4,0,3,1,0
127684,10,2,7,NULL,0,4,1,1
127685,10,2,7,4,1,3,1,0
127686,10,1,7,NULL,1,4,1,1
127687,10,2,7,2,1,4,1,0
127689,10,2,7,3,0,3,1,0
127690,10,1,7,NULL,1,2,0,1
127691,10,1,7,NULL,0,2,0,1
127692,11,1,7,4,1,4,1,0
127693,9,2,7,NULL,1,2,0,1
127694,10,1,7,4,0,2,0,0
127695,10,1,7,NULL,1,2,0,1
127697,10,1,7,4,1,4,1,0
127698,10,2,7,4,1,2,0,0
127699,10,1,7,4,1,3,1,0
127700,11,1,7,4,0,4,1,0
127701,9,2,7,NULL,0,3,1,1
127702,9,2,7,3,0,3,1,0
127703,9,1,7,4,0,2,0,0
127704,10,1,7,NULL,1,3,1,1
127705,10,1,7,4,1,3,1,0
127706,10,1,7,NULL,1,4,1,1
127707,10,2,7,2,0,2,0,0
127708,10,1,7,4,0,4,1,0
127709,10,1,7,4,1,4,1,0
127710,7,2,4,4,0,4,1,0
127711,7,2,4,3,0,2,0,0
127712,7,2,4,4,0,4,1,0
127713,7,2,4,4,0,4,1,0
127714,6,2,4,3,1,4,1,0
127715,7,2,4,4,0,3,1,0
127716,7,2,4,2,0,4,1,0
127717,6,2,4,4,0,3,1,0
127718,6,2,4,4,0,4,1,0
127719,6,2,4,4,0,3,1,0
127720,7,2,4,3,0,3,1,0
127721,7,2,4,4,0,3,1,0
127722,7,2,4,3,0,3,1,0
127723,7,2,4,4,0,4,1,0
127724,7,2,4,4,0,4,1,0
127725,6,2,4,3,0,4,1,0
127727,6,2,4,4,0,3,1,0
127728,6,2,4,4,0,4,1,0
127729,7,2,4,NULL,0,3,1,1
127730,7,2,4,4,0,3,1,0
127731,7,2,5,4,0,3,1,0
127732,8,2,5,4,1,4,1,0
127733,7,2,5,3,0,4,1,0
127734,7,2,5,4,0,3,1,0
127735,8,2,5,3,0,4,1,0
127736,7,2,5,4,0,4,1,0
127737,8,2,5,4,0,4,1,0
127738,8,2,5,3,0,3,1,0
127740,7,2,5,2,1,3,1,0
127741,7,2,5,3,0,3,1,0
127742,7,2,5,4,0,4,1,0
127743,8,2,5,3,0,3,1,0
127744,7,2,5,4,0,4,1,0
127745,7,2,5,NULL,0,2,0,1
127746,7,2,5,4,0,4,1,0
127747,7,2,5,4,0,3,1,0
127748,7,2,5,2,0,3,1,0
127749,8,2,5,4,0,4,1,0
127750,7,2,5,4,0,3,1,0
127751,8,2,5,4,0,4,1,0
127752,7,2,5,4,1,4,1,0
127754,7,2,5,4,0,4,1,0
127755,8,2,5,3,1,4,1,0
127756,8,2,5,4,0,4,1,0
127757,7,2,5,4,0,2,0,0
127758,7,2,5,4,0,3,1,0
127759,8,2,5,4,0,2,0,0
127760,7,2,5,2,0,3,1,0
127761,7,2,5,4,0,3,1,0
127762,7,2,5,4,0,4,1,0
127763,7,2,5,4,0,4,1,0
127764,8,2,5,4,0,4,1,0
127766,7,2,5,4,0,4,1,0
127767,8,2,5,3,0,3,1,0
127768,9,2,6,4,0,3,1,0
127769,8,2,6,3,0,3,1,0
127770,9,2,6,4,1,4,1,0
127771,9,2,6,2,0,2,0,0
127772,9,2,6,NULL,0,4,1,1
127773,8,2,6,4,0,4,1,0
127774,8,2,6,3,0,4,1,0
127775,8,2,6,2,0,4,1,0
127776,8,2,6,4,0,3,1,0
127777,8,2,6,NULL,0,4,1,1
127778,8,2,6,4,0,4,1,0
127779,8,2,6,3,0,3,1,0
127780,9,2,6,4,1,4,1,0
127781,9,2,6,4,0,3,1,0
127782,9,2,6,3,0,2,0,0
127783,8,2,6,4,0,3,1,0
127784,9,2,6,4,0,4,1,0
127785,8,2,6,4,0,2,0,0
127786,9,2,6,NULL,0,3,1,1
127787,8,2,6,4,1,3,1,0
127788,9,2,6,3,0,4,1,0
127789,8,2,6,4,0,4,1,0
127790,8,2,6,4,0,3,1,0
127791,10,2,6,NULL,0,2,0,1
127792,10,2,6,4,0,4,1,0
127793,9,2,6,4,0,3,1,0
127794,9,2,6,4,0,4,1,0
127795,9,2,6,4,0,4,1,0
127796,8,2,6,4,0,4,1,0
127797,9,2,6,NULL,0,3,1,1
127798,9,2,7,3,0,4,1,0
127799,10,2,7,4,0,4,1,0
127800,10,2,7,NULL,1,3,1,1
127801,9,2,7,4,0,1,0,0
127802,10,2,7,4,0,3,1,0
127803,9,2,7,NULL,0,2,0,1
127804,10,2,7,NULL,0,3,1,1
127805,10,2,7,NULL,0,2,0,1
127806,9,2,7,2,0,3,1,0
127807,9,2,7,3,0,3,1,0
127808,10,2,7,1,0,4,1,0
127809,10,2,7,NULL,1,3,1,1
127810,10,2,7,3,0,4,1,0
127811,9,2,7,4,0,3,1,0
127812,10,2,7,4,0,2,0,0
127813,10,2,7,NULL,0,3,1,1
127814,9,2,7,3,0,3,1,0
127815,10,2,7,NULL,1,3,1,1
127816,9,2,7,3,0,3,1,0
127817,9,2,7,2,0,3,1,0
127818,9,2,7,4,1,3,1,0
127819,9,2,7,3,0,3,1,0
127820,9,2,7,4,0,3,1,0
127821,10,2,7,4,0,4,1,0
127822,4,2,2,3,1,2,0,0
127823,4,2,2,4,1,2,0,0
127824,4,2,2,4,1,3,1,0
127826,4,1,2,4,0,4,1,0
127829,5,2,2,4,1,3,1,0
127832,4,1,2,4,1,1,0,0
127834,6,1,2,NULL,1,1,0,1
127835,4,2,2,4,0,3,1,0
127836,5,1,2,NULL,0,4,1,1
127837,4,1,2,4,0,4,1,0
127838,5,1,2,4,1,3,1,0
127841,4,2,2,4,0,4,1,0
127842,5,2,2,4,0,3,1,0
127843,5,1,2,4,1,3,1,0
127844,4,2,2,3,0,2,0,0
127845,4,2,2,NULL,1,4,1,1
127846,4,1,2,4,0,4,1,0
127847,4,1,2,4,0,4,1,0
127848,4,2,2,4,0,2,0,0
127849,4,1,2,4,0,4,1,0
127850,6,1,3,NULL,1,3,1,1
127851,5,1,3,4,0,3,1,0
127852,5,1,3,4,0,4,1,0
127853,5,1,3,4,1,3,1,0
127854,5,1,3,4,0,4,1,0
127855,5,1,3,3,0,3,1,0
127857,5,2,3,4,0,3,1,0
127858,5,2,3,3,1,2,0,0
127859,5,1,3,4,0,3,1,0
127860,5,1,3,4,1,2,0,0
127861,5,1,3,3,0,3,1,0
127863,5,1,3,4,0,2,0,0
127864,6,2,3,NULL,0,3,1,1
127865,5,2,3,2,1,2,0,0
127866,6,2,3,4,1,4,1,0
127867,5,1,3,3,0,4,1,0
127868,5,2,3,3,1,4,1,0
127870,5,1,3,4,1,3,1,0
127871,6,2,3,4,0,4,1,0
127874,5,1,3,4,0,3,1,0
127876,5,1,3,NULL,0,4,1,1
127877,5,2,3,4,1,3,1,0
127878,4,2,2,4,0,4,1,0
127879,5,2,2,4,0,3,1,0
127880,4,1,2,4,0,3,1,0
127881,5,1,2,4,0,4,1,0
127882,5,2,2,4,0,3,1,0
127883,4,1,2,4,0,2,0,0
127885,4,1,2,4,0,4,1,0
127886,4,2,2,3,0,4,1,0
127888,4,1,2,4,0,4,1,0
127889,5,1,2,4,1,3,1,0
127891,5,2,2,3,0,4,1,0
127892,5,1,2,3,0,3,1,0
127893,5,1,2,NULL,0,3,1,1
127894,4,2,2,4,1,3,1,0
127896,5,1,2,3,0,2,0,0
127897,4,2,2,3,0,2,0,0
127898,4,1,2,4,1,3,1,0
127899,5,2,2,3,0,2,0,0
127900,5,1,2,4,0,2,0,0
127901,4,2,2,3,1,3,1,0
127902,4,1,2,2,0,2,0,0
127903,5,1,2,2,1,2,0,0
127904,4,2,2,3,0,2,0,0
127906,5,2,3,4,0,4,1,0
127907,6,2,3,3,1,4,1,0
127908,5,1,3,4,1,3,1,0
127909,6,1,3,4,0,4,1,0
127910,5,2,3,3,1,2,0,0
127913,6,1,3,3,0,4,1,0
127914,6,1,3,3,1,3,1,0
127915,6,2,3,3,0,3,1,0
127916,5,1,3,4,0,3,1,0
127917,6,1,3,4,1,4,1,0
127918,6,2,3,4,0,3,1,0
127920,5,1,3,4,0,3,1,0
127921,6,2,3,3,0,3,1,0
127922,6,1,3,4,0,4,1,0
127924,6,2,3,4,0,4,1,0
127926,5,1,3,4,1,4,1,0
127927,5,1,3,4,0,4,1,0
127928,6,1,3,3,1,3,1,0
127929,5,2,3,3,0,4,1,0
127930,6,1,3,4,0,3,1,0
127931,5,1,3,3,0,2,0,0
127932,6,2,3,4,0,3,1,0
127933,6,2,3,3,0,2,0,0
127934,7,1,3,3,0,1,0,0
127936,4,1,2,4,1,4,1,0
127937,4,2,2,2,0,3,1,0
127938,4,2,2,3,1,3,1,0
127939,5,2,2,3,1,3,1,0
127940,4,1,2,4,1,4,1,0
127941,4,2,2,3,1,2,0,0
127942,4,1,2,4,1,4,1,0
127944,5,2,2,4,1,3,1,0
127945,4,2,2,4,0,4,1,0
127946,4,1,2,4,0,3,1,0
127947,4,2,2,3,0,2,0,0
127948,4,2,2,3,1,3,1,0
127949,4,2,2,3,1,3,1,0
127950,5,1,2,4,1,4,1,0
127952,4,2,2,4,0,4,1,0
127953,4,2,2,3,0,3,1,0
127954,5,2,3,4,0,3,1,0
127955,5,1,3,3,0,3,1,0
127956,7,2,3,NULL,1,4,1,1
127957,5,1,3,4,0,3,1,0
127958,5,2,3,4,0,4,1,0
127959,6,2,3,4,1,4,1,0
127960,5,2,3,4,0,4,1,0
127961,6,1,3,4,1,3,1,0
127963,5,1,3,3,1,2,0,0
127964,5,2,3,3,1,4,1,0
127965,7,2,3,3,0,3,1,0
127966,5,2,3,4,1,4,1,0
127967,5,2,3,4,1,4,1,0
127968,5,2,3,4,0,4,1,0
127969,5,1,3,4,1,3,1,0
127970,5,2,3,NULL,1,3,1,1
127971,5,1,3,NULL,1,2,0,1
127972,6,2,3,3,0,4,1,0
127973,5,2,3,4,0,2,0,0
127974,6,1,3,4,1,3,1,0
127975,7,2,3,NULL,1,4,1,1
127976,6,1,3,4,0,4,1,0
127977,5,2,3,4,0,4,1,0
127978,8,2,5,4,1,4,1,0
127979,7,2,5,4,1,3,1,0
127980,8,2,5,4,0,4,1,0
127981,8,1,6,NULL,1,3,1,1
127982,7,1,5,4,0,3,1,0
127983,7,1,5,NULL,1,3,1,1
127984,7,2,5,NULL,1,4,1,1
127985,8,1,5,4,0,4,1,0
127986,10,1,6,NULL,0,4,1,1
127987,7,2,5,4,0,3,1,0
127988,8,1,5,4,0,3,1,0
127989,8,2,5,4,0,3,1,0
127990,8,2,5,4,0,3,1,0
127991,8,1,5,4,1,3,1,0
127993,8,2,5,4,0,1,0,0
127994,8,2,5,4,0,4,1,0
127995,8,1,5,3,0,3,1,0
127996,10,1,6,NULL,1,4,1,1
127997,8,1,5,NULL,1,4,1,1
127998,7,1,5,4,0,4,1,0
127999,7,2,5,3,0,2,0,0
128000,8,2,5,NULL,1,3,1,1
128001,9,1,4,4,0,2,0,0
128003,8,1,6,4,0,3,1,0
128005,8,2,6,4,0,3,1,0
128006,9,1,6,3,0,3,1,0
128007,10,2,7,4,0,2,0,0
128008,10,1,6,4,0,3,1,0
128009,9,1,6,3,1,2,0,0
128010,9,2,6,4,0,4,1,0
128011,9,2,6,4,0,3,1,0
128012,10,1,6,4,1,3,1,0
128013,9,2,6,NULL,1,2,0,1
128015,9,2,6,2,0,3,1,0
128016,9,1,6,4,0,1,0,0
128017,9,2,6,4,0,4,1,0
128018,9,2,6,4,0,4,1,0
128019,9,2,6,NULL,1,4,1,1
128021,9,1,6,4,0,4,1,0
128022,9,2,6,3,0,3,1,0
128023,8,2,6,NULL,1,4,1,1
128024,9,2,7,4,0,4,1,0
128025,10,1,7,NULL,0,4,1,1
128026,9,2,7,4,0,4,1,0
128027,9,2,7,4,1,3,1,0
128028,9,2,7,4,1,4,1,0
128029,9,2,7,NULL,1,1,0,1
128030,9,2,7,2,0,3,1,0
128031,9,1,7,NULL,0,1,0,1
128032,9,1,7,NULL,1,2,0,1
128033,10,1,7,3,1,3,1,0
128034,9,1,7,NULL,0,1,0,1
128036,9,2,7,NULL,1,4,1,1
128037,9,2,7,4,0,2,0,0
128038,9,2,7,4,0,4,1,0
128039,10,2,7,NULL,1,4,1,1
128040,10,2,7,4,0,4,1,0
128041,10,1,7,3,1,2,0,0
128042,9,2,7,NULL,0,3,1,1
128043,7,1,4,4,0,4,1,0
128044,7,1,4,NULL,1,2,0,1
128045,6,2,4,NULL,0,2,0,1
128046,7,2,4,NULL,1,4,1,1
128047,7,2,4,NULL,1,2,0,1
128048,8,1,4,4,0,4,1,0
128050,7,2,4,4,0,3,1,0
128051,7,1,4,3,1,4,1,0
128052,6,2,4,NULL,1,3,1,1
128053,6,2,4,3,0,3,1,0
128054,7,2,4,4,0,4,1,0
128055,7,2,4,3,0,1,0,0
128056,6,1,4,4,1,3,1,0
128057,6,2,4,NULL,1,3,1,1
128058,6,1,4,3,1,3,1,0
128059,6,1,4,NULL,1,3,1,1
128060,7,2,4,4,0,3,1,0
128061,7,1,4,3,1,3,1,0
128062,6,2,4,2,0,3,1,0
128063,8,2,4,NULL,1,3,1,1
128064,6,2,4,3,0,3,1,0
128065,6,2,4,3,0,2,0,0
128066,6,2,4,NULL,1,2,0,1
128067,7,1,4,4,0,4,1,0
128068,6,2,4,4,0,4,1,0
128069,7,2,4,NULL,0,2,0,1
128072,6,1,4,4,1,4,1,0
128074,6,1,4,4,0,4,1,0
128075,7,2,4,4,0,4,1,0
128077,6,1,4,4,0,1,0,0
128078,7,2,4,NULL,0,3,1,1
128079,7,2,4,4,1,3,1,0
128081,7,2,4,NULL,1,3,1,1
128082,6,1,4,NULL,0,4,1,1
128083,8,2,4,4,0,3,1,0
128086,6,2,4,NULL,0,3,1,1
128087,6,2,4,NULL,0,3,1,1
128088,7,1,4,4,0,4,1,0
128089,7,1,4,4,0,4,1,0
128090,7,1,4,4,0,4,1,0
128091,7,2,4,4,1,4,1,0
128092,7,1,4,4,0,3,1,0
128093,7,2,4,2,0,4,1,0
128094,6,1,4,2,0,3,1,0
128096,7,2,4,3,0,3,1,0
128097,7,2,4,4,1,3,1,0
128099,7,1,4,3,0,4,1,0
128100,7,2,4,4,0,3,1,0
128102,7,2,4,2,0,4,1,0
128103,6,1,4,4,0,2,0,0
128104,7,2,4,4,0,4,1,0
128106,4,1,1,4,0,4,1,0
128108,3,1,1,4,0,4,1,0
128109,3,2,1,4,1,3,1,0
128110,4,2,1,4,0,2,0,0
128111,3,1,1,4,1,2,0,0
128112,3,1,1,4,0,4,1,0
128113,5,2,1,NULL,0,4,1,1
128114,4,2,1,4,1,3,1,0
128115,4,1,1,4,0,4,1,0
128117,3,1,1,4,0,3,1,0
128118,4,2,1,4,0,3,1,0
128119,4,2,1,NULL,1,3,1,1
128120,4,2,1,4,0,3,1,0
128121,4,1,1,4,0,3,1,0
128122,3,1,1,4,1,4,1,0
128123,4,1,1,4,0,4,1,0
128124,4,1,1,4,1,3,1,0
128125,4,2,1,4,1,4,1,0
128127,3,1,1,4,1,2,0,0
128128,3,1,1,4,0,2,0,0
128129,3,2,1,4,0,2,0,0
128130,4,2,1,4,0,4,1,0
128131,2,1,1,4,0,4,1,0
128133,4,1,1,2,0,3,1,0
128134,4,1,1,4,0,4,1,0
128135,3,2,1,4,1,3,1,0
128136,3,1,1,4,0,3,1,0
128138,3,1,1,4,0,3,1,0
128139,3,2,1,4,0,4,1,0
128140,4,2,1,3,0,3,1,0
128141,4,1,1,4,0,4,1,0
128142,4,1,1,4,0,4,1,0
128143,3,2,1,4,0,4,1,0
128144,4,1,1,4,0,4,1,0
128146,5,2,1,4,1,1,0,0
128147,3,1,1,4,0,3,1,0
128148,3,2,1,4,0,4,1,0
128149,4,1,1,4,0,4,1,0
128150,4,2,1,4,0,4,1,0
128151,3,2,1,4,0,4,1,0
128152,3,2,1,4,0,2,0,0
128153,3,2,1,4,0,3,1,0
128154,3,2,1,4,0,4,1,0
128155,4,2,1,4,0,4,1,0
128156,4,2,1,4,0,4,1,0
128157,3,2,1,4,0,2,0,0
128158,4,2,1,3,1,1,0,0
128159,3,1,1,4,1,2,0,0
128160,4,2,1,3,1,4,1,0
128161,3,1,1,4,0,1,0,0
128162,4,1,1,4,0,3,1,0
128163,3,1,1,4,0,3,1,0
128165,4,1,1,4,0,3,1,0
128166,4,2,1,4,0,3,1,0
128167,3,1,1,4,0,3,1,0
128168,4,2,1,4,1,3,1,0
128169,4,1,1,3,1,3,1,0
128170,4,2,1,4,0,3,1,0
128171,4,1,1,3,0,3,1,0
128172,3,1,1,4,1,4,1,0
128173,4,2,1,4,0,4,1,0
128174,4,2,1,3,1,3,1,0
128176,3,2,1,4,0,3,1,0
128177,4,1,1,4,0,4,1,0
128178,4,2,1,4,0,4,1,0
128179,4,1,1,4,0,4,1,0
128180,4,2,1,3,0,4,1,0
128181,4,2,1,4,0,4,1,0
128182,4,1,1,NULL,0,3,1,1
128183,4,2,1,4,0,4,1,0
128184,4,1,1,4,1,4,1,0
128185,4,2,1,4,1,4,1,0
128186,4,1,1,3,0,3,1,0
128187,4,1,1,4,0,4,1,0
128188,4,2,1,4,0,4,1,0
128189,4,1,1,4,0,3,1,0
128190,6,1,2,4,0,4,1,0
128191,5,1,2,4,0,4,1,0
128192,5,2,2,NULL,1,2,0,1
128193,5,1,2,4,0,3,1,0
128194,5,1,2,4,0,4,1,0
128195,4,1,2,4,0,4,1,0
128196,5,1,2,4,0,4,1,0
128197,5,1,2,NULL,0,3,1,1
128198,5,1,2,4,1,3,1,0
128199,5,1,2,3,0,3,1,0
128200,5,1,2,3,1,3,1,0
128202,4,1,2,2,1,4,1,0
128203,5,1,2,4,0,3,1,0
128204,5,1,3,4,0,4,1,0
128205,6,1,3,3,0,3,1,0
128206,5,1,2,4,0,4,1,0
128207,5,2,3,4,0,3,1,0
128208,5,2,3,4,0,3,1,0
128209,6,1,3,4,0,4,1,0
128210,6,1,3,4,1,4,1,0
128211,5,1,2,4,0,4,1,0
128212,6,1,3,4,0,4,1,0
128213,5,1,2,4,0,4,1,0
128214,6,2,3,4,1,2,0,0
128216,5,1,3,4,0,4,1,0
128218,6,1,3,4,0,3,1,0
128219,6,1,3,NULL,0,2,0,1
128220,6,1,3,4,0,4,1,0
128221,5,1,2,4,0,3,1,0
128222,4,1,2,4,0,3,1,0
128223,6,2,3,4,0,4,1,0
128224,6,1,3,4,0,4,1,0
128225,5,1,2,4,1,2,0,0
128226,4,1,1,4,0,4,1,0
128227,4,2,1,4,1,3,1,0
128228,4,2,1,4,1,4,1,0
128229,4,2,1,4,0,4,1,0
128230,4,1,1,4,0,4,1,0
128231,4,1,1,4,0,3,1,0
128232,4,1,1,3,0,4,1,0
128233,3,2,1,3,1,4,1,0
128234,4,2,1,4,0,4,1,0
128235,4,2,1,4,0,3,1,0
128236,4,1,1,3,0,4,1,0
128237,3,1,1,4,0,4,1,0
128238,5,1,1,4,0,3,1,0
128239,3,2,1,4,1,4,1,0
128240,4,2,1,4,0,4,1,0
128241,3,2,1,4,0,4,1,0
128242,3,2,1,3,1,3,1,0
128243,4,1,1,3,1,4,1,0
128244,4,1,1,4,0,4,1,0
128245,4,2,1,4,1,3,1,0
128246,4,1,1,4,1,3,1,0
128247,4,2,1,4,1,3,1,0
128248,4,2,1,4,0,4,1,0
128249,4,1,1,4,0,4,1,0
128250,5,1,2,3,0,3,1,0
128251,6,1,3,4,0,3,1,0
128252,6,2,3,4,0,3,1,0
128253,6,2,3,3,1,3,1,0
128254,6,1,3,4,0,4,1,0
128255,5,1,2,4,0,4,1,0
128256,5,1,2,4,0,4,1,0
128257,5,2,2,4,0,3,1,0
128258,6,1,3,4,0,3,1,0
128259,6,2,3,4,0,3,1,0
128261,4,1,2,4,0,4,1,0
128262,6,2,3,4,0,3,1,0
128263,5,2,3,3,0,4,1,0
128264,5,1,3,4,0,3,1,0
128265,6,2,3,3,0,4,1,0
128266,6,1,3,4,0,4,1,0
128267,4,1,2,4,1,4,1,0
128268,5,2,2,3,0,3,1,0
128269,5,2,3,4,0,2,0,0
128270,5,1,3,3,0,3,1,0
128271,6,1,3,3,0,3,1,0
128272,5,1,2,3,1,3,1,0
128273,5,1,2,4,0,4,1,0
128274,5,1,3,4,0,4,1,0
128275,6,1,3,4,1,3,1,0
128276,4,2,2,4,0,4,1,0
128277,4,2,2,4,0,4,1,0
128278,6,2,3,4,0,3,1,0
128279,6,1,4,4,1,3,1,0
128280,7,1,4,NULL,0,2,0,1
128281,7,1,4,4,0,4,1,0
128282,6,2,4,4,0,4,1,0
128283,6,1,4,4,0,4,1,0
128284,6,2,4,4,0,4,1,0
128285,6,2,4,4,1,3,1,0
128286,6,2,4,3,0,2,0,0
128287,7,2,4,4,0,3,1,0
128288,6,1,4,4,0,4,1,0
128290,6,2,4,NULL,1,3,1,1
128291,7,2,4,4,0,4,1,0
128292,6,2,4,4,0,3,1,0
128293,7,2,4,4,0,4,1,0
128294,6,1,4,4,0,3,1,0
128295,6,2,4,4,0,3,1,0
128296,7,2,4,3,0,3,1,0
128297,7,1,4,4,1,4,1,0
128298,7,1,4,4,1,2,0,0
128301,8,2,4,4,1,3,1,0
128302,8,1,4,3,0,2,0,0
128303,7,1,4,NULL,1,3,1,1
128304,7,1,4,NULL,1,2,0,1
128305,8,1,4,4,0,3,1,0
128306,7,1,4,3,0,3,1,0
128307,7,1,4,4,0,2,0,0
128311,6,1,4,NULL,1,2,0,1
128312,6,1,4,4,0,3,1,0
128313,6,2,4,3,0,1,0,0
128314,6,2,4,4,1,4,1,0
128315,7,2,4,4,1,3,1,0
128316,8,1,4,NULL,0,3,1,1
128317,6,2,4,3,1,2,0,0
128318,6,1,4,4,1,2,0,0
128319,7,1,4,4,0,4,1,0
128320,6,2,4,4,0,4,1,0
128321,7,2,5,4,1,3,1,0
128322,7,2,5,NULL,1,3,1,1
128323,7,1,5,3,1,2,0,0
128324,7,1,5,4,0,2,0,0
128325,7,1,5,NULL,1,3,1,1
128326,7,1,5,4,1,3,1,0
128327,7,2,5,4,0,4,1,0
128328,7,1,5,4,0,4,1,0
128329,8,2,5,3,0,2,0,0
128330,8,1,5,4,0,3,1,0
128331,7,2,5,4,1,3,1,0
128333,7,2,5,3,0,3,1,0
128334,8,1,5,NULL,1,3,1,1
128335,7,1,5,4,0,4,1,0
128336,7,1,5,4,0,4,1,0
128337,7,2,5,4,0,3,1,0
128338,8,2,5,3,0,4,1,0
128339,8,1,5,4,1,4,1,0
128340,8,2,5,4,1,3,1,0
128341,8,2,5,4,1,4,1,0
128342,8,1,5,3,0,2,0,0
128343,8,1,5,NULL,0,4,1,1
128344,7,1,5,4,1,4,1,0
128346,7,1,5,4,1,4,1,0
128347,8,1,5,4,0,4,1,0
128348,8,1,5,3,0,4,1,0
128350,8,2,5,4,1,3,1,0
128351,8,2,5,4,1,4,1,0
128352,8,2,5,3,0,3,1,0
128353,8,1,5,NULL,1,3,1,1
128354,7,1,5,4,1,4,1,0
128356,8,1,5,NULL,1,4,1,1
128357,7,1,5,3,1,3,1,0
128358,8,2,5,4,0,4,1,0
128359,8,1,5,4,0,4,1,0
128360,7,2,5,4,1,4,1,0
128361,8,1,6,4,0,3,1,0
128363,8,2,6,NULL,1,3,1,1
128365,8,1,6,4,1,2,0,0
128366,8,1,6,4,0,4,1,0
128367,8,1,6,4,0,4,1,0
128368,10,2,7,NULL,1,2,0,1
128369,8,1,6,4,1,4,1,0
128370,8,2,6,3,0,3,1,0
128371,9,2,6,4,0,4,1,0
128372,9,2,6,3,1,2,0,0
128373,9,1,6,4,1,4,1,0
128374,9,2,6,2,0,3,1,0
128375,9,1,6,NULL,1,4,1,1
128376,9,2,6,NULL,0,3,1,1
128379,10,1,7,NULL,1,3,1,1
128380,9,1,6,2,0,3,1,0
128382,8,1,6,3,0,3,1,0
128383,9,1,6,3,0,4,1,0
128384,9,2,6,4,0,4,1,0
128385,9,1,6,4,0,4,1,0
128388,9,2,7,4,0,3,1,0
128389,10,2,7,4,0,4,1,0
128390,9,2,7,4,0,3,1,0
128391,9,1,7,2,0,4,1,0
128392,10,1,7,NULL,1,1,0,1
128393,9,2,7,NULL,1,3,1,1
128394,10,2,7,4,1,4,1,0
128395,10,2,7,NULL,1,4,1,1
128397,10,1,7,4,0,4,1,0
128398,9,2,7,4,0,4,1,0
128399,9,2,7,4,1,4,1,0
128400,10,1,7,3,1,3,1,0
128401,10,2,7,4,0,4,1,0
128402,9,2,7,4,0,4,1,0
128403,9,2,7,4,0,4,1,0
128404,9,1,7,NULL,0,3,1,1
128405,10,1,7,NULL,0,2,0,1
128406,10,1,7,4,0,4,1,0
128407,9,1,6,4,0,4,1,0
128408,10,1,7,3,1,3,1,0
128409,10,1,7,NULL,0,1,0,1
128410,8,2,7,NULL,0,3,1,1
128411,10,2,7,4,1,4,1,0
128412,10,1,7,4,0,3,1,0
128413,10,2,7,3,0,1,0,0
128415,10,1,7,NULL,0,2,0,1
128416,9,2,7,NULL,1,3,1,1
128417,9,1,7,4,1,2,0,0
128418,9,1,7,NULL,0,3,1,1
128419,10,1,7,4,0,4,1,0
128420,10,2,7,4,0,3,1,0
128421,10,2,7,NULL,0,3,1,1
128422,9,1,7,4,0,4,1,0
128423,10,1,7,4,1,3,1,0
128424,10,1,7,NULL,1,2,0,1
128425,9,1,7,2,1,3,1,0
128426,10,1,7,2,1,4,1,0
128427,9,1,7,NULL,0,2,0,1
128428,10,1,7,NULL,0,3,1,1
128429,10,1,7,NULL,0,2,0,1
128430,10,1,7,4,0,4,1,0
128431,9,2,7,NULL,0,4,1,1
128433,3,2,1,3,0,2,0,0
128434,4,2,1,3,1,1,0,0
128435,4,2,1,4,0,4,1,0
128436,4,1,1,4,0,4,1,0
128437,4,1,1,4,1,4,1,0
128438,3,2,1,4,1,3,1,0
128439,3,2,1,1,1,3,1,0
128440,3,1,1,4,0,1,0,0
128442,4,2,1,4,0,3,1,0
128443,3,2,1,4,0,3,1,0
128445,4,2,1,2,1,4,1,0
128446,4,2,2,4,0,3,1,0
128447,5,2,2,3,1,3,1,0
128448,5,2,2,3,1,3,1,0
128450,5,1,2,4,1,1,0,0
128451,4,2,2,4,0,4,1,0
128453,5,2,2,4,0,3,1,0
128454,4,2,2,4,0,3,1,0
128455,5,1,2,4,0,3,1,0
128456,4,2,2,3,0,3,1,0
128458,5,2,2,3,0,4,1,0
128459,4,2,2,4,0,3,1,0
128460,6,1,3,4,0,1,0,0
128461,6,1,3,4,1,4,1,0
128462,7,2,3,4,1,4,1,0
128463,6,2,3,4,0,3,1,0
128464,6,2,3,3,0,2,0,0
128465,5,1,3,3,0,4,1,0
128466,6,2,3,4,0,3,1,0
128467,6,1,3,4,1,4,1,0
128468,7,1,3,4,0,4,1,0
128469,6,2,3,NULL,1,2,0,1
128470,6,2,3,3,1,4,1,0
128472,6,2,3,NULL,1,1,0,1
128475,3,1,1,3,0,4,1,0
128476,4,2,1,3,0,3,1,0
128477,3,1,1,4,0,4,1,0
128478,3,2,1,4,0,4,1,0
128479,3,2,1,4,0,2,0,0
128480,3,1,1,4,0,4,1,0
128482,3,2,1,4,0,3,1,0
128483,4,1,1,4,0,4,1,0
128484,3,1,1,3,0,3,1,0
128485,3,2,1,4,0,3,1,0
128486,3,1,1,3,1,3,1,0
128487,3,2,1,4,0,4,1,0
128488,3,2,1,4,1,4,1,0
128489,3,1,1,NULL,1,3,1,1
128493,3,1,1,3,0,3,1,0
128494,4,1,1,4,1,4,1,0
128495,4,2,1,3,0,3,1,0
128496,3,1,1,4,0,4,1,0
128497,4,2,1,4,0,3,1,0
128498,3,1,1,4,0,4,1,0
128499,4,2,1,3,0,3,1,0
128500,3,2,1,4,0,4,1,0
128501,4,2,1,4,0,3,1,0
128502,3,2,1,4,0,4,1,0
128503,4,1,1,4,0,3,1,0
128504,3,1,1,4,0,4,1,0
128505,3,1,1,4,0,4,1,0
128506,3,1,1,4,0,4,1,0
128507,3,2,1,4,0,3,1,0
128508,4,2,1,4,0,3,1,0
128509,3,2,1,4,0,4,1,0
128510,4,2,1,4,0,4,1,0
128512,4,1,1,4,1,4,1,0
128513,4,1,2,3,0,4,1,0
128514,5,2,2,4,0,3,1,0
128515,4,1,2,4,0,3,1,0
128516,4,1,2,4,0,4,1,0
128518,4,2,2,4,1,4,1,0
128519,4,1,2,3,0,4,1,0
128520,5,2,2,4,0,4,1,0
128521,4,1,2,4,0,3,1,0
128522,4,1,2,3,0,3,1,0
128523,4,2,2,4,0,4,1,0
128524,4,2,2,3,0,4,1,0
128525,5,1,2,4,0,4,1,0
128526,4,1,2,4,0,4,1,0
128528,4,2,2,3,1,3,1,0
128530,4,1,2,4,0,3,1,0
128531,4,1,2,3,1,2,0,0
128532,5,2,2,3,0,3,1,0
128533,4,2,2,4,0,3,1,0
128534,5,1,2,4,1,3,1,0
128535,4,2,2,4,0,4,1,0
128536,4,2,2,3,0,4,1,0
128537,5,2,2,NULL,0,1,0,1
128538,4,2,2,3,0,3,1,0
128539,4,2,2,4,0,4,1,0
128540,4,2,2,3,0,3,1,0
128541,4,1,2,4,0,3,1,0
128542,4,1,2,4,0,4,1,0
128544,4,2,2,4,0,4,1,0
128548,4,2,2,3,0,3,1,0
128550,5,1,2,4,0,3,1,0
128551,4,2,2,3,1,3,1,0
128552,4,1,2,4,0,3,1,0
128553,4,2,2,3,1,2,0,0
128554,5,2,2,4,0,3,1,0
128555,4,2,2,4,0,4,1,0
128556,4,2,2,4,0,3,1,0
128557,5,1,2,4,0,4,1,0
128558,4,1,2,2,1,4,1,0
128559,4,1,2,4,0,4,1,0
128561,4,2,2,NULL,0,3,1,1
128562,4,2,2,4,0,4,1,0
128563,4,1,2,4,0,4,1,0
128565,5,2,3,2,1,3,1,0
128566,5,2,3,3,0,3,1,0
128567,5,1,3,4,0,3,1,0
128568,5,1,3,4,0,2,0,0
128569,5,2,3,4,0,4,1,0
128570,5,1,3,4,0,3,1,0
128571,5,2,3,4,1,3,1,0
128572,5,2,3,4,0,4,1,0
128573,5,1,3,3,1,3,1,0
128574,5,1,3,4,1,4,1,0
128575,5,2,3,4,0,4,1,0
128576,5,2,3,4,0,4,1,0
128577,5,2,3,NULL,0,3,1,1
128578,6,1,3,3,1,3,1,0
128579,5,2,3,2,0,2,0,0
128580,5,2,3,4,0,4,1,0
128581,6,1,3,3,0,4,1,0
128582,5,1,3,4,0,3,1,0
128583,6,1,3,4,0,4,1,0
128584,5,2,3,4,1,4,1,0
128586,6,2,3,NULL,1,4,1,1
128587,5,2,3,3,0,3,1,0
128589,5,1,3,4,0,2,0,0
128590,5,2,3,4,0,4,1,0
128591,6,1,3,4,0,4,1,0
128592,5,1,3,4,0,4,1,0
128593,5,2,3,2,0,4,1,0
128594,5,1,3,4,0,4,1,0
128595,5,1,3,3,0,3,1,0
128596,5,2,3,4,0,4,1,0
128597,5,2,3,4,1,4,1,0
128598,5,1,3,3,0,3,1,0
128599,5,1,3,4,1,4,1,0
128600,5,2,3,4,0,4,1,0
128601,5,2,3,4,0,3,1,0
128602,7,2,4,4,1,1,0,0
128603,6,1,4,4,0,4,1,0
128604,7,2,4,3,1,3,1,0
128605,6,1,4,3,0,4,1,0
128606,6,2,4,4,0,3,1,0
128607,6,1,4,4,1,3,1,0
128608,6,1,4,4,0,3,1,0
128609,7,1,4,2,0,3,1,0
128610,7,2,4,4,0,3,1,0
128611,6,1,4,4,0,3,1,0
128612,7,2,4,3,1,4,1,0
128613,7,2,4,4,1,4,1,0
128614,8,2,4,4,1,4,1,0
128615,7,2,4,3,0,3,1,0
128616,7,1,4,4,0,3,1,0
128617,6,2,4,4,0,4,1,0
128618,7,1,4,3,1,2,0,0
128619,6,2,4,3,0,2,0,0
128620,7,2,4,NULL,1,4,1,1
128621,8,1,4,4,0,4,1,0
128622,6,2,4,3,0,4,1,0
128623,7,2,4,4,0,4,1,0
128624,6,2,4,4,0,4,1,0
128625,7,1,4,NULL,0,4,1,1
128627,7,2,4,4,1,4,1,0
128628,7,1,4,4,0,4,1,0
128629,7,2,4,4,0,3,1,0
128630,7,2,4,4,0,4,1,0
128632,6,1,4,4,0,4,1,0
128633,6,2,4,4,0,4,1,0
128634,7,2,4,4,1,2,0,0
128635,7,2,4,NULL,0,4,1,1
128636,7,1,4,NULL,0,3,1,1
128637,7,1,4,4,0,4,1,0
128638,8,1,4,NULL,1,1,0,1
128639,6,2,4,4,0,4,1,0
128640,7,2,4,4,1,3,1,0
128641,7,2,4,4,0,4,1,0
128642,7,1,4,4,1,3,1,0
128643,7,1,4,4,1,4,1,0
128644,7,2,4,4,0,3,1,0
128645,6,1,4,4,1,2,0,0
128646,7,2,4,4,0,3,1,0
128647,8,1,5,4,0,3,1,0
128648,7,2,5,NULL,1,3,1,1
128649,8,2,5,NULL,0,3,1,1
128650,8,1,5,4,1,4,1,0
128651,8,2,5,NULL,0,4,1,1
128652,8,2,5,3,1,4,1,0
128653,7,2,5,3,0,3,1,0
128654,8,1,5,4,0,4,1,0
128655,8,1,5,2,1,2,0,0
128656,8,1,5,NULL,0,3,1,1
128657,8,1,5,4,0,3,1,0
128658,7,1,5,3,0,2,0,0
128659,8,2,5,3,1,4,1,0
128660,7,2,5,4,0,3,1,0
128661,8,2,5,NULL,0,3,1,1
128662,7,1,5,NULL,1,3,1,1
128663,8,2,5,3,0,4,1,0
128664,7,2,5,3,1,4,1,0
128665,8,2,5,4,0,4,1,0
128666,8,2,5,4,0,4,1,0
128667,8,1,5,4,0,3,1,0
128668,7,2,5,4,0,4,1,0
128669,7,1,5,NULL,1,3,1,1
128670,7,1,5,3,1,3,1,0
128672,7,1,5,4,1,3,1,0
128673,8,2,5,3,1,4,1,0
128674,8,2,5,NULL,1,4,1,1
128675,7,1,4,4,1,3,1,0
128678,7,1,4,3,0,3,1,0
128679,6,2,4,3,0,4,1,0
128680,7,1,4,4,0,4,1,0
128681,6,2,4,3,1,3,1,0
128683,7,2,4,3,0,3,1,0
128684,8,1,4,4,0,3,1,0
128685,6,1,4,4,1,3,1,0
128686,7,2,4,3,0,3,1,0
128688,8,1,4,NULL,1,3,1,1
128693,7,1,4,4,1,3,1,0
128694,7,2,4,4,0,2,0,0
128696,7,2,4,NULL,1,3,1,1
128697,7,1,4,4,0,4,1,0
128699,8,2,5,3,0,1,0,0
128700,7,2,5,4,1,3,1,0
128701,8,2,5,4,1,3,1,0
128702,8,1,5,NULL,1,4,1,1
128705,7,1,5,3,0,3,1,0
128706,7,1,5,NULL,0,3,1,1
128709,8,2,5,NULL,1,2,0,1
128711,8,1,5,3,0,3,1,0
128713,7,1,5,3,1,4,1,0
128715,8,2,5,NULL,1,2,0,1
128716,7,1,5,3,1,1,0,0
128718,8,1,5,4,0,3,1,0
128719,7,1,5,NULL,1,2,0,1
128722,10,1,6,4,0,4,1,0
128724,9,2,6,NULL,0,2,0,1
128725,9,1,6,NULL,1,4,1,1
128726,9,2,6,4,0,3,1,0
128728,8,1,6,NULL,0,4,1,1
128729,8,2,6,4,0,2,0,0
128730,9,2,6,NULL,1,2,0,1
128731,8,1,6,NULL,1,3,1,1
128732,8,1,6,NULL,0,3,1,1
128733,9,2,6,4,0,4,1,0
128734,8,1,6,NULL,1,2,0,1
128735,9,2,6,NULL,0,4,1,1
128737,8,1,6,NULL,0,3,1,1
128739,9,2,6,NULL,1,1,0,1
128741,9,2,6,4,0,3,1,0
128742,8,1,6,3,0,4,1,0
128744,9,2,6,3,1,2,0,0
128745,11,2,7,4,1,2,0,0
128746,11,1,7,4,0,4,1,0
128747,10,1,7,3,1,2,0,0
128748,10,2,7,NULL,1,4,1,1
128749,9,1,7,NULL,1,2,0,1
128750,10,1,7,NULL,0,3,1,1
128751,9,1,7,4,0,4,1,0
128752,10,1,7,NULL,1,2,0,1
128753,9,2,7,3,0,2,0,0
128754,10,2,7,4,0,4,1,0
128755,9,1,7,NULL,0,3,1,1
128756,9,2,7,NULL,0,3,1,1
128757,10,1,7,4,0,4,1,0
128758,10,2,7,4,0,2,0,0
128759,11,2,7,3,1,2,0,0
128760,11,1,7,NULL,1,1,0,1
128761,10,2,7,NULL,1,3,1,1
128762,9,1,7,NULL,0,2,0,1
128763,9,1,7,3,1,4,1,0
128764,3,2,1,4,0,4,1,0
128765,4,2,1,4,0,4,1,0
128766,3,2,1,4,0,3,1,0
128767,3,1,1,4,1,2,0,0
128768,4,1,1,4,0,2,0,0
128769,3,2,1,NULL,0,3,1,1
128770,3,1,1,4,0,3,1,0
128771,4,1,1,4,0,3,1,0
128772,4,1,1,4,0,3,1,0
128773,3,1,1,4,0,3,1,0
128774,4,1,1,4,1,4,1,0
128775,4,2,1,4,0,4,1,0
128776,4,2,1,4,0,3,1,0
128777,4,2,1,NULL,0,2,0,1
128778,3,2,1,4,0,4,1,0
128779,3,1,1,4,1,3,1,0
128780,3,2,1,3,0,2,0,0
128781,4,1,1,4,1,3,1,0
128782,3,2,1,4,0,3,1,0
128783,3,2,1,4,0,3,1,0
128784,3,2,1,4,0,3,1,0
128785,3,2,1,3,1,3,1,0
128786,4,2,1,3,1,2,0,0
128787,4,2,1,3,0,3,1,0
128788,4,2,1,2,0,3,1,0
128789,4,2,1,4,0,4,1,0
128790,3,1,1,4,0,4,1,0
128791,3,1,1,4,1,2,0,0
128792,3,1,1,4,0,3,1,0
128793,3,2,1,4,0,2,0,0
128794,3,2,1,4,0,3,1,0
128795,3,2,1,4,0,4,1,0
128796,3,1,1,3,0,3,1,0
128797,4,2,2,4,0,3,1,0
128799,4,2,2,2,1,2,0,0
128800,5,2,2,4,0,3,1,0
128801,5,2,2,4,0,4,1,0
128802,5,1,2,4,0,3,1,0
128803,5,2,2,3,0,4,1,0
128804,4,2,2,3,0,3,1,0
128805,5,1,2,4,0,4,1,0
128806,4,2,2,2,1,3,1,0
128807,4,1,2,NULL,1,4,1,1
128808,5,2,2,4,0,3,1,0
128809,4,1,2,3,0,4,1,0
128810,4,1,2,4,0,3,1,0
128811,5,2,2,4,0,3,1,0
128812,5,1,2,4,0,4,1,0
128813,3,1,2,4,0,1,0,0
128814,5,2,2,4,0,3,1,0
128815,4,1,2,4,0,3,1,0
128816,4,1,2,4,0,4,1,0
128817,5,2,2,4,0,4,1,0
128818,4,1,2,4,1,4,1,0
128819,4,2,2,NULL,1,2,0,1
128820,4,2,2,2,1,1,0,0
128821,4,2,2,4,1,2,0,0
128822,4,2,2,4,1,3,1,0
128823,4,2,2,4,1,3,1,0
128824,5,2,2,NULL,1,3,1,1
128825,4,1,2,4,0,3,1,0
128826,5,2,2,3,1,4,1,0
128827,4,2,2,4,0,3,1,0
128828,4,1,2,2,0,3,1,0
128829,5,1,2,4,0,2,0,0
128832,4,2,2,NULL,1,4,1,1
128833,5,1,2,3,0,4,1,0
128834,4,2,2,4,1,3,1,0
128835,5,1,2,4,0,3,1,0
128836,5,2,2,3,1,4,1,0
128837,7,1,3,3,1,4,1,0
128839,5,1,3,4,0,4,1,0
128841,6,2,3,3,0,4,1,0
128842,6,1,3,4,0,3,1,0
128843,6,2,3,4,0,2,0,0
128844,5,2,3,3,1,3,1,0
128845,6,2,3,4,0,4,1,0
128847,5,1,3,4,0,4,1,0
128848,6,1,3,4,0,4,1,0
128849,6,1,3,4,0,4,1,0
128850,5,1,3,4,0,3,1,0
128851,5,1,3,3,1,2,0,0
128852,5,2,3,4,1,2,0,0
128853,6,1,3,4,1,3,1,0
128854,6,1,3,4,0,4,1,0
128855,6,2,3,2,0,4,1,0
128856,5,2,3,NULL,0,4,1,1
128857,6,1,3,4,0,4,1,0
128858,6,1,3,4,0,4,1,0
128859,5,1,3,4,0,4,1,0
128860,5,2,3,NULL,0,3,1,1
128861,5,1,3,NULL,0,2,0,1
128862,5,2,3,3,1,3,1,0
128863,6,1,3,4,0,4,1,0
128864,5,2,3,4,0,3,1,0
128865,6,2,3,NULL,1,3,1,1
128866,5,1,3,4,0,2,0,0
128867,5,1,3,3,1,3,1,0
128868,6,1,3,4,0,2,0,0
128870,5,1,3,4,0,4,1,0
128871,5,1,3,3,1,3,1,0
128873,5,1,3,NULL,1,1,0,1
128874,5,2,3,4,0,4,1,0
128876,7,1,4,4,1,3,1,0
128877,6,2,4,4,0,3,1,0
128878,7,1,4,3,1,3,1,0
128879,7,1,4,4,0,4,1,0
128880,7,1,4,4,1,3,1,0
128883,7,1,4,4,0,4,1,0
128885,9,1,6,NULL,0,3,1,1
128886,9,2,6,NULL,0,4,1,1
128887,8,2,6,NULL,0,3,1,1
128888,8,2,6,4,0,4,1,0
128889,8,2,6,3,0,3,1,0
128890,9,1,7,4,0,2,0,0
128891,10,2,7,4,1,4,1,0
128892,10,2,7,4,0,4,1,0
128893,4,2,1,4,0,4,1,0
128894,3,1,1,4,0,3,1,0
128895,3,1,1,3,1,2,0,0
128896,3,1,1,4,1,3,1,0
128897,3,1,1,4,0,3,1,0
128898,3,2,1,4,0,4,1,0
128899,3,2,1,4,0,3,1,0
128900,4,2,1,4,0,3,1,0
128901,4,1,1,3,1,2,0,0
128902,3,2,1,4,0,4,1,0
128903,3,1,1,4,0,4,1,0
128904,3,1,1,4,0,3,1,0
128905,4,1,1,3,0,3,1,0
128906,4,2,1,3,0,3,1,0
128907,4,1,1,3,0,3,1,0
128908,3,2,1,3,0,3,1,0
128909,4,2,2,4,1,4,1,0
128910,4,2,2,4,1,4,1,0
128913,4,1,2,4,0,3,1,0
128914,4,1,2,4,1,3,1,0
128915,4,2,2,4,0,3,1,0
128916,5,1,2,4,0,4,1,0
128917,4,2,2,4,0,4,1,0
128918,4,1,2,3,0,3,1,0
128919,4,2,2,4,0,4,1,0
128920,5,2,3,NULL,1,1,0,1
128921,5,1,3,3,1,3,1,0
128922,5,1,3,NULL,1,3,1,1
128923,5,1,3,3,0,3,1,0
128924,5,2,3,4,0,2,0,0
128925,5,2,3,4,0,3,1,0
128926,5,1,3,4,0,4,1,0
128927,5,2,3,4,0,4,1,0
128928,5,2,3,4,0,4,1,0
128929,5,2,3,4,0,3,1,0
128930,6,1,3,3,0,4,1,0
128931,5,1,3,4,0,4,1,0
128932,6,1,3,4,0,4,1,0
128933,6,1,3,4,1,4,1,0
128936,5,1,3,3,1,3,1,0
128937,6,2,3,3,0,3,1,0
128938,5,2,3,4,0,3,1,0
128939,5,1,3,4,0,3,1,0
128940,3,2,1,4,1,3,1,0
128941,3,1,1,4,0,1,0,0
128942,4,1,1,3,0,4,1,0
128946,4,1,1,4,0,1,0,0
128948,3,1,1,3,0,2,0,0
128949,4,1,1,4,0,4,1,0
128952,4,1,2,4,0,4,1,0
128953,4,1,2,4,0,4,1,0
128955,4,1,2,4,1,4,1,0
128956,5,1,2,4,0,4,1,0
128957,4,1,2,3,1,2,0,0
128958,5,2,2,4,0,4,1,0
128959,4,1,2,NULL,1,2,0,1
128960,5,2,2,4,0,3,1,0
128961,5,2,2,3,1,3,1,0
128962,5,1,2,4,0,3,1,0
128964,4,1,2,NULL,1,4,1,1
128967,5,1,2,3,0,4,1,0
128968,4,1,2,4,0,2,0,0
128970,5,1,2,3,0,4,1,0
128971,6,1,3,NULL,0,2,0,1
128972,6,1,3,4,1,3,1,0
128973,6,1,3,2,0,4,1,0
128974,5,1,3,3,1,3,1,0
128976,6,1,3,4,0,3,1,0
128977,6,1,3,NULL,0,4,1,1
128978,5,1,3,3,0,3,1,0
128979,5,1,3,NULL,1,1,0,1
128980,6,1,3,4,1,3,1,0
128981,5,1,3,4,1,4,1,0
128982,6,2,3,3,1,3,1,0
128983,6,2,3,4,1,2,0,0
128985,6,1,3,NULL,1,3,1,1
128986,6,1,3,NULL,1,2,0,1
128988,6,1,3,NULL,0,3,1,1
128989,4,1,2,4,0,4,1,0
128991,4,1,2,3,0,4,1,0
128994,5,1,2,4,0,3,1,0
128995,4,1,2,4,0,4,1,0
128997,4,2,2,3,0,4,1,0
128998,4,1,2,4,0,3,1,0
128999,4,1,2,4,0,4,1,0
129001,4,1,2,4,0,3,1,0
129004,5,1,2,NULL,0,3,1,1
129005,4,1,2,NULL,1,4,1,1
129009,5,1,2,4,0,2,0,0
129010,5,1,2,4,1,4,1,0
129012,5,2,2,NULL,1,2,0,1
129013,4,1,2,4,1,4,1,0
129016,4,1,2,4,0,4,1,0
129017,4,2,2,NULL,1,4,1,1
129018,4,1,2,4,1,3,1,0
129020,5,1,3,4,1,3,1,0
129021,5,1,3,4,1,3,1,0
129023,6,2,3,NULL,1,3,1,1
129024,6,2,3,3,1,2,0,0
129025,6,1,3,4,0,3,1,0
129026,6,1,3,NULL,1,4,1,1
129027,6,2,3,NULL,0,3,1,1
129028,6,2,3,4,0,4,1,0
129029,5,2,3,2,1,4,1,0
129030,5,2,3,4,1,4,1,0
129031,6,2,3,4,1,3,1,0
129032,6,1,3,NULL,0,3,1,1
129033,6,1,3,NULL,1,2,0,1
129034,5,1,3,NULL,1,2,0,1
129035,6,2,3,NULL,1,4,1,1
129036,6,2,3,2,1,3,1,0
129037,6,1,3,4,0,3,1,0
129038,6,1,3,4,0,4,1,0
129039,6,1,3,NULL,1,2,0,1
129040,6,1,3,3,0,2,0,0
129041,5,1,3,3,1,2,0,0
129042,5,1,3,4,0,2,0,0
129044,5,2,3,3,0,1,0,0
129045,6,2,3,NULL,1,3,1,1
129046,6,1,3,NULL,1,1,0,1
129047,6,2,3,3,0,2,0,0
129048,6,1,3,4,1,3,1,0
129049,6,1,3,NULL,0,3,1,1
129050,6,2,3,4,1,4,1,0
129051,7,1,5,NULL,1,2,0,1
129055,5,1,3,4,0,4,1,0
129056,6,1,3,4,1,4,1,0
129058,6,1,3,4,1,4,1,0
129059,6,2,3,2,1,3,1,0
129060,6,2,3,4,0,4,1,0
129063,6,1,3,3,0,4,1,0
129064,5,2,3,NULL,0,2,0,0
129065,6,1,3,4,0,4,1,0
129066,5,1,3,4,0,3,1,0
129067,5,2,3,4,0,4,1,0
129068,5,2,3,4,0,4,1,0
129069,6,2,3,3,1,3,1,0
129070,6,2,3,4,0,3,1,0
129071,6,2,3,4,0,3,1,0
129072,5,2,3,4,0,4,1,0
129073,6,1,3,4,0,3,1,0
129075,5,1,3,4,1,4,1,0
129076,5,2,3,NULL,1,3,1,1
129077,5,1,3,NULL,0,2,0,1
129078,6,2,3,NULL,0,4,1,1
129079,6,1,3,4,0,3,1,0
129080,5,1,3,4,0,3,1,0
129081,6,2,3,4,0,4,1,0
129082,6,1,3,3,1,3,1,0
129083,6,1,3,4,0,3,1,0
129084,6,1,3,4,0,4,1,0
129085,6,2,3,3,0,3,1,0
129086,6,2,3,2,1,3,1,0
129087,6,2,3,4,0,3,1,0
129088,6,1,3,4,0,3,1,0
129089,6,2,3,3,0,3,1,0
129090,5,1,3,NULL,1,3,1,1
129092,6,1,3,4,0,4,1,0
129093,6,1,3,4,0,3,1,0
129094,6,2,3,4,1,4,1,0
129095,6,2,3,4,0,3,1,0
129097,5,1,3,NULL,0,2,0,1
129099,5,1,3,4,1,4,1,0
129101,5,2,3,4,1,3,1,0
129102,5,2,3,NULL,1,3,1,1
129103,5,1,2,4,0,3,1,0
129104,5,1,2,4,0,3,1,0
129106,4,1,2,3,0,3,1,0
129108,5,1,2,4,0,3,1,0
129109,4,1,2,4,0,3,1,0
129110,4,2,2,4,0,3,1,0
129111,5,2,2,3,0,3,1,0
129112,5,2,2,3,0,4,1,0
129113,4,2,2,4,0,4,1,0
129114,5,1,2,3,1,3,1,0
129115,5,1,2,3,0,3,1,0
129116,5,1,2,4,1,2,0,0
129117,4,2,2,4,1,4,1,0
129118,5,2,2,4,0,4,1,0
129119,4,2,2,3,0,3,1,0
129120,5,2,2,4,1,3,1,0
129121,4,2,2,4,0,4,1,0
129122,4,1,2,4,1,3,1,0
129123,5,2,2,4,1,4,1,0
129124,5,1,2,4,0,3,1,0
129126,5,1,2,4,1,4,1,0
129127,4,2,2,4,0,2,0,0
129129,5,1,2,4,1,3,1,0
129130,5,2,2,4,0,3,1,0
129131,4,2,2,4,0,3,1,0
129133,5,2,2,4,0,3,1,0
129134,5,1,2,3,1,2,0,0
129136,5,2,2,3,0,4,1,0
129138,4,2,2,4,0,4,1,0
129139,5,1,2,4,0,4,1,0
129142,4,1,2,4,0,4,1,0
129143,4,2,2,4,0,3,1,0
129145,4,2,2,4,0,3,1,0
129147,4,1,2,4,1,3,1,0
129148,5,1,2,4,1,2,0,0
129149,4,2,2,4,0,3,1,0
129150,4,2,2,3,0,3,1,0
129151,7,2,3,4,1,4,1,0
129152,6,2,3,3,1,2,0,0
129154,6,2,3,4,1,4,1,0
129155,6,2,3,4,0,3,1,0
129156,6,1,3,4,0,4,1,0
129157,6,2,3,4,0,4,1,0
129158,6,1,3,3,0,3,1,0
129159,5,2,3,4,0,3,1,0
129160,6,1,3,3,0,3,1,0
129161,5,1,3,4,1,4,1,0
129162,6,1,3,3,0,4,1,0
129163,6,2,3,3,0,4,1,0
129164,5,2,3,4,0,3,1,0
129165,6,1,3,2,1,2,0,0
129166,5,1,3,4,0,3,1,0
129167,6,1,3,4,0,4,1,0
129168,6,2,3,4,0,4,1,0
129169,5,1,3,3,0,3,1,0
129170,5,1,3,3,0,1,0,0
129171,5,1,3,4,0,2,0,0
129172,5,1,3,4,0,4,1,0
129173,5,2,3,4,0,1,0,0
129174,6,2,3,4,0,4,1,0
129175,6,2,3,4,0,4,1,0
129176,6,1,3,3,1,4,1,0
129177,5,2,3,2,0,2,0,0
129178,5,2,3,3,0,4,1,0
129179,6,2,3,4,0,3,1,0
129180,6,2,3,2,0,4,1,0
129181,6,1,3,4,0,4,1,0
129182,5,1,3,4,0,3,1,0
129183,5,2,3,4,0,2,0,0
129185,5,1,3,4,0,2,0,0
129187,6,2,3,4,0,3,1,0
129188,6,2,3,4,0,4,1,0
129189,5,1,3,4,1,4,1,0
129190,5,2,3,3,1,2,0,0
129191,5,2,3,4,0,3,1,0
129192,7,1,4,NULL,1,2,0,1
129193,6,1,4,4,0,3,1,0
129194,8,1,5,NULL,1,1,0,1
129195,7,1,4,3,1,4,1,0
129196,6,1,4,4,0,4,1,0
129197,6,2,4,4,0,4,1,0
129198,6,2,4,2,1,3,1,0
129199,7,2,4,4,1,3,1,0
129200,7,1,4,4,0,4,1,0
129201,7,2,4,3,1,3,1,0
129202,6,2,4,4,1,3,1,0
129203,7,1,4,4,0,4,1,0
129204,6,1,4,4,1,4,1,0
129205,6,2,4,2,0,3,1,0
129207,7,2,4,NULL,1,2,0,1
129208,6,1,4,NULL,1,4,1,1
129209,7,2,4,NULL,1,3,1,1
129210,6,2,4,2,1,3,1,0
129211,7,2,4,4,0,3,1,0
129212,6,2,4,4,1,4,1,0
129213,7,2,4,4,1,2,0,0
129214,9,1,6,3,0,4,1,0
129215,6,1,4,3,1,4,1,0
129216,7,1,5,NULL,1,2,0,1
129217,7,1,4,4,0,3,1,0
129218,7,1,4,3,0,2,0,0
129220,7,1,4,4,1,4,1,0
129221,7,1,4,NULL,1,4,1,1
129222,7,2,4,3,1,3,1,0
129223,7,2,4,4,0,4,1,0
129224,6,1,4,4,0,4,1,0
129225,7,2,4,NULL,0,3,1,1
129226,7,1,5,3,1,2,0,0
129227,6,1,4,4,0,4,1,0
129228,6,2,4,4,1,4,1,0
129229,7,1,5,NULL,1,2,0,1
129230,7,2,5,4,1,4,1,0
129231,8,1,5,NULL,1,3,1,1
129232,8,2,5,3,0,4,1,0
129233,7,2,5,NULL,0,4,1,1
129234,8,1,5,4,0,3,1,0
129235,7,1,5,NULL,0,2,0,1
129238,8,2,5,NULL,0,3,1,1
129240,7,2,5,NULL,0,3,1,1
129241,7,1,5,3,0,2,0,0
129242,8,1,5,3,1,3,1,0
129243,8,2,5,NULL,0,3,1,1
129244,8,1,5,3,0,4,1,0
129245,7,2,5,2,0,3,1,0
129246,8,1,5,3,1,3,1,0
129247,7,1,5,NULL,1,3,1,1
129248,7,2,5,4,1,3,1,0
129249,7,1,5,4,0,3,1,0
129250,10,1,7,4,0,3,1,0
129251,10,1,7,4,1,4,1,0
129252,8,1,5,4,1,3,1,0
129253,8,1,5,3,0,3,1,0
129254,8,1,5,NULL,0,1,0,1
129257,8,1,5,3,1,3,1,0
129259,9,1,6,NULL,1,1,0,1
129262,8,2,6,4,0,4,1,0
129263,9,1,6,NULL,1,2,0,1
129264,9,1,6,4,0,3,1,0
129265,9,1,6,4,0,4,1,0
129266,9,1,6,4,1,3,1,0
129267,9,2,6,NULL,1,3,1,1
129268,9,1,6,NULL,0,4,1,1
129269,9,2,6,NULL,1,2,0,1
129270,9,1,6,NULL,1,3,1,1
129271,8,2,6,NULL,1,3,1,1
129274,9,2,6,4,1,4,1,0
129275,10,1,7,4,0,2,0,0
129276,8,1,6,4,1,4,1,0
129277,9,2,6,NULL,0,3,1,1
129278,8,1,6,4,0,3,1,0
129279,10,1,7,4,1,4,1,0
129280,9,2,6,4,0,3,1,0
129281,9,2,6,NULL,1,3,1,1
129282,9,2,6,NULL,0,2,0,1
129283,9,2,6,3,0,2,0,0
129284,9,2,6,4,0,3,1,0
129285,9,2,6,NULL,1,3,1,1
129286,9,1,7,3,0,4,1,0
129287,8,1,6,4,0,3,1,0
129288,9,1,6,4,0,4,1,0
129289,9,2,7,4,0,2,0,0
129291,10,1,7,4,0,2,0,0
129292,9,1,7,4,0,4,1,0
129293,10,1,7,NULL,1,3,1,1
129294,9,2,7,NULL,0,2,0,1
129295,9,1,7,4,0,3,1,0
129296,9,1,7,4,1,4,1,0
129298,10,1,7,NULL,1,2,0,1
129299,9,1,7,4,0,4,1,0
129300,10,2,7,2,1,3,1,0
129301,10,2,7,NULL,0,2,0,1
129302,10,2,7,NULL,1,3,1,1
129303,9,1,7,NULL,0,3,1,1
129304,10,2,7,4,0,4,1,0
129305,9,2,7,NULL,0,3,1,1
129306,9,2,7,NULL,0,2,0,1
129307,10,2,7,4,0,4,1,0
129308,10,1,7,NULL,0,3,1,1
129309,10,2,7,4,0,3,1,0
129310,10,2,7,4,0,3,1,0
129311,7,2,4,3,0,4,1,0
129312,7,2,4,4,0,3,1,0
129313,8,2,4,3,0,3,1,0
129314,6,2,4,4,0,4,1,0
129315,7,2,4,4,0,4,1,0
129316,7,2,4,4,0,3,1,0
129317,7,2,4,NULL,1,3,1,1
129318,6,1,4,4,0,3,1,0
129319,6,1,4,4,0,4,1,0
129320,6,1,4,4,0,4,1,0
129321,6,2,4,NULL,0,2,0,1
129322,6,2,4,4,1,3,1,0
129323,7,1,4,3,0,3,1,0
129324,7,2,4,4,0,3,1,0
129325,7,1,4,3,1,3,1,0
129326,6,2,4,3,0,3,1,0
129328,8,2,4,NULL,1,1,0,1
129329,6,2,4,4,0,4,1,0
129330,6,2,4,4,0,4,1,0
129331,6,2,4,4,0,4,1,0
129332,7,2,4,3,0,3,1,0
129333,6,2,4,4,1,3,1,0
129334,6,2,4,4,0,4,1,0
129336,6,2,4,4,1,3,1,0
129337,7,2,4,4,0,3,1,0
129339,7,1,4,3,0,3,1,0
129340,7,2,4,4,0,4,1,0
129341,7,1,4,4,0,4,1,0
129342,7,2,4,4,0,3,1,0
129344,6,2,4,NULL,1,2,0,1
129345,8,2,5,4,0,4,1,0
129346,7,2,5,4,0,4,1,0
129347,8,1,5,4,0,4,1,0
129348,8,1,6,NULL,1,1,0,1
129349,8,1,5,4,0,4,1,0
129350,8,2,5,4,1,2,0,0
129351,8,2,5,4,1,3,1,0
129352,7,1,5,4,0,3,1,0
129354,9,1,5,3,0,3,1,0
129356,8,2,5,NULL,1,3,1,1
129357,8,1,5,4,0,4,1,0
129359,8,2,5,3,0,3,1,0
129360,8,1,5,3,0,2,0,0
129362,8,2,5,4,1,3,1,0
129365,8,1,5,4,0,4,1,0
129366,8,1,5,3,0,4,1,0
129367,9,2,5,4,0,4,1,0
129368,6,2,4,4,1,4,1,0
129369,7,2,5,4,0,4,1,0
129370,8,1,5,NULL,0,4,1,1
129371,7,2,5,4,0,4,1,0
129372,8,2,5,4,0,3,1,0
129373,8,1,6,3,0,3,1,0
129374,7,2,5,4,0,3,1,0
129375,9,1,7,4,1,3,1,0
129377,9,1,6,4,0,2,0,0
129378,8,2,6,2,1,3,1,0
129379,8,1,5,4,0,4,1,0
129381,8,2,5,4,1,3,1,0
129382,9,2,6,1,1,2,0,0
129383,7,1,5,4,0,2,0,0
129384,7,1,5,3,0,2,0,0
129385,7,2,5,4,0,4,1,0
129386,8,1,5,NULL,1,2,0,1
129387,7,2,5,4,1,4,1,0
129389,8,1,5,4,1,3,1,0
129390,8,1,6,3,0,4,1,0
129391,8,2,5,4,0,3,1,0
129393,7,2,5,3,0,1,0,0
129394,7,1,5,3,0,2,0,0
129395,9,2,6,4,0,4,1,0
129396,8,1,5,3,1,4,1,0
129397,10,1,7,4,1,4,1,0
129399,9,2,7,4,1,4,1,0
129400,9,2,7,2,0,2,0,0
129401,10,2,7,4,1,4,1,0
129402,9,2,7,4,1,4,1,0
129403,9,1,7,3,0,3,1,0
129404,9,1,7,4,0,3,1,0
129405,10,2,7,NULL,0,3,1,1
129406,9,1,7,2,0,3,1,0
129407,9,1,7,4,0,1,0,0
129408,10,1,7,3,1,2,0,0
129409,9,1,7,4,0,3,1,0
129410,10,2,7,NULL,0,3,1,1
129411,10,2,7,NULL,1,2,0,1
129412,9,2,7,NULL,0,3,1,1
129413,9,2,7,4,0,4,1,0
129414,10,1,7,4,0,4,1,0
129415,10,1,7,4,0,4,1,0
129416,10,2,7,4,0,4,1,0
129417,10,1,7,4,1,3,1,0
129418,9,2,7,4,0,2,0,0
129419,9,2,7,3,1,4,1,0
129420,9,1,7,NULL,0,2,0,1
129422,10,1,7,NULL,1,3,1,1
129423,10,1,7,NULL,1,3,1,1
129425,11,1,7,NULL,1,3,1,1
129426,10,1,7,4,1,3,1,0
129427,4,2,1,4,0,4,1,0
129429,4,2,1,4,1,1,0,0
129430,11,2,1,4,0,4,1,0
129432,4,2,1,4,1,4,1,0
129433,4,2,1,4,1,3,1,0
129434,6,2,2,4,1,4,1,0
129435,5,2,1,4,0,4,1,0
129436,4,2,1,4,0,4,1,0
129438,8,2,5,4,1,4,1,0
129439,4,2,1,3,0,3,1,0
129441,3,2,1,4,0,2,0,0
129442,4,2,1,4,0,3,1,0
129443,4,2,1,2,0,3,1,0
129444,4,1,1,4,0,4,1,0
129445,4,2,1,4,1,3,1,0
129446,4,1,1,4,0,1,0,0
129449,4,2,1,4,1,4,1,0
129450,4,2,1,4,0,3,1,0
129452,5,2,1,4,0,4,1,0
129453,4,1,1,4,1,2,0,0
129454,4,1,1,4,0,4,1,0
129455,4,2,1,4,1,3,1,0
129456,5,1,1,3,0,1,0,0
129458,5,1,2,4,0,4,1,0
129459,5,1,2,4,1,3,1,0
129460,6,1,2,4,1,3,1,0
129461,5,1,2,4,1,3,1,0
129462,4,1,2,3,0,4,1,0
129465,5,2,2,4,1,4,1,0
129466,4,2,2,4,1,4,1,0
129467,6,2,2,4,0,4,1,0
129468,5,2,2,4,1,3,1,0
129469,5,2,2,4,0,3,1,0
129472,5,2,2,4,0,3,1,0
129473,5,2,2,4,0,4,1,0
129474,4,2,2,4,0,4,1,0
129475,5,2,2,4,1,2,0,0
129477,5,2,2,4,1,4,1,0
129479,5,2,2,4,1,3,1,0
129480,6,2,2,4,0,2,0,0
129481,4,2,2,3,0,2,0,0
129484,5,2,3,4,1,4,1,0
129487,6,2,3,3,1,4,1,0
129488,6,2,3,4,0,4,1,0
129490,5,2,3,4,1,4,1,0
129492,6,2,3,4,0,3,1,0
129494,6,2,3,4,1,3,1,0
129495,6,2,3,4,1,4,1,0
129497,6,2,3,3,1,4,1,0
129498,6,1,3,4,0,3,1,0
129502,6,1,3,4,1,3,1,0
129503,6,1,3,4,0,4,1,0
129504,5,1,3,4,0,3,1,0
129505,5,1,3,4,0,4,1,0
129506,5,1,3,4,0,3,1,0
129507,6,1,3,4,0,4,1,0
129508,7,2,4,4,0,4,1,0
129509,7,1,4,4,0,4,1,0
129510,6,1,4,NULL,1,3,1,1
129511,7,1,4,NULL,1,4,1,1
129512,7,1,4,NULL,0,3,1,1
129513,7,2,4,NULL,1,4,1,1
129514,7,2,4,4,1,3,1,0
129515,6,2,4,NULL,0,4,1,1
129516,10,1,6,NULL,1,2,0,1
129517,7,2,4,4,0,2,0,0
129518,7,1,4,3,0,3,1,0
129519,7,2,4,4,0,3,1,0
129520,7,2,4,4,1,3,1,0
129521,8,1,5,NULL,1,3,1,1
129525,8,2,5,3,0,3,1,0
129526,8,2,5,4,0,4,1,0
129527,8,2,5,NULL,1,3,1,1
129528,7,1,5,NULL,1,2,0,1
129529,7,2,5,NULL,1,2,0,1
129530,7,2,5,4,0,3,1,0
129532,8,1,5,NULL,1,4,1,1
129533,8,2,5,4,0,4,1,0
129534,8,1,5,NULL,1,2,0,1
129536,8,1,5,2,1,3,1,0
129537,7,2,5,NULL,1,3,1,1
129539,10,1,7,3,0,3,1,0
129540,10,1,7,NULL,1,1,0,1
129541,9,2,6,4,0,4,1,0
129542,10,2,7,NULL,1,3,1,1
129543,9,1,6,4,0,3,1,0
129544,9,2,7,NULL,1,1,0,1
129545,9,2,6,4,0,3,1,0
129550,10,2,7,4,0,3,1,0
129551,9,2,6,4,0,4,1,0
129552,10,2,7,4,0,4,1,0
129553,9,2,7,NULL,1,2,0,1
129554,9,1,6,NULL,0,2,0,1
129555,9,2,7,4,0,4,1,0
129557,4,1,1,4,0,4,1,0
129558,3,2,1,4,0,3,1,0
129559,4,1,1,4,0,2,0,0
129561,4,2,1,3,0,3,1,0
129563,4,1,1,3,0,4,1,0
129564,4,2,1,4,0,4,1,0
129567,4,2,1,4,0,4,1,0
129570,4,1,1,4,0,3,1,0
129571,4,1,1,4,0,4,1,0
129572,4,2,1,3,0,4,1,0
129574,4,1,1,4,0,4,1,0
129576,3,2,1,4,0,3,1,0
129577,5,1,1,4,0,4,1,0
129578,4,1,1,4,0,4,1,0
129579,3,1,1,3,0,3,1,0
129581,4,2,1,4,0,3,1,0
129582,4,2,1,3,0,3,1,0
129584,4,1,1,4,0,3,1,0
129585,4,1,1,NULL,1,3,1,1
129586,4,1,1,4,0,3,1,0
129588,4,2,2,4,0,3,1,0
129589,4,2,2,4,1,3,1,0
129590,5,2,2,4,0,3,1,0
129591,5,1,2,NULL,1,4,1,1
129592,4,2,2,4,0,4,1,0
129593,5,2,2,3,0,3,1,0
129595,5,1,2,4,0,4,1,0
129597,5,1,2,4,1,4,1,0
129598,4,2,2,4,1,4,1,0
129599,5,2,2,4,0,4,1,0
129600,5,2,2,4,0,4,1,0
129601,5,1,2,4,0,3,1,0
129602,5,2,2,NULL,1,2,0,1
129603,5,1,2,4,1,3,1,0
129604,4,1,2,4,0,3,1,0
129605,5,2,2,3,1,4,1,0
129606,5,2,2,4,0,3,1,0
129607,5,2,2,4,0,4,1,0
129608,4,2,2,4,1,4,1,0
129609,5,1,2,4,0,3,1,0
129610,5,1,2,4,0,4,1,0
129611,5,2,2,NULL,1,3,1,1
129612,4,2,2,4,0,3,1,0
129613,5,2,2,4,0,3,1,0
129614,5,2,2,NULL,1,3,1,1
129615,4,1,2,4,0,4,1,0
129616,4,2,2,4,0,3,1,0
129617,5,2,2,4,0,3,1,0
129618,5,2,2,4,0,4,1,0
129619,5,2,2,4,1,4,1,0
129620,4,2,2,4,0,4,1,0
129621,5,1,2,4,0,3,1,0
129622,5,1,2,4,0,4,1,0
129624,6,2,3,NULL,1,2,0,1
129625,5,2,3,4,0,3,1,0
129628,5,1,3,4,0,3,1,0
129629,6,2,3,NULL,0,3,1,1
129630,6,2,3,4,1,4,1,0
129632,6,2,3,2,1,3,1,0
129634,5,2,3,4,0,3,1,0
129635,1,1,5,NULL,1,1,0,1
129636,6,1,3,NULL,1,3,1,1
129637,6,2,3,3,1,4,1,0
129638,5,2,3,3,1,4,1,0
129639,5,2,3,3,0,3,1,0
129640,6,2,3,4,1,4,1,0
129641,6,2,3,4,0,3,1,0
129642,6,2,3,NULL,1,3,1,1
129643,6,1,3,4,1,3,1,0
129644,5,1,3,4,0,3,1,0
129645,6,1,3,4,0,4,1,0
129647,6,2,3,NULL,1,3,1,1
129648,6,2,3,4,0,4,1,0
129649,6,2,3,4,1,3,1,0
129650,6,2,3,4,0,3,1,0
129651,5,2,3,NULL,0,3,1,1
129652,6,1,3,3,1,3,1,0
129653,6,2,3,NULL,1,3,1,1
129654,6,2,3,4,0,4,1,0
129655,6,2,3,4,0,4,1,0
129656,6,1,3,4,0,4,1,0
129658,6,2,3,3,0,2,0,0
129659,5,1,3,NULL,1,2,0,1
129660,8,1,4,4,1,4,1,0
129661,6,2,4,NULL,1,2,0,1
129662,7,1,4,4,0,4,1,0
129663,7,2,4,NULL,0,2,0,1
129664,7,2,4,NULL,1,3,1,1
129665,7,2,4,NULL,0,3,1,1
129666,6,2,4,4,0,4,1,0
129667,6,2,4,3,1,2,0,0
129668,7,1,4,4,0,3,1,0
129672,6,1,4,4,0,3,1,0
129673,7,1,4,4,0,3,1,0
129674,6,1,4,4,1,3,1,0
129675,7,1,4,4,0,4,1,0
129676,6,1,4,3,0,4,1,0
129677,7,1,4,4,0,1,0,0
129678,6,2,4,2,1,2,0,0
129679,6,1,4,NULL,1,2,0,1
129680,6,1,4,3,1,3,1,0
129681,7,2,4,4,1,4,1,0
129682,6,1,4,4,1,4,1,0
129683,8,2,4,3,0,3,1,0
129684,6,2,4,4,1,4,1,0
129685,6,2,4,NULL,1,3,1,1
129686,7,2,4,3,1,2,0,0
129687,6,2,4,4,0,4,1,0
129688,6,1,4,4,1,3,1,0
129689,7,2,4,3,0,3,1,0
129690,6,1,4,4,0,4,1,0
129691,7,1,4,4,0,1,0,0
129692,7,1,4,3,1,4,1,0
129693,7,2,4,3,1,4,1,0
129695,7,2,4,3,0,3,1,0
129697,7,1,5,4,0,3,1,0
129698,9,1,5,4,0,4,1,0
129699,7,1,5,NULL,0,3,1,1
129700,7,1,5,NULL,1,2,0,1
129701,7,1,5,4,1,3,1,0
129702,7,2,5,4,0,2,0,0
129703,8,1,5,4,0,4,1,0
129705,8,2,5,NULL,1,3,1,1
129706,7,2,5,3,0,3,1,0
129707,8,1,5,NULL,1,2,0,1
129708,8,1,5,4,1,4,1,0
129709,7,2,5,4,1,4,1,0
129710,9,1,5,4,0,4,1,0
129711,7,1,5,2,0,4,1,0
129712,7,1,5,4,1,2,0,0
129713,7,1,5,4,0,4,1,0
129715,7,2,5,NULL,1,2,0,1
129716,8,1,5,NULL,1,3,1,1
129717,7,1,5,3,1,3,1,0
129718,7,2,5,NULL,1,3,1,1
129719,7,1,5,3,0,3,1,0
129720,8,2,5,NULL,1,3,1,1
129723,7,2,5,3,1,3,1,0
129724,8,2,5,NULL,1,4,1,1
129725,8,2,5,4,0,1,0,0
129728,8,2,5,4,0,4,1,0
129729,7,2,5,3,0,3,1,0
129730,8,1,5,3,0,2,0,0
129731,8,1,5,2,1,2,0,0
129732,8,2,5,NULL,1,3,1,1
129733,7,1,5,4,0,3,1,0
129734,7,1,5,4,1,4,1,0
129736,8,1,5,4,0,3,1,0
129737,7,1,5,2,0,3,1,0
129738,7,2,5,NULL,1,2,0,1
129739,7,2,5,NULL,1,2,0,1
129740,8,1,6,NULL,0,4,1,1
129741,8,2,6,4,0,4,1,0
129742,9,2,6,NULL,1,3,1,1
129743,8,1,6,3,0,4,1,0
129745,8,2,6,NULL,1,3,1,1
129746,9,2,6,4,0,4,1,0
129747,9,1,6,NULL,0,2,0,1
129748,9,2,6,4,0,4,1,0
129749,9,2,6,3,1,2,0,0
129750,9,1,6,4,0,3,1,0
129751,9,1,6,3,1,3,1,0
129752,8,2,6,4,0,3,1,0
129753,8,2,6,NULL,1,4,1,1
129754,9,1,6,4,0,4,1,0
129755,8,1,6,4,0,3,1,0
129756,9,1,6,4,0,4,1,0
129757,8,1,6,4,1,4,1,0
129758,8,1,6,4,0,4,1,0
129759,9,1,6,4,0,4,1,0
129760,8,1,6,3,0,3,1,0
129761,8,1,6,4,1,3,1,0
129762,8,2,6,3,0,3,1,0
129763,9,1,6,NULL,1,2,0,1
129764,8,1,6,NULL,1,3,1,1
129765,8,2,6,4,1,3,1,0
129766,9,2,6,4,0,3,1,0
129767,9,1,6,2,0,2,0,0
129768,9,1,6,4,0,3,1,0
129769,9,2,6,3,0,2,0,0
129770,10,2,6,4,0,3,1,0
129772,8,2,6,NULL,0,4,1,1
129773,9,2,6,NULL,0,3,1,1
129774,9,1,6,NULL,0,3,1,1
129775,9,2,6,NULL,1,4,1,1
129776,8,2,6,NULL,0,2,0,1
129777,8,2,6,NULL,0,3,1,1
129778,9,2,6,4,1,4,1,0
129779,9,2,7,NULL,0,3,1,1
129780,9,1,7,3,1,3,1,0
129781,10,1,7,4,0,4,1,0
129782,10,2,7,NULL,1,3,1,1
129783,10,1,7,NULL,1,1,0,1
129785,9,1,7,4,0,4,1,0
129786,9,1,6,NULL,0,3,1,1
129788,9,2,7,4,1,3,1,0
129789,9,2,7,3,1,3,1,0
129790,10,2,7,4,1,3,1,0
129791,10,1,7,4,1,3,1,0
129792,10,1,7,3,0,2,0,0
129793,11,1,7,4,0,3,1,0
129794,9,2,7,4,0,3,1,0
129795,10,1,7,NULL,0,2,0,1
129796,10,1,7,4,1,3,1,0
129797,9,1,7,NULL,1,1,0,1
129798,11,1,7,4,0,4,1,0
129799,10,1,7,4,1,4,1,0
129802,10,2,7,4,0,4,1,0
129803,8,2,7,3,0,3,1,0
129805,10,1,7,4,0,4,1,0
129806,10,2,7,4,0,4,1,0
129809,10,1,7,NULL,0,2,0,1
129810,8,2,6,NULL,0,4,1,1
129812,9,2,6,4,0,4,1,0
129813,8,2,6,4,0,3,1,0
129814,9,1,7,NULL,0,3,1,1
129816,8,1,6,4,0,4,1,0
129817,8,1,6,4,0,3,1,0
129818,8,2,6,4,0,4,1,0
129820,8,1,6,4,0,2,0,0
129821,10,1,7,4,1,4,1,0
129822,8,2,6,NULL,0,3,1,1
129823,9,1,6,4,0,3,1,0
129824,8,1,6,NULL,0,4,1,1
129825,8,2,6,2,0,3,1,0
129826,9,1,6,4,0,4,1,0
129827,8,2,6,NULL,0,3,1,1
129828,9,2,6,4,0,4,1,0
129829,10,2,7,4,0,3,1,0
129830,9,1,6,3,0,4,1,0
129831,9,2,7,4,0,3,1,0
129832,9,2,6,NULL,0,3,1,1
129833,8,1,6,4,0,3,1,0
129834,9,1,6,2,0,3,1,0
129836,8,1,6,4,0,2,0,0
129838,10,1,6,NULL,0,2,0,1
129839,8,1,6,4,1,4,1,0
129841,10,1,7,4,0,4,1,0
129842,10,2,6,4,0,4,1,0
129843,9,2,6,4,0,4,1,0
129844,8,1,6,NULL,0,3,1,1
129845,9,1,6,4,0,4,1,0
129846,7,2,6,3,0,4,1,0
129847,9,2,7,3,0,3,1,0
129848,9,2,7,NULL,1,4,1,1
129849,9,1,6,4,0,3,1,0
129850,9,1,6,NULL,0,4,1,1
129851,9,1,6,NULL,1,3,1,1
129852,9,1,6,3,0,4,1,0
129853,10,2,6,4,0,4,1,0
129854,8,2,6,4,1,2,0,0
129856,9,1,6,4,0,3,1,0
129857,8,2,6,4,0,4,1,0
129858,8,1,6,3,0,4,1,0
129859,8,1,6,4,0,4,1,0
129861,9,2,6,3,1,2,0,0
129862,9,1,7,4,0,4,1,0
129863,8,2,6,4,0,2,0,0
129865,10,2,6,4,0,3,1,0
129866,9,1,7,4,0,4,1,0
129867,10,2,6,NULL,0,4,1,1
129868,8,1,6,4,0,4,1,0
129869,9,2,6,2,0,3,1,0
129870,9,1,6,4,0,4,1,0
129871,10,1,7,4,0,4,1,0
129872,8,2,6,4,0,4,1,0
129874,9,1,7,4,0,4,1,0
129875,8,2,6,3,1,1,0,0
129877,8,2,6,3,1,3,1,0
129878,8,1,6,NULL,1,3,1,1
129879,9,1,6,4,1,3,1,0
129880,10,2,7,4,1,4,1,0
129882,8,2,6,NULL,0,3,1,1
129883,3,1,1,4,0,2,0,0
129884,3,2,1,4,0,3,1,0
129885,3,2,1,4,1,3,1,0
129886,4,1,1,4,1,3,1,0
129887,3,2,1,4,0,4,1,0
129889,3,1,1,4,1,4,1,0
129890,3,2,1,4,0,4,1,0
129891,3,2,1,4,0,4,1,0
129892,4,2,1,2,1,4,1,0
129893,4,2,1,4,0,3,1,0
129894,3,1,1,4,0,3,1,0
129895,4,1,1,4,0,3,1,0
129897,3,2,1,4,1,3,1,0
129898,3,1,1,4,0,3,1,0
129899,4,1,1,4,0,4,1,0
129901,4,1,1,4,0,4,1,0
129902,3,2,1,4,0,3,1,0
129903,3,2,1,4,1,2,0,0
129904,4,1,2,4,0,2,0,0
129905,4,1,2,4,0,3,1,0
129906,4,2,2,4,0,4,1,0
129907,5,1,2,4,0,3,1,0
129908,4,2,2,3,0,1,0,0
129909,5,1,2,3,0,2,0,0
129910,5,1,2,4,0,3,1,0
129911,4,1,2,4,0,3,1,0
129912,5,1,2,4,0,4,1,0
129913,5,2,2,4,1,4,1,0
129914,5,2,2,4,0,3,1,0
129916,4,1,2,4,1,3,1,0
129917,5,2,2,3,1,2,0,0
129918,5,2,2,4,0,4,1,0
129919,4,1,2,4,0,3,1,0
129920,6,2,3,3,0,3,1,0
129921,6,2,3,3,0,4,1,0
129922,5,1,3,4,1,4,1,0
129923,6,1,3,4,0,2,0,0
129924,6,2,3,4,0,4,1,0
129925,6,2,3,NULL,0,3,1,1
129926,5,2,3,4,1,3,1,0
129927,5,1,3,4,0,3,1,0
129929,5,2,3,4,0,3,1,0
129930,6,2,3,4,0,3,1,0
129931,6,2,3,NULL,0,1,0,1
129933,6,2,3,4,0,3,1,0
129934,6,1,3,4,1,2,0,0
129935,5,1,3,4,0,3,1,0
129937,6,2,3,3,0,3,1,0
129938,6,2,3,4,0,4,1,0
129939,6,1,3,4,0,2,0,0
129940,6,1,3,4,1,3,1,0
129941,6,1,3,4,0,2,0,0
129942,5,2,3,4,0,3,1,0
129943,5,1,3,4,0,3,1,0
129944,6,1,3,2,0,3,1,0
129945,5,1,3,NULL,0,2,0,1
129947,4,1,2,4,0,2,0,0
129948,5,1,2,4,0,4,1,0
129949,5,2,2,4,0,4,1,0
129950,5,1,2,4,0,3,1,0
129952,6,2,2,3,0,3,1,0
129953,4,1,2,3,0,3,1,0
129954,5,2,2,4,1,4,1,0
129955,4,1,2,4,0,4,1,0
129956,4,1,2,4,0,4,1,0
129957,4,2,2,3,1,3,1,0
129958,5,1,2,4,0,3,1,0
129959,5,1,2,4,0,4,1,0
129960,4,1,2,4,0,4,1,0
129961,6,2,3,4,0,3,1,0
129962,6,1,3,NULL,0,4,1,1
129963,6,1,3,4,1,2,0,0
129964,5,1,3,4,0,4,1,0
129965,6,2,3,4,0,3,1,0
129966,7,2,4,4,0,4,1,0
129967,6,2,4,4,0,3,1,0
129968,6,2,4,4,0,4,1,0
129969,6,2,4,4,0,3,1,0
129970,7,2,4,4,0,3,1,0
129971,6,2,4,4,0,3,1,0
129972,7,2,4,3,0,3,1,0
129973,6,2,4,3,1,4,1,0
129974,6,2,4,3,1,4,1,0
129975,6,2,4,4,0,3,1,0
129976,7,2,4,3,0,4,1,0
129977,6,2,4,NULL,0,3,1,1
129978,6,2,4,3,0,2,0,0
129979,6,2,4,3,1,3,1,0
129980,6,2,4,4,0,4,1,0
129981,6,2,4,4,0,4,1,0
129982,6,2,4,3,0,4,1,0
129983,6,2,4,NULL,1,1,0,1
129984,6,2,4,3,0,4,1,0
129985,6,2,4,4,1,4,1,0
129986,6,2,4,3,0,3,1,0
129987,6,2,4,4,0,4,1,0
129988,6,2,4,NULL,1,3,1,1
129989,6,2,4,4,0,4,1,0
129990,6,2,4,NULL,0,2,0,1
129991,6,2,4,3,0,4,1,0
129992,7,2,4,NULL,0,2,0,1
129994,6,2,4,4,0,4,1,0
129995,7,2,4,4,0,3,1,0
129996,7,2,4,4,0,4,1,0
129997,6,2,4,4,0,4,1,0
129998,6,2,4,4,0,3,1,0
129999,6,2,4,3,0,3,1,0
130000,7,2,4,4,0,4,1,0
130001,7,2,4,4,0,3,1,0
130002,6,2,4,4,0,4,1,0
130003,6,2,4,4,0,4,1,0
130004,6,2,4,4,0,4,1,0
130005,8,2,6,4,0,3,1,0
130006,7,2,5,4,0,4,1,0
130007,8,2,5,4,0,4,1,0
130008,7,2,5,4,0,4,1,0
130009,7,2,5,3,0,3,1,0
130010,7,2,5,3,0,3,1,0
130011,7,2,5,4,0,4,1,0
130012,7,2,5,4,0,3,1,0
130013,7,2,5,4,0,4,1,0
130014,7,2,5,4,0,4,1,0
130015,7,2,5,NULL,0,4,1,1
130016,7,2,5,4,0,3,1,0
130017,7,2,5,NULL,1,2,0,1
130018,7,2,5,NULL,0,3,1,1
130019,8,2,5,NULL,0,3,1,1
130020,7,2,5,4,0,4,1,0
130021,7,2,5,4,0,4,1,0
130022,7,2,5,4,0,4,1,0
130023,7,2,5,3,0,4,1,0
130024,8,2,5,3,0,4,1,0
130025,7,2,5,NULL,0,4,1,1
130026,7,2,5,4,0,4,1,0
130027,7,2,5,NULL,1,1,0,1
130028,7,2,5,NULL,1,3,1,1
130029,7,2,5,NULL,0,2,0,1
130030,9,2,6,4,0,4,1,0
130031,8,2,6,4,1,4,1,0
130032,8,2,6,2,0,4,1,0
130033,9,2,6,3,0,3,1,0
130034,8,2,6,2,0,4,1,0
130035,8,2,6,2,1,4,1,0
130036,8,2,6,2,0,4,1,0
130037,8,2,6,NULL,1,2,0,1
130039,9,2,6,3,0,3,1,0
130040,8,2,6,4,0,3,1,0
130041,8,2,6,NULL,1,3,1,1
130042,8,2,6,3,1,3,1,0
130043,8,2,6,4,0,4,1,0
130044,8,2,6,4,0,3,1,0
130045,8,2,6,4,0,3,1,0
130046,8,2,6,4,0,4,1,0
130047,8,2,6,3,0,3,1,0
130048,8,2,6,4,0,3,1,0
130049,8,2,6,NULL,0,2,0,1
130050,8,2,6,NULL,1,3,1,1
130051,8,2,6,3,0,4,1,0
130052,8,2,6,4,0,2,0,0
130053,8,2,6,4,0,3,1,0
130054,8,2,6,4,0,4,1,0
130055,9,2,6,4,0,4,1,0
130056,8,2,6,NULL,0,4,1,1
130057,8,2,6,NULL,0,2,0,1
130058,9,2,7,NULL,0,2,0,1
130059,10,2,7,4,0,2,0,0
130060,9,2,7,4,0,3,1,0
130061,9,2,7,3,0,4,1,0
130062,9,2,7,NULL,0,4,1,1
130063,9,2,7,NULL,1,3,1,1
130064,9,2,7,NULL,0,3,1,1
130065,9,2,7,3,0,3,1,0
130066,9,2,7,NULL,0,2,0,1
130067,9,2,7,NULL,0,3,1,1
130068,9,2,7,4,0,3,1,0
130069,9,2,7,4,0,3,1,0
130070,9,2,7,4,1,4,1,0
130071,9,2,7,NULL,1,4,1,1
130072,9,2,7,NULL,1,4,1,1
130073,10,2,7,3,0,4,1,0
130074,9,2,7,NULL,0,4,1,1
130075,8,2,4,4,1,3,1,0
130076,6,2,4,4,0,4,1,0
130078,6,2,4,4,1,3,1,0
130079,7,1,4,4,0,2,0,0
130080,6,2,4,4,1,4,1,0
130081,5,2,4,3,0,3,1,0
130084,6,1,4,4,0,2,0,0
130085,7,2,4,3,1,3,1,0
130086,8,2,5,3,0,4,1,0
130087,8,1,5,3,1,2,0,0
130088,8,2,5,3,1,3,1,0
130089,7,1,5,3,0,3,1,0
130090,8,1,5,4,0,2,0,0
130091,7,2,5,4,0,3,1,0
130092,7,2,5,4,0,3,1,0
130093,7,2,5,4,0,3,1,0
130094,8,1,5,4,0,4,1,0
130096,8,2,5,NULL,1,4,1,1
130097,7,2,5,4,1,3,1,0
130098,9,1,6,NULL,0,4,1,1
130101,8,2,6,3,0,4,1,0
130102,8,2,6,3,1,4,1,0
130103,8,2,6,NULL,0,3,1,1
130104,8,2,6,4,1,3,1,0
130105,10,1,7,NULL,1,3,1,1
130106,9,1,7,4,0,3,1,0
130107,9,2,7,NULL,1,3,1,1
130111,6,1,4,3,1,3,1,0
130112,6,2,4,4,0,4,1,0
130113,6,1,4,NULL,1,3,1,1
130114,7,1,4,4,0,3,1,0
130115,7,1,4,4,0,3,1,0
130116,7,2,4,4,1,4,1,0
130117,7,2,4,3,1,2,0,0
130118,6,1,4,3,0,4,1,0
130119,6,2,4,NULL,0,3,1,1
130120,7,1,4,4,1,3,1,0
130122,6,2,4,4,0,4,1,0
130123,6,2,4,NULL,1,2,0,1
130124,6,1,4,4,0,4,1,0
130126,6,2,4,NULL,1,4,1,1
130127,7,2,4,4,0,3,1,0
130128,7,2,4,3,1,4,1,0
130129,7,2,4,4,0,4,1,0
130131,6,2,4,3,0,3,1,0
130132,7,1,5,4,0,3,1,0
130133,7,1,5,2,0,2,0,0
130134,8,1,5,4,0,3,1,0
130135,8,2,5,4,0,3,1,0
130136,7,2,5,4,1,2,0,0
130137,8,2,5,NULL,1,3,1,1
130138,7,1,5,NULL,1,2,0,1
130139,8,2,5,4,0,4,1,0
130140,10,1,7,4,1,2,0,0
130141,9,2,6,4,0,4,1,0
130142,8,2,5,4,0,3,1,0
130144,9,1,6,NULL,0,2,0,1
130145,8,1,6,NULL,0,1,0,1
130146,8,2,6,NULL,1,3,1,1
130147,8,2,6,NULL,0,4,1,1
130148,9,1,6,4,0,4,1,0
130149,9,1,6,4,0,3,1,0
130151,8,2,6,3,1,4,1,0
130152,8,2,6,NULL,1,3,1,1
130153,9,1,6,4,1,3,1,0
130154,9,2,6,4,0,4,1,0
130156,9,1,7,NULL,1,4,1,1
130157,9,2,7,4,0,3,1,0
130158,9,2,7,4,1,2,0,0
130159,9,2,7,NULL,1,4,1,1
130161,4,1,1,4,0,1,0,0
130162,4,2,1,NULL,1,2,0,1
130163,3,2,1,3,1,3,1,0
130165,3,1,1,4,1,3,1,0
130166,5,1,1,3,1,2,0,0
130167,3,2,1,4,0,3,1,0
130168,5,1,1,4,0,4,1,0
130169,4,2,1,4,0,3,1,0
130170,4,2,1,4,1,2,0,0
130172,4,2,1,4,0,2,0,0
130173,3,2,1,4,1,3,1,0
130175,4,2,1,4,0,2,0,0
130176,3,1,1,4,1,4,1,0
130177,5,2,2,3,0,3,1,0
130179,6,2,2,4,1,3,1,0
130181,5,1,2,2,1,3,1,0
130182,5,2,2,NULL,1,2,0,1
130183,4,2,2,4,0,3,1,0
130185,4,1,2,4,0,3,1,0
130186,5,1,2,3,0,2,0,0
130188,6,2,3,4,1,2,0,0
130189,6,2,3,NULL,0,4,1,1
130190,6,1,3,4,0,3,1,0
130191,6,1,3,4,0,4,1,0
130192,6,1,3,4,0,4,1,0
130193,7,2,3,4,1,4,1,0
130194,5,2,3,4,0,4,1,0
130195,6,2,3,3,0,3,1,0
130196,6,1,3,4,0,4,1,0
130197,5,2,3,4,0,4,1,0
130199,4,1,1,4,1,4,1,0
130200,4,2,1,3,1,4,1,0
130202,4,2,1,4,0,4,1,0
130204,4,2,1,4,0,3,1,0
130205,3,2,1,4,1,2,0,0
130206,4,2,1,4,1,4,1,0
130207,4,2,1,NULL,1,3,1,1
130208,4,1,1,4,0,4,1,0
130209,4,1,1,4,1,4,1,0
130210,4,2,1,4,0,4,1,0
130211,4,1,1,4,1,3,1,0
130212,4,2,1,4,0,3,1,0
130214,4,1,1,4,0,3,1,0
130215,4,1,1,4,0,4,1,0
130216,5,2,2,NULL,1,1,0,1
130218,5,2,2,4,0,4,1,0
130219,5,2,2,3,0,3,1,0
130220,4,2,2,4,1,4,1,0
130221,4,2,2,3,0,3,1,0
130222,4,2,2,4,1,3,1,0
130223,6,1,2,4,1,2,0,0
130224,5,2,2,3,0,3,1,0
130225,5,2,2,4,1,4,1,0
130226,5,2,2,NULL,1,2,0,1
130228,4,1,2,4,0,3,1,0
130229,4,1,2,4,1,3,1,0
130230,4,1,2,4,0,3,1,0
130231,6,1,2,4,1,4,1,0
130232,5,1,2,3,1,3,1,0
130233,5,1,2,4,0,3,1,0
130234,5,1,2,4,0,4,1,0
130235,5,1,2,3,0,4,1,0
130236,4,1,2,4,0,3,1,0
130237,5,1,2,4,0,4,1,0
130238,5,1,2,4,0,4,1,0
130239,5,1,2,4,0,4,1,0
130240,5,2,2,4,0,4,1,0
130241,4,2,2,4,1,2,0,0
130243,5,2,2,3,0,3,1,0
130244,5,1,2,4,0,3,1,0
130245,4,2,2,4,0,3,1,0
130246,5,2,2,3,0,4,1,0
130247,5,2,2,4,0,3,1,0
130249,4,1,1,4,0,3,1,0
130252,3,1,1,4,0,1,0,0
130254,4,1,1,4,0,4,1,0
130256,3,1,1,3,1,4,1,0
130258,3,2,1,3,0,3,1,0
130260,4,2,1,4,0,3,1,0
130261,4,2,1,4,0,4,1,0
130262,3,1,1,4,1,3,1,0
130263,4,1,2,4,0,1,0,0
130265,5,1,2,NULL,0,4,1,1
130268,6,1,2,4,0,3,1,0
130269,5,1,2,NULL,1,3,1,1
130272,4,1,2,4,1,3,1,0
130274,4,2,2,3,1,3,1,0
130275,5,1,2,4,1,3,1,0
130277,5,2,2,4,0,3,1,0
130278,4,2,2,4,1,4,1,0
130284,6,1,3,4,0,4,1,0
130288,7,1,3,3,0,4,1,0
130289,5,2,3,3,1,2,0,0
130291,6,1,3,3,1,4,1,0
130292,6,1,3,4,0,4,1,0
130295,5,1,3,4,0,3,1,0
130298,4,2,2,3,1,2,0,0
130300,5,2,2,2,0,3,1,0
130301,5,2,2,4,0,4,1,0
130302,4,1,2,4,1,3,1,0
130303,4,1,2,4,0,4,1,0
130305,4,1,2,4,0,4,1,0
130306,5,1,2,4,0,4,1,0
130307,5,1,2,4,0,3,1,0
130308,4,2,2,4,0,3,1,0
130310,4,1,2,3,1,4,1,0
130312,4,1,2,NULL,1,2,0,1
130313,5,2,2,3,0,4,1,0
130314,5,2,2,1,0,2,0,0
130315,5,2,2,3,0,3,1,0
130316,4,2,2,4,0,2,0,0
130317,4,2,2,4,0,4,1,0
130318,5,1,2,4,0,3,1,0
130319,4,2,2,4,0,4,1,0
130320,5,2,2,4,0,4,1,0
130321,5,1,2,4,0,3,1,0
130323,4,2,2,4,1,4,1,0
130324,5,1,2,4,0,3,1,0
130325,5,2,2,4,0,4,1,0
130326,4,1,2,4,0,3,1,0
130327,4,2,2,4,0,4,1,0
130328,4,2,2,3,0,4,1,0
130329,4,1,2,4,0,4,1,0
130330,4,1,2,4,0,4,1,0
130331,4,1,2,3,0,4,1,0
130332,4,2,2,4,0,3,1,0
130333,4,1,2,4,0,3,1,0
130334,5,2,2,3,0,2,0,0
130335,5,1,2,2,1,2,0,0
130336,4,2,2,3,0,3,1,0
130337,4,2,2,4,0,3,1,0
130338,4,2,2,4,0,4,1,0
130339,4,2,2,4,0,4,1,0
130340,4,2,2,4,0,3,1,0
130341,4,2,2,2,0,3,1,0
130342,4,1,2,2,0,4,1,0
130344,6,2,3,4,0,4,1,0
130346,5,1,3,4,0,4,1,0
130349,6,1,3,4,0,4,1,0
130351,5,2,3,4,0,3,1,0
130352,5,2,3,4,0,3,1,0
130353,5,2,3,4,1,3,1,0
130354,6,2,3,4,0,3,1,0
130355,5,2,3,4,0,4,1,0
130357,5,1,3,4,0,4,1,0
130359,5,2,3,4,0,4,1,0
130360,6,1,3,4,0,4,1,0
130361,6,1,3,3,0,3,1,0
130363,5,1,3,4,1,4,1,0
130364,5,1,3,NULL,0,4,1,1
130365,6,1,3,3,1,3,1,0
130366,5,1,3,3,0,3,1,0
130367,6,1,3,4,0,4,1,0
130368,5,2,3,NULL,0,3,1,1
130369,5,2,3,4,0,4,1,0
130370,5,2,3,3,0,4,1,0
130371,5,2,3,4,0,4,1,0
130372,5,2,3,2,1,3,1,0
130373,5,2,3,NULL,1,4,1,1
130374,5,1,3,4,0,4,1,0
130375,6,2,3,3,0,2,0,0
130377,3,1,1,3,1,3,1,0
130378,3,2,1,4,0,2,0,0
130379,3,1,1,4,0,3,1,0
130380,3,1,1,4,0,4,1,0
130381,4,1,1,4,0,3,1,0
130383,3,1,1,4,0,4,1,0
130384,3,1,1,2,0,1,0,0
130385,3,2,1,4,0,2,0,0
130386,4,2,1,4,1,3,1,0
130387,3,1,1,4,1,4,1,0
130388,3,2,1,4,0,3,1,0
130389,4,1,1,4,0,4,1,0
130390,3,1,1,4,0,4,1,0
130391,4,2,1,NULL,1,4,1,1
130392,3,1,1,4,0,4,1,0
130393,3,1,1,4,1,3,1,0
130394,3,2,1,4,1,4,1,0
130395,4,2,1,4,0,4,1,0
130396,3,2,1,4,0,3,1,0
130397,3,1,1,3,1,2,0,0
130398,4,2,1,4,1,2,0,0
130399,3,1,1,4,0,3,1,0
130400,3,2,1,4,0,3,1,0
130401,3,1,1,4,1,4,1,0
130402,4,1,1,3,1,1,0,0
130404,4,1,1,4,0,3,1,0
130405,3,1,1,3,1,3,1,0
130406,3,2,1,4,1,3,1,0
130408,4,1,1,NULL,1,4,1,1
130410,5,1,1,4,0,4,1,0
130411,4,1,1,4,0,4,1,0
130413,4,1,1,4,1,3,1,0
130414,4,1,1,3,0,3,1,0
130415,3,1,1,2,1,3,1,0
130416,4,1,1,3,0,4,1,0
130417,4,2,1,NULL,0,4,1,1
130418,4,2,1,4,1,2,0,0
130419,4,1,1,4,0,3,1,0
130420,4,2,2,NULL,1,3,1,1
130421,5,2,2,4,1,3,1,0
130423,5,1,2,4,0,3,1,0
130424,4,2,2,4,0,4,1,0
130425,5,2,2,NULL,1,3,1,1
130427,5,1,2,NULL,1,4,1,1
130428,4,2,2,3,1,3,1,0
130429,5,2,2,4,0,4,1,0
130430,6,1,2,4,0,3,1,0
130432,4,2,2,4,0,4,1,0
130435,4,2,2,4,0,4,1,0
130436,5,2,2,NULL,0,2,0,1
130437,5,2,2,NULL,0,4,1,1
130438,5,2,2,NULL,1,3,1,1
130439,5,2,2,4,1,3,1,0
130440,5,1,2,NULL,1,3,1,1
130441,5,1,2,4,0,4,1,0
130442,4,1,2,3,1,4,1,0
130443,5,2,2,NULL,1,2,0,1
130444,4,1,2,NULL,1,4,1,1
130445,5,2,2,3,1,2,0,0
130446,4,1,2,NULL,1,2,0,1
130447,5,1,3,4,0,3,1,0
130448,5,2,3,NULL,1,3,1,1
130449,6,1,3,4,1,3,1,0
130450,6,1,3,4,1,3,1,0
130451,5,2,3,4,1,3,1,0
130452,6,1,3,4,1,4,1,0
130453,7,1,3,3,0,2,0,0
130455,7,1,3,4,0,2,0,0
130456,5,1,3,4,0,3,1,0
130458,6,1,3,2,1,2,0,0
130459,6,2,3,3,1,2,0,0
130460,5,2,3,4,1,4,1,0
130461,7,1,3,4,0,2,0,0
130462,5,1,3,4,1,3,1,0
130463,6,1,3,3,0,3,1,0
130466,6,2,3,NULL,1,4,1,1
130467,6,1,3,NULL,1,3,1,1
130468,5,1,3,4,1,4,1,0
130469,5,1,3,NULL,1,3,1,1
130470,6,2,3,3,0,4,1,0
130471,6,2,3,NULL,1,3,1,1
130472,5,1,3,4,1,2,0,0
130473,6,1,3,4,1,3,1,0
130474,6,1,3,4,1,3,1,0
130475,5,2,3,3,1,3,1,0
130476,6,2,3,4,0,4,1,0
130477,5,1,3,4,1,4,1,0
130479,6,1,3,3,1,4,1,0
130480,6,1,4,4,0,4,1,0
130481,3,1,1,4,0,2,0,0
130482,4,2,1,3,0,4,1,0
130483,3,2,1,4,0,2,0,0
130484,4,1,1,4,1,2,0,0
130485,4,1,1,4,0,3,1,0
130486,3,2,1,4,0,3,1,0
130487,3,2,1,4,0,3,1,0
130489,4,1,1,4,0,4,1,0
130490,4,1,1,4,0,3,1,0
130491,4,1,1,4,0,4,1,0
130492,3,1,1,4,0,2,0,0
130493,4,2,1,4,1,3,1,0
130495,3,1,1,4,0,4,1,0
130496,4,1,1,4,0,2,0,0
130497,4,1,1,4,0,4,1,0
130499,3,2,1,3,0,3,1,0
130500,3,2,1,4,0,1,0,0
130501,4,2,1,4,0,2,0,0
130502,5,2,2,3,0,3,1,0
130503,4,1,2,3,0,4,1,0
130504,5,2,2,4,0,3,1,0
130505,5,1,2,3,1,4,1,0
130506,5,1,2,4,0,1,0,0
130507,5,2,2,4,0,2,0,0
130508,5,1,2,4,0,4,1,0
130509,4,1,2,4,0,3,1,0
130511,5,1,2,4,0,3,1,0
130512,4,2,2,3,0,4,1,0
130514,5,2,2,1,0,3,1,0
130515,4,1,2,4,0,3,1,0
130516,4,2,2,3,1,3,1,0
130517,5,2,2,4,0,3,1,0
130518,4,2,2,4,0,4,1,0
130519,5,1,2,3,0,2,0,0
130520,4,1,2,4,0,4,1,0
130521,5,2,2,NULL,1,4,1,1
130522,5,2,2,3,1,3,1,0
130523,5,1,2,3,0,3,1,0
130524,5,2,2,NULL,0,4,1,1
130525,4,2,2,NULL,1,3,1,1
130526,5,2,2,4,0,4,1,0
130528,4,2,2,4,0,2,0,0
130529,6,2,3,4,0,4,1,0
130530,5,1,3,4,0,3,1,0
130531,6,2,3,4,0,3,1,0
130532,5,2,3,3,1,2,0,0
130533,6,1,3,4,0,4,1,0
130534,6,2,3,NULL,1,4,1,1
130536,6,2,3,4,0,3,1,0
130538,6,1,3,4,0,4,1,0
130539,5,1,3,3,1,1,0,0
130540,6,1,3,4,0,3,1,0
130541,6,1,3,4,0,3,1,0
130542,5,1,3,4,0,3,1,0
130543,5,2,3,4,0,4,1,0
130544,5,1,3,4,0,3,1,0
130545,6,1,3,4,1,4,1,0
130546,5,1,3,3,0,4,1,0
130547,5,1,3,3,0,2,0,0
130548,5,2,3,4,0,3,1,0
130549,6,2,3,3,0,4,1,0
130550,5,2,3,2,1,3,1,0
130551,5,2,2,4,0,3,1,0
130552,5,2,2,4,0,4,1,0
130553,5,2,2,3,0,4,1,0
130554,4,1,2,4,0,3,1,0
130555,5,1,2,4,1,4,1,0
130558,5,1,2,4,0,3,1,0
130559,4,1,2,4,1,3,1,0
130560,4,2,2,4,0,4,1,0
130561,5,1,2,4,0,4,1,0
130562,5,1,2,4,0,3,1,0
130563,5,2,2,4,1,2,0,0
130565,5,2,2,4,0,4,1,0
130566,5,2,2,4,1,2,0,0
130567,5,2,2,4,0,2,0,0
130568,5,2,2,4,0,4,1,0
130569,5,1,2,4,0,4,1,0
130570,5,2,2,4,0,4,1,0
130571,4,2,2,4,0,4,1,0
130573,5,1,2,2,1,2,0,0
130574,5,1,2,4,0,3,1,0
130575,5,1,3,3,1,2,0,0
130576,6,2,3,4,1,3,1,0
130577,6,2,3,3,0,3,1,0
130578,6,1,3,4,1,4,1,0
130579,6,2,3,3,0,2,0,0
130581,5,1,3,3,1,3,1,0
130582,5,2,3,4,0,4,1,0
130583,6,2,3,4,1,4,1,0
130584,5,1,3,3,0,4,1,0
130586,5,1,3,4,1,2,0,0
130587,6,2,3,2,0,3,1,0
130588,5,2,3,4,0,4,1,0
130589,5,2,3,4,0,4,1,0
130590,6,1,3,4,0,4,1,0
130591,6,2,3,3,0,4,1,0
130592,6,2,3,4,0,4,1,0
130593,5,1,3,4,0,4,1,0
130594,6,1,3,4,0,4,1,0
130595,6,1,3,4,1,4,1,0
130596,6,1,3,4,1,4,1,0
130597,6,1,3,4,1,4,1,0
130598,5,1,3,4,0,4,1,0
130600,6,2,3,4,0,1,0,0
130601,5,2,3,4,0,3,1,0
130602,4,1,3,4,0,3,1,0
130603,5,1,3,4,0,4,1,0
130604,5,2,3,NULL,0,3,1,1
130605,5,2,3,4,1,4,1,0
130606,5,2,3,3,0,3,1,0
130607,6,1,3,NULL,1,3,1,1
130609,5,1,3,4,0,4,1,0
130610,6,2,3,4,0,4,1,0
130611,5,1,3,4,0,4,1,0
130612,6,2,4,4,0,1,0,0
130614,7,1,4,4,1,3,1,0
130615,7,2,4,4,0,3,1,0
130619,7,1,4,4,0,4,1,0
130621,7,1,4,3,0,2,0,0
130622,7,1,4,NULL,1,3,1,1
130624,6,1,4,3,0,3,1,0
130627,7,1,4,3,0,3,1,0
130628,7,2,4,NULL,0,3,1,1
130629,6,1,4,4,0,4,1,0
130630,7,2,4,4,0,2,0,0
130631,6,2,4,3,0,3,1,0
130633,7,1,5,NULL,0,3,1,1
130634,6,2,4,4,0,4,1,0
130635,7,1,4,4,0,3,1,0
130637,7,2,4,4,0,3,1,0
130638,7,2,4,3,0,3,1,0
130639,6,1,4,3,1,3,1,0
130640,7,2,4,3,0,2,0,0
130641,6,2,4,4,1,4,1,0
130642,6,2,4,4,0,4,1,0
130643,8,1,5,4,1,1,0,0
130644,9,1,6,4,0,3,1,0
130645,7,2,5,3,1,4,1,0
130646,7,2,5,3,1,3,1,0
130647,7,1,5,NULL,0,3,1,1
130649,8,1,5,4,0,1,0,0
130650,7,2,5,NULL,1,2,0,1
130651,7,1,5,3,0,4,1,0
130652,7,1,5,NULL,1,3,1,1
130653,8,2,6,4,0,4,1,0
130654,7,1,5,3,0,3,1,0
130655,7,2,5,NULL,0,2,0,1
130656,7,2,5,4,0,4,1,0
130657,8,2,5,NULL,1,3,1,1
130658,8,2,5,4,0,4,1,0
130660,7,1,5,4,0,3,1,0
130661,7,2,5,NULL,0,3,1,1
130663,7,2,5,NULL,0,3,1,1
130664,8,1,5,3,0,3,1,0
130668,9,2,5,3,0,2,0,0
130669,7,1,5,4,0,2,0,0
130670,8,1,5,NULL,0,2,0,1
130671,7,2,5,3,0,2,0,0
130672,8,1,6,4,0,3,1,0
130673,9,2,6,3,1,3,1,0
130679,7,2,5,NULL,0,2,0,1
130680,8,1,5,4,1,3,1,0
130681,8,1,6,NULL,1,3,1,1
130682,9,2,7,NULL,1,3,1,1
130683,9,2,6,4,0,4,1,0
130684,8,1,6,3,1,3,1,0
130685,9,1,6,3,0,1,0,0
130686,10,1,6,4,0,4,1,0
130687,8,2,6,4,0,3,1,0
130688,9,1,6,4,0,2,0,0
130689,9,2,6,4,0,3,1,0
130690,9,2,6,NULL,0,4,1,1
130691,8,2,6,4,0,4,1,0
130694,8,2,6,3,1,3,1,0
130695,8,2,6,3,1,4,1,0
130696,8,1,6,NULL,0,1,0,1
130697,8,1,6,4,0,1,0,0
130699,9,1,6,3,0,2,0,0
130700,8,2,6,4,1,3,1,0
130702,8,1,6,4,0,4,1,0
130703,9,1,6,3,0,2,0,0
130704,1,2,3,NULL,1,1,0,1
130705,9,1,6,4,0,3,1,0
130706,9,2,6,3,1,3,1,0
130707,9,1,6,NULL,0,1,0,1
130708,9,1,7,NULL,1,3,1,1
130709,9,2,7,3,0,3,1,0
130710,9,1,7,NULL,0,4,1,1
130711,10,2,7,4,0,4,1,0
130712,9,1,7,NULL,0,4,1,1
130713,10,1,7,2,0,3,1,0
130714,9,2,7,4,1,4,1,0
130715,10,1,7,4,1,4,1,0
130716,10,1,7,4,0,3,1,0
130717,10,1,7,4,0,4,1,0
130718,9,2,7,NULL,0,3,1,1
130719,10,2,7,NULL,1,3,1,1
130720,9,1,7,4,0,4,1,0
130721,9,1,7,4,0,3,1,0
130722,10,1,7,NULL,0,2,0,1
130723,10,2,7,3,0,3,1,0
130724,8,2,6,4,0,2,0,0
130725,9,1,7,4,0,3,1,0
130726,9,1,7,3,0,4,1,0
130727,10,2,7,4,0,4,1,0
130728,9,2,7,4,0,3,1,0
130731,10,1,7,3,0,3,1,0
130732,10,2,7,4,0,4,1,0
130733,7,2,5,4,0,4,1,0
130734,9,2,7,3,1,4,1,0
130736,9,1,7,4,0,3,1,0
130737,10,2,7,3,1,4,1,0
130738,10,1,7,1,0,3,1,0
130739,9,2,7,NULL,1,3,1,1
130740,3,1,1,4,1,3,1,0
130741,4,1,1,3,1,2,0,0
130742,4,2,1,4,0,3,1,0
130743,3,2,1,4,0,4,1,0
130744,3,2,1,3,0,3,1,0
130745,3,2,1,4,0,4,1,0
130747,3,1,1,4,0,4,1,0
130748,3,1,1,4,0,2,0,0
130749,4,2,1,4,1,3,1,0
130750,3,2,1,4,0,3,1,0
130751,3,2,1,4,0,3,1,0
130752,3,2,1,4,0,4,1,0
130753,4,2,1,4,0,3,1,0
130754,4,2,1,4,0,3,1,0
130755,4,2,1,4,0,4,1,0
130756,4,1,1,4,1,3,1,0
130757,3,2,1,4,0,3,1,0
130758,3,2,1,4,0,3,1,0
130759,5,2,1,NULL,0,3,1,1
130760,4,1,1,4,0,4,1,0
130761,3,1,1,4,0,4,1,0
130762,3,1,1,4,1,4,1,0
130763,3,2,1,4,0,4,1,0
130764,4,1,1,4,0,3,1,0
130765,3,2,1,4,0,3,1,0
130766,3,2,1,4,0,3,1,0
130767,3,1,1,4,0,4,1,0
130768,4,1,1,4,0,4,1,0
130769,3,1,1,4,0,2,0,0
130770,4,1,1,4,0,4,1,0
130772,5,2,1,3,1,4,1,0
130774,4,2,1,4,0,4,1,0
130775,4,1,1,4,0,3,1,0
130776,3,1,1,4,0,4,1,0
130777,5,1,1,4,0,3,1,0
130778,3,1,1,4,0,4,1,0
130779,3,2,1,4,0,4,1,0
130780,5,2,2,4,0,4,1,0
130781,5,2,2,3,0,3,1,0
130782,4,1,2,3,1,2,0,0
130783,4,2,2,4,0,4,1,0
130784,5,2,2,3,0,3,1,0
130785,5,1,2,3,1,3,1,0
130786,4,1,2,4,0,4,1,0
130788,4,1,2,4,0,2,0,0
130789,4,2,2,4,0,4,1,0
130790,5,2,2,4,0,3,1,0
130791,4,2,2,4,0,4,1,0
130793,4,1,2,3,1,3,1,0
130794,4,1,2,4,1,3,1,0
130795,4,2,2,4,0,3,1,0
130796,5,2,2,4,1,3,1,0
130797,4,2,2,4,0,3,1,0
130798,4,2,2,4,1,3,1,0
130799,5,1,2,4,0,4,1,0
130800,5,2,2,3,1,3,1,0
130801,4,2,2,4,0,3,1,0
130802,5,2,2,4,0,3,1,0
130803,5,2,2,4,0,4,1,0
130804,4,2,2,4,1,3,1,0
130805,5,2,2,4,0,4,1,0
130806,5,1,2,4,1,1,0,0
130807,4,2,2,4,0,4,1,0
130808,5,1,2,3,1,2,0,0
130809,5,1,2,4,0,4,1,0
130810,4,2,2,4,0,4,1,0
130811,4,2,2,4,0,4,1,0
130812,5,1,2,4,0,2,0,0
130813,4,1,2,4,0,4,1,0
130814,4,2,2,NULL,0,4,1,1
130815,5,1,2,4,0,4,1,0
130816,4,2,2,4,0,4,1,0
130817,4,1,2,4,1,3,1,0
130818,5,1,2,4,0,4,1,0
130819,4,2,2,4,0,4,1,0
130820,4,1,2,3,0,4,1,0
130821,4,1,2,4,1,4,1,0
130823,5,1,2,4,0,4,1,0
130824,4,2,2,4,0,4,1,0
130825,5,1,2,4,0,3,1,0
130826,5,1,2,4,0,4,1,0
130827,4,1,2,4,0,4,1,0
130828,5,2,3,2,0,1,0,0
130829,5,1,3,4,0,4,1,0
130830,6,2,3,4,0,3,1,0
130831,5,2,3,4,0,3,1,0
130832,6,1,3,NULL,1,2,0,1
130833,5,2,3,4,0,4,1,0
130834,5,2,3,4,0,4,1,0
130835,6,2,3,4,0,4,1,0
130836,6,2,3,3,0,2,0,0
130837,5,2,3,3,0,2,0,0
130838,6,2,3,3,0,3,1,0
130839,6,1,3,4,1,3,1,0
130840,6,2,3,3,0,3,1,0
130841,7,1,3,NULL,1,3,1,1
130842,5,1,3,4,0,2,0,0
130844,5,2,3,4,0,3,1,0
130845,6,1,3,4,0,2,0,0
130846,6,1,3,3,1,3,1,0
130847,5,2,3,4,1,4,1,0
130848,6,1,3,4,0,4,1,0
130849,6,2,3,4,1,3,1,0
130850,5,2,3,4,1,3,1,0
130851,6,2,3,4,0,4,1,0
130852,6,2,3,2,0,3,1,0
130853,5,1,3,4,0,3,1,0
130854,5,1,3,4,0,4,1,0
130855,5,1,3,3,0,3,1,0
130856,6,2,3,4,0,4,1,0
130858,6,1,3,4,0,3,1,0
130859,5,2,3,4,0,3,1,0
130861,6,1,3,4,0,4,1,0
130862,5,2,3,3,0,2,0,0
130863,5,1,3,4,0,4,1,0
130864,5,1,3,4,1,4,1,0
130865,5,1,3,4,0,3,1,0
130866,6,2,3,4,1,4,1,0
130867,6,1,3,4,0,3,1,0
130868,5,2,3,4,0,3,1,0
130869,5,2,3,4,0,4,1,0
130870,6,1,3,3,0,3,1,0
130871,5,1,3,4,0,3,1,0
130872,6,2,3,4,0,4,1,0
130873,5,2,3,2,1,4,1,0
130874,6,1,3,4,0,3,1,0
130875,5,2,3,4,0,3,1,0
130876,6,1,3,3,0,3,1,0
130877,5,1,3,2,0,4,1,0
130878,5,2,3,NULL,1,3,1,1
130879,5,2,3,4,0,3,1,0
130880,5,1,3,3,0,1,0,0
130881,6,2,4,3,1,2,0,0
130882,6,2,4,4,0,4,1,0
130883,6,1,4,4,0,3,1,0
130884,6,2,4,3,0,3,1,0
130885,7,1,4,4,1,4,1,0
130886,7,1,4,NULL,0,2,0,1
130887,7,1,4,4,0,2,0,0
130888,7,2,4,NULL,1,3,1,1
130889,6,2,4,3,1,4,1,0
130890,7,1,4,3,1,2,0,0
130891,7,2,4,3,0,3,1,0
130892,7,1,4,3,0,2,0,0
130893,7,2,4,NULL,0,2,0,1
130894,6,2,4,2,0,2,0,0
130895,7,1,4,3,0,3,1,0
130896,6,2,4,4,0,4,1,0
130897,7,2,4,4,0,4,1,0
130898,7,1,4,4,0,4,1,0
130899,7,1,4,3,1,4,1,0
130900,6,2,4,3,0,3,1,0
130901,7,2,4,3,0,4,1,0
130902,7,1,4,4,0,4,1,0
130903,7,2,4,4,0,4,1,0
130904,7,1,4,4,0,4,1,0
130905,6,2,4,3,1,3,1,0
130906,7,2,4,3,0,3,1,0
130907,6,2,4,NULL,1,2,0,1
130909,6,2,4,4,1,1,0,0
130912,6,1,4,4,1,3,1,0
130913,7,2,4,3,0,2,0,0
130915,6,1,4,4,0,3,1,0
130916,7,1,4,4,0,4,1,0
130917,8,2,4,3,1,4,1,0
130918,6,2,4,4,0,4,1,0
130920,7,1,4,3,1,2,0,0
130921,9,1,5,4,0,3,1,0
130922,7,2,5,3,0,3,1,0
130923,7,1,5,4,1,4,1,0
130924,7,1,5,4,0,4,1,0
130926,7,2,5,NULL,0,3,1,1
130927,8,2,5,3,0,3,1,0
130928,7,2,5,4,0,4,1,0
130929,8,1,5,NULL,1,2,0,1
130930,7,1,5,3,1,3,1,0
130931,8,2,5,NULL,1,3,1,1
130932,7,2,5,4,1,3,1,0
130933,8,1,5,NULL,1,3,1,1
130934,8,2,5,3,1,2,0,0
130935,8,2,5,4,0,4,1,0
130936,8,1,5,4,0,2,0,0
130937,8,2,5,3,0,2,0,0
130941,7,1,5,3,1,2,0,0
130942,7,1,5,NULL,0,3,1,1
130943,7,2,5,4,1,3,1,0
130944,7,1,5,NULL,1,3,1,1
130945,8,1,5,4,0,4,1,0
130946,7,2,5,4,0,4,1,0
130947,7,1,5,NULL,1,3,1,1
130948,8,1,5,3,0,4,1,0
130949,8,1,5,NULL,0,4,1,1
130950,7,2,5,NULL,1,2,0,1
130951,7,1,5,NULL,1,3,1,1
130953,8,1,5,3,1,3,1,0
130954,8,2,5,3,1,2,0,0
130955,8,1,5,4,0,4,1,0
130956,7,2,5,NULL,0,3,1,1
130957,8,1,5,4,0,3,1,0
130958,7,1,5,4,1,4,1,0
130959,7,2,5,3,0,3,1,0
130960,8,1,6,NULL,0,4,1,1
130961,9,1,6,4,0,4,1,0
130962,10,1,6,3,1,3,1,0
130963,8,1,6,3,0,4,1,0
130964,9,1,6,3,0,2,0,0
130965,9,2,6,3,0,3,1,0
130966,9,1,6,3,1,2,0,0
130967,9,1,5,3,0,4,1,0
130968,8,2,6,4,0,4,1,0
130969,9,2,6,4,1,3,1,0
130970,8,1,6,3,1,3,1,0
130971,8,2,6,2,1,3,1,0
130972,9,2,6,3,1,4,1,0
130973,8,1,6,3,1,2,0,0
130974,8,2,6,NULL,0,2,0,1
130975,9,2,6,4,0,3,1,0
130976,8,1,6,NULL,1,4,1,1
130977,9,2,6,4,0,3,1,0
130978,9,1,6,4,0,3,1,0
130979,9,2,6,3,0,3,1,0
130980,8,1,6,4,1,3,1,0
130981,9,2,6,4,0,3,1,0
130982,8,2,6,NULL,0,2,0,1
130983,9,1,6,4,0,2,0,0
130984,9,1,6,3,0,4,1,0
130985,9,1,6,3,0,4,1,0
130987,9,1,6,4,0,3,1,0
130988,9,2,6,3,1,3,1,0
130990,10,1,7,3,0,2,0,0
130991,10,2,7,4,0,3,1,0
130992,9,1,7,NULL,1,4,1,1
130993,9,1,7,NULL,1,4,1,1
130995,10,1,7,NULL,1,3,1,1
130996,10,1,7,NULL,1,3,1,1
130997,10,2,7,4,0,3,1,0
130998,10,2,7,3,0,4,1,0
130999,9,1,7,4,1,4,1,0
131000,10,2,7,NULL,0,3,1,1
131001,9,1,7,NULL,1,3,1,1
131002,10,2,7,3,0,3,1,0
131004,9,1,7,4,0,2,0,0
131005,10,1,7,4,0,3,1,0
131006,10,1,7,4,0,3,1,0
131007,9,1,7,3,0,3,1,0
131009,9,2,7,4,0,3,1,0
131010,10,2,7,NULL,0,2,0,1
131011,10,1,7,NULL,1,4,1,1
131012,10,2,7,4,0,3,1,0
131013,10,2,7,NULL,1,4,1,1
131014,10,2,7,NULL,1,3,1,1
131015,10,1,7,4,0,3,1,0
131016,10,2,7,NULL,1,4,1,1
131017,10,1,7,NULL,1,3,1,1
131018,10,2,7,3,0,3,1,0
131019,10,2,7,4,0,4,1,0
131020,9,2,7,3,0,4,1,0
131021,10,2,7,NULL,0,4,1,1
131022,10,2,7,4,0,3,1,0
131023,10,2,7,4,0,4,1,0
131025,6,1,4,NULL,1,3,1,0
131028,9,1,5,4,0,3,1,0
131029,7,1,4,NULL,1,2,0,1
131031,6,2,4,4,0,3,1,0
131032,6,1,4,4,0,4,1,0
131033,6,1,4,4,0,3,1,0
131034,8,1,6,NULL,0,2,0,1
131035,6,2,4,3,0,3,1,0
131036,7,1,4,4,0,4,1,0
131038,7,2,4,4,0,2,0,0
131039,6,1,4,4,0,4,1,0
131040,6,2,4,4,0,4,1,0
131041,6,2,4,4,0,4,1,0
131042,7,2,4,4,0,3,1,0
131043,7,1,4,NULL,1,2,0,1
131045,7,1,5,3,0,2,0,0
131047,8,1,5,4,0,4,1,0
131049,7,1,5,4,0,4,1,0
131051,9,1,6,4,0,4,1,0
131053,7,1,5,NULL,1,3,1,1
131054,8,1,6,NULL,1,3,1,1
131055,8,1,6,NULL,0,4,1,1
131056,8,1,5,NULL,1,3,1,1
131057,8,2,5,NULL,0,3,1,1
131058,7,2,5,NULL,1,3,1,1
131059,7,1,5,2,0,2,0,0
131061,10,1,6,3,1,4,1,0
131062,8,2,5,NULL,0,3,1,1
131063,8,1,5,4,0,3,1,0
131064,7,2,5,NULL,0,4,1,1
131065,8,1,5,4,0,4,1,0
131068,7,1,5,3,0,4,1,0
131069,7,2,5,4,0,4,1,0
131070,7,1,5,3,1,2,0,0
131071,6,2,4,3,0,3,1,0
131072,8,2,6,4,0,4,1,0
131073,9,1,6,4,0,3,1,0
131074,8,2,6,4,0,3,1,0
131075,8,2,6,3,0,2,0,0
131076,9,2,6,4,0,3,1,0
131077,8,2,6,3,0,4,1,0
131078,7,1,5,4,0,4,1,0
131079,8,2,6,4,0,2,0,0
131081,7,1,5,NULL,0,3,1,1
131082,7,1,5,4,0,3,1,0
131083,8,2,6,NULL,0,4,1,1
131084,7,2,5,3,0,4,1,0
131085,8,1,6,NULL,1,3,1,1
131086,8,2,6,4,1,2,0,0
131087,8,1,6,4,0,4,1,0
131088,8,1,5,NULL,0,3,1,1
131089,7,1,5,3,0,3,1,0
131090,8,2,6,NULL,1,4,1,1
131091,9,2,7,2,0,3,1,0
131092,8,1,6,3,0,1,0,0
131093,8,2,6,NULL,1,3,1,1
131094,8,1,6,NULL,0,3,1,1
131095,7,2,5,3,0,3,1,0
131096,8,2,6,NULL,1,4,1,1
131097,7,2,5,NULL,0,4,1,1
131098,8,2,6,NULL,0,3,1,1
131099,8,1,5,3,0,3,1,0
131100,8,1,5,NULL,1,3,1,1
131101,8,2,6,4,0,4,1,0
131102,8,2,6,4,0,4,1,0
131103,9,2,6,NULL,0,3,1,1
131104,7,1,5,2,1,3,1,0
131105,7,2,5,NULL,0,3,1,1
131107,9,2,7,4,0,2,0,0
131108,8,2,6,4,0,4,1,0
131109,7,2,5,4,0,2,0,0
131110,10,1,7,NULL,0,3,1,1
131111,8,1,5,3,0,3,1,0
131112,7,1,5,4,0,4,1,0
131113,7,2,5,3,1,3,1,0
131114,8,2,6,4,0,4,1,0
131115,8,1,6,3,0,4,1,0
131116,8,1,6,NULL,1,4,1,1
131117,8,1,6,NULL,1,4,1,1
131118,7,1,5,3,0,3,1,0
131119,8,2,6,2,0,3,1,0
131120,9,2,6,4,0,4,1,0
131121,8,2,6,NULL,0,4,1,1
131122,8,2,6,3,0,4,1,0
131123,8,1,6,4,1,3,1,0
131124,8,2,6,NULL,1,2,0,1
131126,8,1,6,4,1,4,1,0
131127,9,1,7,NULL,0,4,1,1
131128,8,2,6,3,0,4,1,0
131129,9,1,7,4,0,3,1,0
131130,8,2,6,4,0,4,1,0
131132,9,2,7,4,0,3,1,0
131134,8,2,6,4,0,4,1,0
131135,8,2,6,4,1,4,1,0
131136,8,1,6,4,0,3,1,0
131137,1,2,8,4,1,4,1,0
131138,8,2,6,3,0,4,1,0
131139,8,2,6,NULL,1,4,1,1
131140,8,2,6,NULL,0,3,1,1
131141,9,2,7,NULL,1,3,1,1
131142,10,1,7,3,0,4,1,0
131143,9,2,7,2,0,3,1,0
131144,9,1,7,4,1,4,1,0
131145,9,1,7,4,0,3,1,0
131146,9,2,7,NULL,1,2,0,1
131147,9,1,7,3,0,4,1,0
131148,9,1,7,4,0,3,1,0
131149,9,2,7,NULL,1,4,1,1
131150,9,2,7,4,0,3,1,0
131151,9,1,7,3,0,3,1,0
131152,9,2,7,3,0,3,1,0
131153,9,1,7,4,1,4,1,0
131154,9,2,7,2,0,2,0,0
131155,9,2,7,NULL,1,4,1,1
131156,8,1,6,4,0,4,1,0
131157,5,2,2,4,0,4,1,0
131158,5,1,2,4,0,3,1,0
131160,5,2,2,4,0,4,1,0
131165,5,1,2,4,0,4,1,0
131169,6,1,2,4,0,4,1,0
131170,6,1,2,4,0,3,1,0
131171,5,2,2,4,0,4,1,0
131173,5,1,2,3,0,4,1,0
131175,6,2,2,3,0,3,1,0
131176,4,2,2,4,0,4,1,0
131177,4,2,2,3,1,3,1,0
131178,4,2,2,4,0,3,1,0
131179,4,1,2,3,1,4,1,0
131180,5,2,2,4,0,3,1,0
131181,4,1,2,4,1,2,0,0
131183,4,1,2,4,1,4,1,0
131184,4,2,2,4,0,4,1,0
131185,5,2,2,4,0,4,1,0
131186,5,1,2,4,0,3,1,0
131187,5,2,2,3,1,3,1,0
131188,5,2,2,4,0,4,1,0
131189,5,2,2,4,1,3,1,0
131190,5,2,2,3,0,2,0,0
131191,5,1,3,NULL,1,2,0,1
131192,5,1,2,4,0,3,1,0
131193,5,1,2,4,0,4,1,0
131194,5,1,2,4,1,4,1,0
131195,5,2,2,NULL,1,3,1,1
131196,7,1,3,NULL,0,4,1,1
131197,5,2,3,4,0,4,1,0
131198,6,2,3,NULL,0,4,1,1
131199,6,1,3,3,1,4,1,0
131201,6,1,3,4,1,3,1,0
131202,6,1,3,4,1,3,1,0
131203,6,1,3,NULL,1,2,0,1
131204,7,2,3,4,1,3,1,0
131205,6,2,3,4,1,4,1,0
131206,6,2,3,NULL,1,3,1,1
131207,6,1,3,4,0,3,1,0
131208,7,1,3,4,1,3,1,0
131209,6,1,3,4,0,3,1,0
131210,6,2,3,4,1,4,1,0
131211,6,2,3,4,1,4,1,0
131212,6,1,3,4,1,2,0,0
131213,6,1,3,4,0,3,1,0
131214,6,1,3,4,0,4,1,0
131215,6,1,3,4,0,4,1,0
131216,6,1,3,4,0,4,1,0
131217,6,1,3,4,0,4,1,0
131219,6,1,3,3,1,3,1,0
131220,5,2,3,3,0,4,1,0
131221,6,1,3,4,1,2,0,0
131223,5,2,3,NULL,1,4,1,1
131224,6,2,4,NULL,1,1,0,1
131226,6,1,3,2,1,3,1,0
131227,7,1,3,4,1,4,1,0
131228,5,2,3,4,0,3,1,0
131229,6,2,3,NULL,1,4,1,1
131230,6,1,3,4,1,2,0,0
131231,6,2,3,4,0,4,1,0
131232,6,2,3,NULL,1,2,0,1
131233,6,1,3,4,1,3,1,0
131234,6,1,3,4,0,4,1,0
131235,6,2,3,4,0,3,1,0
131236,7,1,3,4,1,3,1,0
131237,6,2,3,NULL,1,2,0,1
131238,8,2,4,4,0,4,1,0
131239,6,1,4,3,0,3,1,0
131240,6,1,4,4,0,2,0,0
131241,7,2,4,3,1,3,1,0
131242,7,1,4,3,0,2,0,0
131243,7,2,4,4,0,3,1,0
131244,7,1,4,4,1,4,1,0
131245,7,1,4,4,0,3,1,0
131246,7,1,4,4,1,3,1,0
131247,7,2,4,4,0,4,1,0
131249,6,1,4,4,0,3,1,0
131250,7,2,4,4,0,3,1,0
131251,7,1,4,4,0,3,1,0
131252,8,2,5,NULL,0,4,1,1
131253,7,1,5,4,0,3,1,0
131254,8,1,5,2,1,3,1,0
131256,7,1,5,NULL,0,3,1,1
131258,7,2,5,3,0,4,1,0
131259,8,2,5,4,0,4,1,0
131260,7,1,5,4,0,3,1,0
131261,10,1,5,2,0,3,1,0
131262,7,2,5,NULL,0,3,1,1
131263,8,1,5,4,0,3,1,0
131264,7,2,5,3,0,3,1,0
131266,8,1,5,NULL,0,2,0,1
131268,8,2,5,NULL,0,2,0,1
131269,9,1,5,4,1,2,0,0
131270,8,1,5,4,0,3,1,0
131271,7,1,5,3,0,4,1,0
131272,7,2,5,3,0,3,1,0
131273,8,2,5,4,0,3,1,0
131274,7,1,5,2,0,3,1,0
131277,9,1,7,4,0,4,1,0
131278,8,2,6,NULL,1,4,1,1
131279,9,1,6,4,0,3,1,0
131281,9,1,6,NULL,0,3,1,1
131282,9,2,6,4,0,4,1,0
131286,9,1,7,NULL,0,3,1,1
131289,9,1,7,4,0,4,1,0
131290,10,1,7,4,0,4,1,0
131291,9,1,7,3,0,3,1,0
131292,9,2,7,4,0,3,1,0
131294,10,2,7,4,0,4,1,0
131295,9,2,7,3,0,4,1,0
131297,9,1,7,4,1,2,0,0
131298,10,1,7,NULL,0,4,1,1
131299,10,2,7,NULL,1,3,1,1
131301,9,1,7,4,0,4,1,0
131302,9,2,7,NULL,1,3,1,1
131303,11,2,7,NULL,0,4,1,1
131304,10,2,7,3,0,1,0,0
131306,6,1,4,4,0,2,0,0
131307,8,1,5,4,0,4,1,0
131308,7,1,4,4,0,4,1,0
131309,8,1,5,3,0,4,1,0
131312,6,1,3,1,0,1,0,0
131313,6,1,3,NULL,1,4,1,1
131314,7,1,5,4,1,4,1,0
131316,9,1,6,4,0,4,1,0
131318,7,1,5,NULL,1,4,1,1
131319,11,2,7,1,1,2,0,0
131322,6,1,3,4,0,4,1,0
131326,3,1,1,3,0,4,1,0
131327,4,1,1,NULL,1,3,1,1
131328,3,1,1,4,1,2,0,0
131329,7,1,4,4,0,4,1,0
131331,11,1,1,1,0,1,0,0
131333,5,2,1,4,0,3,1,0
131334,6,2,3,NULL,1,3,1,1
131335,9,1,6,4,0,4,1,0
131337,6,2,3,4,0,1,0,0
131340,5,1,2,3,0,3,1,0
131341,4,2,1,NULL,0,1,0,1
131342,6,1,2,3,0,2,0,0
131344,3,2,1,4,0,4,1,0
131345,4,1,2,4,0,4,1,0
131346,1,2,7,NULL,0,4,1,1
131348,1,1,8,1,0,4,1,0
131349,5,2,3,2,0,2,0,0
131350,10,1,7,4,0,4,1,0
131351,4,1,1,4,0,4,1,0
131353,8,1,4,2,1,3,1,0
131356,5,2,1,NULL,1,4,1,1
131359,2,2,2,4,0,1,0,0
131360,9,2,7,2,0,2,0,0
131363,10,1,5,3,1,2,0,0
131365,8,2,7,3,1,4,1,0
131368,9,2,6,4,0,4,1,0
131369,5,1,2,4,0,4,1,0
131370,10,1,7,4,0,4,1,0
131371,11,1,8,NULL,1,2,0,1
131372,5,2,3,1,1,1,0,0
131373,8,1,6,4,0,4,1,0
131375,7,1,5,3,0,3,1,0
131378,11,2,7,2,0,4,1,0
131379,8,1,5,3,0,1,0,0
131380,10,1,7,4,0,4,1,0
131381,10,2,7,3,1,2,0,0
131382,11,2,7,4,0,1,0,0
131383,6,1,3,3,1,4,1,0
131385,5,2,3,3,1,2,0,0
131386,4,2,1,3,1,4,1,0
131388,5,2,2,4,0,3,1,0
131389,5,1,3,3,0,4,1,0
131391,9,1,6,4,0,1,0,0
131392,7,2,4,4,0,3,1,0
